ID,X,Y,Z_TOP,Z_BOTTOM,FE_PCT,SIO2_PCT
1,44693.7,8412.5,696.0,684.0,33.27,51.04
2,44701.5,8407.5,696.0,684.0,31.74,52.99
3,44708.7,8399.3,696.0,684.0,32.11,52.91
4,44716.7,8394.3,696.0,684.0,24.2,62.11
5,44724.7,8387.3,696.0,684.0,54.79,19.38
6,44732.2,8380.0,696.0,684.0,30.96,53.75
7,44739.9,8374.4,696.0,684.0,31.72,54.56
8,44747.6,8368.7,696.0,684.0,32.27,49.39
9,44755.9,8361.2,696.0,684.0,41.32,39.65
10,44762.3,8356.0,696.0,684.0,55.33,17.21
11,44770.3,8348.0,696.0,684.0,59.22,12.58
12,44778.0,8342.7,696.0,684.0,52.3,19.27
13,44786.3,8336.1,696.0,684.0,60.26,10.66
14,44793.8,8329.7,696.0,684.0,57.48,15.29
15,44801.1,8324.0,696.0,684.0,54.23,17.12
16,44808.3,8316.4,696.0,684.0,51.4,22.95
17,44818.0,8310.7,696.0,684.0,33.35,51.0
18,44822.3,8303.4,696.0,684.0,34.19,46.56
19,44832.0,8297.9,696.0,684.0,33.5,51.77
20,44841.3,8290.3,696.0,684.0,55.52,15.56
21,44848.5,8284.7,696.0,684.0,50.62,25.27
22,44853.5,8278.4,696.0,684.0,55.43,17.04
23,44863.3,8270.4,696.0,684.0,62.59,6.02
24,44869.4,8266.3,696.0,684.0,63.63,5.66
25,44877.3,8257.9,696.0,684.0,65.52,0.59
26,44885.5,8253.7,696.0,684.0,65.56,0.39
27,44893.0,8245.4,696.0,684.0,65.74,2.7
28,44900.6,8240.4,696.0,684.0,65.18,3.45
29,44909.2,8232.5,696.0,684.0,65.27,2.57
30,44916.7,8226.5,696.0,684.0,65.87,2.92
31,44922.9,8218.6,696.0,684.0,66.09,3.07
32,44688.6,8405.8,696.0,684.0,21.51,64.33
33,44696.5,8399.3,696.0,684.0,30.62,54.08
34,44702.8,8393.1,696.0,684.0,34.69,47.27
35,44709.7,8385.4,696.0,684.0,30.99,52.83
36,44718.0,8380.1,696.0,684.0,26.88,59.77
37,44725.9,8373.6,696.0,684.0,33.34,51.58
38,44735.0,8367.7,696.0,684.0,37.83,43.28
39,44740.9,8359.1,696.0,684.0,41.67,41.3
40,44748.8,8353.9,696.0,684.0,46.37,33.68
41,44756.7,8348.0,696.0,684.0,42.55,38.32
42,44763.7,8340.5,696.0,684.0,46.03,33.37
43,44770.4,8334.8,696.0,684.0,52.58,21.88
44,44779.9,8328.9,696.0,684.0,54.84,20.79
45,44788.2,8321.3,696.0,684.0,62.37,3.56
46,44794.7,8315.6,696.0,684.0,58.51,16.66
47,44802.7,8308.0,696.0,684.0,54.71,17.94
48,44809.6,8301.3,696.0,684.0,52.03,22.01
49,44816.9,8295.7,696.0,684.0,57.36,13.81
50,44827.1,8290.4,696.0,684.0,50.99,22.14
51,44834.5,8283.7,696.0,684.0,49.12,26.37
52,44840.7,8277.7,696.0,684.0,48.7,24.92
53,44847.2,8268.8,696.0,684.0,55.98,18.12
54,44854.6,8264.2,696.0,684.0,56.68,15.66
55,44864.4,8258.4,696.0,684.0,63.6,5.25
56,44872.9,8251.8,696.0,684.0,64.92,2.6
57,44880.1,8243.8,696.0,684.0,65.55,2.23
58,44887.3,8238.9,696.0,684.0,65.3,0.95
59,44894.9,8231.5,696.0,684.0,66.58,1.93
60,44901.8,8224.7,696.0,684.0,66.3,3.17
61,44909.5,8220.6,696.0,684.0,63.98,3.14
62,44917.1,8212.8,696.0,684.0,65.52,2.4
63,44681.2,8397.6,696.0,684.0,40.56,42.64
64,44688.4,8390.5,696.0,684.0,40.43,39.24
65,44695.7,8385.4,696.0,684.0,32.1,51.81
66,44704.1,8380.3,696.0,684.0,40.97,39.73
67,44713.6,8371.9,696.0,684.0,43.47,36.43
68,44720.0,8367.3,696.0,684.0,44.15,33.38
69,44726.4,8359.9,696.0,684.0,46.44,29.99
70,44734.9,8352.6,696.0,684.0,38.22,43.52
71,44742.8,8346.9,696.0,684.0,39.88,43.01
72,44750.6,8339.2,696.0,684.0,32.97,52.46
73,44759.0,8333.2,696.0,684.0,41.46,39.0
74,44765.2,8327.0,696.0,684.0,46.57,31.67
75,44773.0,8320.9,696.0,684.0,53.73,21.76
76,44781.0,8315.2,696.0,684.0,56.17,17.05
77,44787.9,8307.8,696.0,684.0,53.87,20.92
78,44797.0,8301.3,696.0,684.0,66.15,0.28
79,44801.9,8296.2,696.0,684.0,52.82,18.85
80,44810.8,8288.8,696.0,684.0,55.57,17.65
81,44819.2,8282.2,696.0,684.0,55.11,18.68
82,44826.5,8277.2,696.0,684.0,51.95,22.39
83,44834.4,8269.7,696.0,684.0,49.41,23.68
84,44843.2,8262.2,696.0,684.0,57.22,15.13
85,44850.0,8257.3,696.0,684.0,57.88,15.58
86,44856.9,8250.2,696.0,684.0,54.59,14.96
87,44864.3,8244.6,696.0,684.0,64.7,5.52
88,44872.8,8236.8,696.0,684.0,65.03,3.09
89,44878.1,8231.2,696.0,684.0,65.38,2.64
90,44888.1,8225.0,696.0,684.0,65.79,2.36
91,44895.7,8218.9,696.0,684.0,65.05,2.55
92,44902.7,8211.9,696.0,684.0,63.63,0.82
93,44912.0,8204.2,696.0,684.0,63.27,2.39
94,44673.9,8390.6,696.0,684.0,43.39,34.08
95,44681.8,8384.7,696.0,684.0,46.31,30.97
96,44688.8,8377.6,696.0,684.0,48.92,27.6
97,44698.7,8370.2,696.0,684.0,44.77,32.94
98,44706.0,8364.9,696.0,684.0,41.25,36.35
99,44713.1,8358.6,696.0,684.0,44.5,34.11
100,44722.5,8352.9,696.0,684.0,44.23,33.33
101,44729.2,8345.9,696.0,684.0,44.99,32.53
102,44736.3,8337.9,696.0,684.0,46.26,29.91
103,44743.3,8332.8,696.0,684.0,39.35,41.65
104,44751.4,8326.0,696.0,684.0,35.59,49.71
105,44759.5,8319.0,696.0,684.0,38.07,44.2
106,44766.7,8313.4,696.0,684.0,36.38,46.06
107,44775.3,8307.1,696.0,684.0,47.53,31.87
108,44782.7,8299.3,696.0,684.0,52.48,23.17
109,44790.8,8294.1,696.0,684.0,49.2,25.29
110,44798.5,8287.0,696.0,684.0,44.46,36.3
111,44805.7,8281.5,696.0,684.0,47.8,28.68
112,44812.7,8274.2,696.0,684.0,44.99,31.78
113,44819.6,8268.9,696.0,684.0,46.17,31.47
114,44828.4,8261.6,696.0,684.0,44.9,31.78
115,44835.2,8256.2,696.0,684.0,46.48,30.76
116,44843.4,8249.7,696.0,684.0,43.1,34.65
117,44850.4,8241.5,696.0,684.0,44.78,30.71
118,44857.8,8236.7,696.0,684.0,58.05,13.96
119,44865.6,8229.4,696.0,684.0,59.4,11.28
120,44874.5,8223.6,696.0,684.0,65.88,3.55
121,44881.9,8217.3,696.0,684.0,65.05,2.92
122,44890.2,8210.4,696.0,684.0,64.62,1.86
123,44896.6,8204.9,696.0,684.0,66.16,3.13
124,44904.8,8198.9,696.0,684.0,64.27,2.65
125,44669.2,8383.7,696.0,684.0,56.76,18.05
126,44674.9,8376.8,696.0,684.0,45.77,33.98
127,44683.6,8370.5,696.0,684.0,42.34,35.02
128,44691.4,8364.5,696.0,684.0,43.03,34.93
129,44699.1,8358.0,696.0,684.0,45.21,32.54
130,44706.1,8350.2,696.0,684.0,45.34,31.16
131,44714.6,8343.6,696.0,684.0,46.84,29.45
132,44723.8,8338.1,696.0,684.0,46.13,31.25
133,44730.2,8331.7,696.0,684.0,45.0,31.92
134,44736.0,8324.4,696.0,684.0,47.33,29.76
135,44745.1,8319.3,696.0,684.0,48.13,28.6
136,44753.4,8311.9,696.0,684.0,40.78,40.49
137,44760.6,8304.5,696.0,684.0,55.21,18.05
138,44768.0,8298.9,696.0,684.0,58.17,14.37
139,44776.0,8292.0,696.0,684.0,48.35,31.64
140,44782.4,8287.7,696.0,684.0,46.74,31.5
141,44790.6,8280.4,696.0,684.0,51.94,26.04
142,44798.9,8273.1,696.0,684.0,46.29,31.66
143,44808.2,8267.3,696.0,684.0,44.8,32.9
144,44813.3,8261.0,696.0,684.0,52.26,23.31
145,44820.5,8253.2,696.0,684.0,48.64,25.95
146,44830.2,8248.2,696.0,684.0,48.67,26.52
147,44837.2,8241.3,696.0,684.0,51.75,23.89
148,44844.9,8234.2,696.0,684.0,48.56,25.53
149,44852.2,8229.1,696.0,684.0,57.45,11.59
150,44859.6,8222.6,696.0,684.0,66.05,1.87
151,44867.3,8215.6,696.0,684.0,62.71,6.59
152,44874.9,8209.7,696.0,684.0,65.73,0.99
153,44883.9,8202.1,696.0,684.0,65.5,2.62
154,44889.8,8195.4,696.0,684.0,65.84,1.92
155,44897.2,8190.3,696.0,684.0,67.01,2.71
156,44663.2,8373.0,696.0,684.0,45.15,33.4
157,44668.8,8369.1,696.0,684.0,42.36,34.0
158,44676.4,8362.2,696.0,684.0,42.56,35.22
159,44685.2,8355.0,696.0,684.0,44.99,31.01
160,44693.1,8349.5,696.0,684.0,47.46,29.26
161,44699.9,8342.9,696.0,684.0,47.81,29.71
162,44707.2,8336.8,696.0,684.0,45.4,28.11
163,44714.4,8328.7,696.0,684.0,47.9,27.63
164,44724.8,8322.2,696.0,684.0,48.18,28.18
165,44730.9,8316.7,696.0,684.0,46.0,28.45
166,44738.6,8310.4,696.0,684.0,47.45,29.73
167,44747.3,8304.4,696.0,684.0,52.9,23.46
168,44753.4,8297.9,696.0,684.0,56.54,19.58
169,44762.3,8290.4,696.0,684.0,57.33,15.72
170,44769.7,8284.0,696.0,684.0,60.82,12.58
171,44777.1,8279.6,696.0,684.0,56.62,17.15
172,44785.4,8273.2,696.0,684.0,49.86,28.14
173,44791.2,8266.2,696.0,684.0,43.46,33.59
174,44799.3,8259.3,696.0,684.0,39.13,45.02
175,44808.5,8251.2,696.0,684.0,52.51,23.93
176,44814.8,8247.8,696.0,684.0,51.61,23.62
177,44822.6,8240.6,696.0,684.0,49.57,26.86
178,44829.4,8233.6,696.0,684.0,47.43,28.95
179,44837.9,8226.6,696.0,684.0,53.83,22.69
180,44844.9,8220.3,696.0,684.0,59.13,9.03
181,44853.0,8212.7,696.0,684.0,65.32,1.75
182,44862.7,8207.3,696.0,684.0,64.51,2.31
183,44868.2,8201.4,696.0,684.0,66.03,3.38
184,44875.6,8194.4,696.0,684.0,66.14,2.54
185,44885.1,8188.0,696.0,684.0,66.24,1.12
186,44891.1,8181.8,696.0,684.0,65.78,3.41
187,44654.9,8367.7,696.0,684.0,45.08,32.08
188,44664.5,8360.8,696.0,684.0,44.91,33.25
189,44672.0,8353.6,696.0,684.0,40.52,37.75
190,44678.3,8347.7,696.0,684.0,42.42,33.02
191,44685.9,8342.1,696.0,684.0,46.81,31.9
192,44693.8,8334.3,696.0,684.0,45.53,32.2
193,44700.2,8327.8,696.0,684.0,44.25,32.95
194,44710.7,8321.8,696.0,684.0,49.24,28.47
195,44716.8,8315.4,696.0,684.0,50.82,25.72
196,44723.8,8309.5,696.0,684.0,50.85,25.14
197,44732.5,8301.9,696.0,684.0,49.17,28.05
198,44739.2,8295.9,696.0,684.0,53.15,20.93
199,44746.7,8290.7,696.0,684.0,52.35,24.07
200,44756.0,8281.8,696.0,684.0,52.58,22.42
201,44761.2,8276.8,696.0,684.0,51.48,23.65
202,44770.4,8271.2,696.0,684.0,42.41,39.77
203,44777.8,8265.0,696.0,684.0,55.05,19.75
204,44785.6,8259.4,696.0,684.0,50.2,26.5
205,44792.7,8251.5,696.0,684.0,50.68,24.09
206,44800.9,8246.1,696.0,684.0,51.26,24.47
207,44807.9,8239.1,696.0,684.0,49.71,25.76
208,44815.4,8232.8,696.0,684.0,47.36,30.11
209,44824.4,8226.4,696.0,684.0,50.54,26.98
210,44831.7,8220.0,696.0,684.0,52.04,22.02
211,44841.0,8213.6,696.0,684.0,62.2,10.97
212,44846.5,8206.2,696.0,684.0,66.47,2.69
213,44854.3,8201.0,696.0,684.0,65.26,3.72
214,44863.1,8194.0,696.0,684.0,67.7,1.9
215,44870.5,8186.5,696.0,684.0,68.04,2.4
216,44878.1,8181.3,696.0,684.0,64.39,1.63
217,44885.6,8173.7,696.0,684.0,65.19,2.83
218,44647.5,8359.4,696.0,684.0,47.65,27.76
219,44657.8,8353.6,696.0,684.0,45.81,32.0
220,44664.5,8346.2,696.0,684.0,45.53,32.52
221,44672.4,8339.0,696.0,684.0,45.35,32.22
222,44679.3,8334.6,696.0,684.0,45.56,33.73
223,44687.7,8327.7,696.0,684.0,45.38,33.56
224,44696.2,8321.6,696.0,684.0,43.44,32.08
225,44702.1,8314.5,696.0,684.0,45.06,32.32
226,44711.4,8308.6,696.0,684.0,49.05,28.72
227,44718.5,8301.8,696.0,684.0,50.73,24.37
228,44725.9,8296.1,696.0,684.0,49.69,25.1
229,44733.5,8287.7,696.0,684.0,47.72,28.37
230,44739.7,8283.3,696.0,684.0,52.91,21.33
231,44750.1,8275.3,696.0,684.0,58.04,12.94
232,44756.7,8271.2,696.0,684.0,58.31,14.0
233,44764.6,8264.2,696.0,684.0,44.02,34.51
234,44772.3,8257.9,696.0,684.0,49.83,24.73
235,44779.3,8250.0,696.0,684.0,52.44,21.16
236,44787.1,8243.9,696.0,684.0,54.56,23.18
237,44795.0,8235.9,696.0,684.0,50.42,26.7
238,44802.1,8231.6,696.0,684.0,50.0,24.38
239,44809.6,8225.3,696.0,684.0,51.16,24.33
240,44817.0,8217.9,696.0,684.0,51.66,22.21
241,44824.6,8214.0,696.0,684.0,55.41,19.08
242,44831.1,8204.1,696.0,684.0,65.18,6.01
243,44840.1,8199.7,696.0,684.0,66.14,2.11
244,44847.5,8193.0,696.0,684.0,65.8,1.95
245,44855.5,8184.8,696.0,684.0,66.6,3.83
246,44863.5,8179.4,696.0,684.0,65.36,2.98
247,44871.2,8171.8,696.0,684.0,65.27,1.89
248,44877.7,8166.7,696.0,684.0,66.66,3.65
249,44642.0,8353.0,696.0,684.0,49.09,24.95
250,44649.6,8346.6,696.0,684.0,48.25,25.92
251,44657.8,8339.6,696.0,684.0,46.7,29.75
252,44666.8,8332.7,696.0,684.0,46.49,28.95
253,44673.6,8326.5,696.0,684.0,45.42,30.83
254,44680.1,8319.5,696.0,684.0,45.66,30.21
255,44689.6,8313.4,696.0,684.0,48.13,28.27
256,44698.2,8306.7,696.0,684.0,47.29,30.87
257,44703.6,8300.4,696.0,684.0,48.58,28.4
258,44712.9,8294.3,696.0,684.0,48.51,27.79
259,44718.6,8289.1,696.0,684.0,50.26,25.97
260,44727.6,8281.7,696.0,684.0,50.67,25.22
261,44737.3,8273.1,696.0,684.0,54.82,18.13
262,44742.2,8268.4,696.0,684.0,56.04,20.06
263,44750.4,8261.8,696.0,684.0,52.95,21.59
264,44757.1,8254.6,696.0,684.0,52.28,23.44
265,44764.8,8249.3,696.0,684.0,54.98,20.07
266,44772.8,8242.8,696.0,684.0,52.02,23.03
267,44779.0,8235.7,696.0,684.0,49.67,25.74
268,44788.1,8231.3,696.0,684.0,54.11,18.24
269,44796.0,8223.9,696.0,684.0,54.9,16.53
270,44801.6,8218.5,696.0,684.0,61.27,9.86
271,44810.8,8211.2,696.0,684.0,55.5,13.99
272,44818.7,8205.1,696.0,684.0,58.32,11.47
273,44827.4,8196.7,696.0,684.0,61.82,8.59
274,44833.9,8192.6,696.0,684.0,66.9,2.4
275,44843.1,8185.1,696.0,684.0,67.66,1.07
276,44848.2,8179.2,696.0,684.0,66.65,2.1
277,44856.8,8172.3,696.0,684.0,67.2,0.79
278,44864.8,8166.3,696.0,684.0,67.16,0.58
279,44873.9,8158.6,696.0,684.0,67.65,1.54
280,44636.8,8344.1,696.0,684.0,48.72,26.46
281,44646.0,8338.0,696.0,684.0,48.7,24.8
282,44653.2,8331.5,696.0,684.0,49.6,23.69
283,44658.8,8325.7,696.0,684.0,49.28,26.02
284,44667.1,8318.9,696.0,684.0,48.78,26.5
285,44673.3,8312.0,696.0,684.0,49.36,21.56
286,44683.3,8304.9,696.0,684.0,50.16,21.22
287,44689.0,8299.2,696.0,684.0,46.44,30.54
288,44697.4,8292.7,696.0,684.0,46.32,30.78
289,44705.2,8287.6,696.0,684.0,48.07,26.53
290,44713.2,8281.7,696.0,684.0,50.63,27.13
291,44720.8,8272.4,696.0,684.0,49.35,26.98
292,44728.0,8266.9,696.0,684.0,52.02,22.43
293,44735.4,8260.4,696.0,684.0,51.01,25.93
294,44743.8,8253.2,696.0,684.0,51.85,24.46
295,44750.6,8249.6,696.0,684.0,47.53,28.6
296,44758.0,8242.8,696.0,684.0,53.83,19.79
297,44766.0,8235.9,696.0,684.0,49.97,24.16
298,44773.6,8228.7,696.0,684.0,48.94,28.57
299,44781.5,8222.0,696.0,684.0,57.35,15.95
300,44789.7,8215.1,696.0,684.0,55.91,18.7
301,44797.4,8209.5,696.0,684.0,57.47,14.87
302,44805.5,8201.2,696.0,684.0,56.65,10.72
303,44812.0,8197.2,696.0,684.0,61.45,9.04
304,44819.0,8191.2,696.0,684.0,62.24,7.14
305,44827.8,8183.9,696.0,684.0,65.26,3.58
306,44835.6,8176.9,696.0,684.0,47.74,29.62
307,44842.0,8171.1,696.0,684.0,66.23,1.75
308,44850.6,8164.2,696.0,684.0,65.96,1.32
309,44859.2,8157.3,696.0,684.0,68.86,2.15
310,44865.3,8151.4,696.0,684.0,67.44,2.41
311,44629.0,8338.3,696.0,684.0,47.58,26.05
312,44638.8,8330.6,696.0,684.0,48.34,24.49
313,44645.3,8323.4,696.0,684.0,52.58,22.51
314,44651.7,8315.5,696.0,684.0,51.8,20.06
315,44661.1,8310.9,696.0,684.0,48.46,25.64
316,44668.1,8305.4,696.0,684.0,52.36,24.22
317,44675.4,8298.6,696.0,684.0,47.85,27.08
318,44683.1,8291.4,696.0,684.0,50.52,25.92
319,44692.2,8286.2,696.0,684.0,49.7,28.75
320,44699.4,8279.1,696.0,684.0,54.69,21.32
321,44707.1,8272.4,696.0,684.0,53.2,19.44
322,44713.3,8266.4,696.0,684.0,56.83,16.58
323,44721.1,8258.8,696.0,684.0,54.84,19.26
324,44730.4,8252.0,696.0,684.0,49.56,24.64
325,44737.2,8247.4,696.0,684.0,49.53,24.34
326,44744.3,8239.7,696.0,684.0,48.26,28.53
327,44752.8,8234.4,696.0,684.0,55.61,16.44
328,44760.0,8227.6,696.0,684.0,50.14,20.23
329,44768.0,8220.5,696.0,684.0,57.04,11.7
330,44774.8,8216.2,696.0,684.0,58.2,13.64
331,44782.7,8209.7,696.0,684.0,63.09,7.17
332,44791.2,8201.5,696.0,684.0,61.34,7.27
333,44796.8,8195.5,696.0,684.0,58.32,10.24
334,44805.8,8188.4,696.0,684.0,47.21,27.14
335,44813.8,8181.3,696.0,684.0,67.02,0.96
336,44821.7,8176.3,696.0,684.0,66.72,2.52
337,44829.3,8168.3,696.0,684.0,60.24,10.74
338,44837.8,8163.1,696.0,684.0,61.84,8.8
339,44844.2,8156.4,696.0,684.0,66.67,0.94
340,44852.5,8152.4,696.0,684.0,68.06,0.99
341,44860.8,8144.7,696.0,684.0,65.02,6.34
342,44623.8,8329.5,696.0,684.0,48.55,24.55
343,44631.4,8322.8,696.0,684.0,48.18,24.1
344,44637.6,8316.1,696.0,684.0,49.64,23.73
345,44647.2,8309.3,696.0,684.0,50.07,22.68
346,44653.7,8304.6,696.0,684.0,50.27,22.28
347,44661.8,8297.2,696.0,684.0,52.62,19.42
348,44670.0,8290.0,696.0,684.0,50.43,22.92
349,44677.4,8283.8,696.0,684.0,47.52,28.36
350,44684.1,8277.5,696.0,684.0,50.04,24.96
351,44693.2,8270.8,696.0,684.0,53.19,20.75
352,44700.3,8264.7,696.0,684.0,56.84,15.83
353,44707.0,8258.5,696.0,684.0,64.11,5.81
354,44716.1,8252.6,696.0,684.0,65.1,4.74
355,44722.4,8246.4,696.0,684.0,53.37,19.06
356,44730.5,8239.6,696.0,684.0,48.28,27.44
357,44738.4,8232.7,696.0,684.0,52.63,20.59
358,44746.2,8224.9,696.0,684.0,54.14,16.78
359,44753.4,8220.1,696.0,684.0,54.15,16.55
360,44761.3,8213.1,696.0,684.0,53.28,17.2
361,44769.7,8207.2,696.0,684.0,63.3,4.09
362,44775.7,8200.2,696.0,684.0,62.12,5.21
363,44783.6,8196.1,696.0,684.0,60.62,9.56
364,44790.6,8187.4,696.0,684.0,66.68,2.22
365,44800.3,8181.5,696.0,684.0,65.95,2.87
366,44808.2,8174.2,696.0,684.0,65.29,1.46
367,44814.5,8167.4,696.0,684.0,65.54,2.14
368,44822.4,8162.1,696.0,684.0,65.2,4.13
369,44831.8,8155.6,696.0,684.0,32.9,51.0
370,44837.3,8148.9,696.0,684.0,63.53,5.31
371,44844.9,8143.3,696.0,684.0,66.42,3.25
372,44854.3,8135.8,696.0,684.0,63.77,9.85
373,44614.4,8322.2,696.0,684.0,51.19,21.51
374,44624.6,8314.0,696.0,684.0,52.51,20.07
375,44633.8,8307.2,696.0,684.0,52.35,20.87
376,44641.0,8302.3,696.0,684.0,49.5,23.81
377,44646.9,8296.0,696.0,684.0,52.65,18.55
378,44655.8,8288.6,696.0,684.0,46.67,27.28
379,44664.0,8283.9,696.0,684.0,49.24,23.49
380,44668.8,8275.4,696.0,684.0,48.34,24.89
381,44678.2,8269.9,696.0,684.0,50.23,25.69
382,44685.2,8262.9,696.0,684.0,52.0,23.47
383,44693.1,8256.6,696.0,684.0,61.43,9.89
384,44701.5,8251.7,696.0,684.0,60.7,10.1
385,44707.3,8244.8,696.0,684.0,64.31,3.31
386,44715.6,8237.9,696.0,684.0,64.76,4.82
387,44724.2,8232.6,696.0,684.0,56.2,14.43
388,44732.7,8225.6,696.0,684.0,55.35,14.98
389,44740.2,8217.9,696.0,684.0,54.89,14.78
390,44747.3,8213.4,696.0,684.0,56.16,13.92
391,44754.5,8204.8,696.0,684.0,60.48,9.48
392,44763.5,8201.1,696.0,684.0,64.17,3.15
393,44770.4,8193.3,696.0,684.0,66.74,2.21
394,44777.6,8187.2,696.0,684.0,64.8,3.85
395,44785.7,8180.6,696.0,684.0,67.78,2.33
396,44793.5,8174.4,696.0,684.0,65.98,1.91
397,44800.5,8167.5,696.0,684.0,65.11,1.76
398,44808.3,8159.2,696.0,684.0,67.28,1.51
399,44816.4,8154.4,696.0,684.0,67.77,2.58
400,44824.4,8147.7,696.0,684.0,66.21,1.96
401,44831.5,8142.6,696.0,684.0,67.98,1.23
402,44840.0,8135.1,696.0,684.0,45.39,33.36
403,44846.4,8128.7,696.0,684.0,65.96,4.99
404,44609.7,8312.6,696.0,684.0,54.14,15.37
405,44617.6,8308.1,696.0,684.0,53.16,19.35
406,44625.5,8302.0,696.0,684.0,51.0,22.18
407,44634.2,8295.7,696.0,684.0,50.92,24.2
408,44641.1,8289.3,696.0,684.0,52.68,20.75
409,44647.6,8281.1,696.0,684.0,48.94,27.75
410,44656.6,8273.6,696.0,684.0,53.1,22.02
411,44663.7,8267.1,696.0,684.0,53.94,19.24
412,44672.0,8261.1,696.0,684.0,55.72,15.97
413,44680.1,8254.8,696.0,684.0,57.49,15.17
414,44688.9,8248.9,696.0,684.0,60.1,10.47
415,44696.1,8242.7,696.0,684.0,66.56,0.45
416,44702.7,8236.7,696.0,684.0,67.13,2.29
417,44708.9,8230.2,696.0,684.0,66.45,3.72
418,44718.1,8223.9,696.0,684.0,63.65,4.68
419,44727.1,8217.5,696.0,684.0,63.73,2.69
420,44734.2,8211.0,696.0,684.0,62.41,2.09
421,44740.6,8204.3,696.0,684.0,63.38,3.13
422,44749.5,8199.1,696.0,684.0,62.23,2.31
423,44755.3,8191.4,696.0,684.0,62.71,1.45
424,44765.3,8184.6,696.0,684.0,63.64,1.8
425,44770.3,8179.9,696.0,684.0,64.84,4.34
426,44779.3,8172.8,696.0,684.0,63.69,6.58
427,44787.2,8164.9,696.0,684.0,66.18,1.95
428,44794.3,8160.0,696.0,684.0,67.97,0.84
429,44801.8,8152.6,696.0,684.0,67.38,0.95
430,44810.1,8147.4,696.0,684.0,66.22,2.53
431,44818.7,8140.6,696.0,684.0,66.36,2.67
432,44825.0,8132.8,696.0,684.0,55.49,22.11
433,44833.2,8126.6,696.0,684.0,68.63,1.11
434,44840.1,8119.5,696.0,684.0,67.22,1.26
435,44605.1,8305.9,696.0,684.0,55.66,13.97
436,44612.9,8299.3,696.0,684.0,53.97,19.75
437,44619.8,8293.5,696.0,684.0,53.36,16.67
438,44625.2,8286.8,696.0,684.0,51.81,19.59
439,44634.4,8280.3,696.0,684.0,52.65,22.24
440,44642.3,8275.5,696.0,684.0,49.92,24.23
441,44650.4,8267.5,696.0,684.0,53.39,19.84
442,44658.5,8260.8,696.0,684.0,55.72,16.64
443,44666.3,8254.8,696.0,684.0,60.28,13.24
444,44673.1,8247.5,696.0,684.0,57.32,14.03
445,44679.8,8240.7,696.0,684.0,62.17,9.14
446,44688.7,8235.0,696.0,684.0,64.21,3.73
447,44695.8,8228.9,696.0,684.0,66.56,4.75
448,44704.0,8221.9,696.0,684.0,66.37,2.63
449,44711.0,8215.1,696.0,684.0,64.28,1.75
450,44720.1,8209.7,696.0,684.0,64.36,4.3
451,44728.4,8202.9,696.0,684.0,64.7,1.84
452,44733.1,8195.8,696.0,684.0,62.06,3.33
453,44742.8,8191.0,696.0,684.0,64.07,0.67
454,44749.7,8183.5,696.0,684.0,64.39,2.69
455,44757.0,8177.1,696.0,684.0,65.58,2.88
456,44765.8,8170.5,696.0,684.0,65.14,3.25
457,44772.0,8165.5,696.0,684.0,64.41,2.18
458,44779.1,8158.4,696.0,684.0,64.73,1.57
459,44788.3,8152.6,696.0,684.0,49.89,26.02
460,44794.7,8146.5,696.0,684.0,61.15,9.99
461,44803.8,8138.1,696.0,684.0,63.27,7.86
462,44811.6,8132.7,696.0,684.0,40.83,41.41
463,44820.0,8125.6,696.0,684.0,51.09,24.4
464,44825.6,8119.8,696.0,684.0,62.78,7.02
465,44834.0,8114.9,696.0,684.0,63.7,4.82
466,44599.2,8299.1,696.0,684.0,60.77,10.93
467,44605.8,8291.8,696.0,684.0,55.27,17.99
468,44612.6,8285.9,696.0,684.0,55.57,15.71
469,44621.2,8280.2,696.0,684.0,54.79,18.74
470,44628.2,8273.0,696.0,684.0,52.83,19.61
471,44634.0,8264.9,696.0,684.0,52.45,19.61
472,44644.1,8259.8,696.0,684.0,54.15,16.37
473,44650.9,8253.2,696.0,684.0,58.55,13.3
474,44659.6,8246.9,696.0,684.0,56.98,13.97
475,44666.5,8239.7,696.0,684.0,59.08,11.6
476,44674.3,8233.7,696.0,684.0,60.47,10.13
477,44681.1,8227.1,696.0,684.0,65.24,4.35
478,44692.3,8219.3,696.0,684.0,62.47,2.47
479,44696.1,8214.9,696.0,684.0,67.27,1.53
480,44705.5,8208.8,696.0,684.0,62.6,4.51
481,44712.3,8201.9,696.0,684.0,64.55,0.85
482,44719.4,8196.0,696.0,684.0,64.07,0.48
483,44728.6,8190.0,696.0,684.0,62.21,1.88
484,44734.8,8182.2,696.0,684.0,62.11,2.3
485,44742.8,8176.1,696.0,684.0,62.77,1.01
486,44751.2,8170.3,696.0,684.0,65.85,1.32
487,44759.1,8163.8,696.0,684.0,65.86,1.29
488,44767.4,8155.3,696.0,684.0,65.26,0.72
489,44773.4,8151.7,696.0,684.0,61.87,5.85
490,44781.5,8145.0,696.0,684.0,62.93,3.57
491,44789.1,8138.0,696.0,684.0,62.01,8.2
492,44798.2,8131.0,696.0,684.0,64.55,1.57
493,44806.0,8125.3,696.0,684.0,66.28,1.86
494,44812.1,8118.9,696.0,684.0,65.28,2.36
495,44819.1,8111.7,696.0,684.0,65.81,1.71
496,44827.9,8105.3,696.0,684.0,64.58,4.05
497,44591.6,8289.2,696.0,684.0,60.41,8.84
498,44597.8,8282.6,696.0,684.0,58.12,12.65
499,44606.7,8276.7,696.0,684.0,54.95,17.03
500,44614.0,8270.7,696.0,684.0,54.66,19.76
501,44622.8,8265.1,696.0,684.0,52.22,22.81
502,44629.9,8258.8,696.0,684.0,55.03,18.32
503,44637.3,8251.2,696.0,684.0,56.7,13.62
504,44645.4,8245.9,696.0,684.0,60.15,9.32
505,44652.8,8239.4,696.0,684.0,61.41,6.25
506,44660.6,8235.0,696.0,684.0,61.32,9.0
507,44667.9,8227.3,696.0,684.0,64.46,3.53
508,44675.5,8218.6,696.0,684.0,65.7,2.15
509,44685.1,8213.1,696.0,684.0,63.16,5.46
510,44690.6,8205.4,696.0,684.0,64.38,2.28
511,44698.6,8200.5,696.0,684.0,63.4,0.69
512,44706.7,8193.2,696.0,684.0,64.82,1.36
513,44712.5,8187.2,696.0,684.0,63.76,2.35
514,44721.3,8182.0,696.0,684.0,62.78,3.68
515,44729.3,8175.2,696.0,684.0,62.03,2.34
516,44736.5,8168.9,696.0,684.0,62.14,1.82
517,44744.9,8163.2,696.0,684.0,64.29,2.28
518,44752.9,8155.5,696.0,684.0,66.1,1.59
519,44759.1,8148.7,696.0,684.0,65.25,3.06
520,44767.4,8142.5,696.0,684.0,60.96,6.29
521,44773.2,8136.0,696.0,684.0,64.61,3.36
522,44782.8,8130.3,696.0,684.0,63.71,4.52
523,44789.5,8123.0,696.0,684.0,64.3,1.33
524,44798.1,8117.7,696.0,684.0,63.97,2.07
525,44805.0,8110.8,696.0,684.0,64.72,5.08
526,44812.9,8104.1,696.0,684.0,64.25,4.15
527,44821.7,8098.9,696.0,684.0,55.15,17.35
528,44584.6,8283.0,696.0,684.0,59.7,10.67
529,44592.1,8276.2,696.0,684.0,59.03,11.67
530,44599.6,8271.2,696.0,684.0,54.77,14.1
531,44608.9,8263.5,696.0,684.0,55.01,15.09
532,44615.5,8256.5,696.0,684.0,57.27,12.86
533,44623.7,8249.6,696.0,684.0,58.64,13.52
534,44632.2,8245.9,696.0,684.0,58.97,11.54
535,44639.7,8239.7,696.0,684.0,61.36,7.15
536,44646.9,8231.0,696.0,684.0,63.89,6.77
537,44653.2,8225.4,696.0,684.0,64.51,5.58
538,44661.8,8219.2,696.0,684.0,63.86,2.83
539,44668.7,8211.9,696.0,684.0,64.07,1.34
540,44676.1,8206.3,696.0,684.0,66.76,1.44
541,44684.3,8199.1,696.0,684.0,66.47,1.73
542,44691.1,8193.0,696.0,684.0,66.56,2.4
543,44700.8,8187.5,696.0,684.0,67.6,1.13
544,44707.7,8181.7,696.0,684.0,65.25,1.61
545,44714.4,8173.3,696.0,684.0,63.64,2.41
546,44722.0,8167.7,696.0,684.0,64.8,2.1
547,44732.4,8159.9,696.0,684.0,65.8,1.98
548,44739.1,8154.2,696.0,684.0,65.13,2.74
549,44746.4,8147.9,696.0,684.0,62.19,2.92
550,44754.1,8142.7,696.0,684.0,64.02,2.79
551,44760.7,8134.9,696.0,684.0,65.06,2.43
552,44769.4,8127.8,696.0,684.0,63.72,1.96
553,44775.3,8122.4,696.0,684.0,62.01,1.41
554,44782.6,8115.2,696.0,684.0,64.24,2.42
555,44792.2,8110.6,696.0,684.0,63.24,2.89
556,44798.2,8101.6,696.0,684.0,62.23,3.04
557,44806.8,8097.5,696.0,684.0,62.33,6.14
558,44815.0,8091.1,696.0,684.0,66.26,1.54
559,44577.7,8275.2,696.0,684.0,65.2,3.38
560,44586.3,8267.8,696.0,684.0,55.31,15.57
561,44594.5,8261.9,696.0,684.0,58.1,11.21
562,44599.6,8255.9,696.0,684.0,58.07,7.95
563,44609.8,8248.3,696.0,684.0,59.74,4.27
564,44616.9,8242.7,696.0,684.0,60.9,4.52
565,44623.4,8237.5,696.0,684.0,63.28,0.56
566,44634.0,8230.4,696.0,684.0,62.91,3.58
567,44640.0,8223.9,696.0,684.0,62.61,6.65
568,44647.1,8218.4,696.0,684.0,64.09,3.29
569,44655.7,8210.8,696.0,684.0,63.1,1.5
570,44662.5,8202.7,696.0,684.0,63.27,3.17
571,44669.4,8198.5,696.0,684.0,66.95,1.73
572,44678.7,8192.8,696.0,684.0,66.64,0.57
573,44684.5,8186.0,696.0,684.0,65.12,1.74
574,44692.8,8178.7,696.0,684.0,64.7,0.79
575,44701.3,8174.1,696.0,684.0,66.46,1.64
576,44708.2,8167.9,696.0,684.0,66.29,1.87
577,44716.4,8159.4,696.0,684.0,59.99,9.05
578,44723.9,8153.0,696.0,684.0,65.55,1.99
579,44732.7,8148.1,696.0,684.0,64.92,1.76
580,44739.1,8139.9,696.0,684.0,63.53,1.75
581,44746.4,8133.6,696.0,684.0,65.19,2.32
582,44755.3,8127.7,696.0,684.0,62.27,2.78
583,44762.9,8121.4,696.0,684.0,61.52,3.26
584,44770.4,8113.6,696.0,684.0,63.53,2.4
585,44778.3,8107.9,696.0,684.0,62.0,2.23
586,44785.0,8101.8,696.0,684.0,63.89,2.53
587,44793.0,8094.4,696.0,684.0,63.28,2.7
588,44799.9,8088.3,696.0,684.0,63.53,2.46
589,44809.9,8082.6,696.0,684.0,61.76,5.95
590,44573.2,8267.2,696.0,684.0,66.67,2.01
591,44579.4,8261.3,696.0,684.0,67.42,1.43
592,44585.8,8255.0,696.0,684.0,64.87,1.53
593,44594.5,8248.3,696.0,684.0,61.83,0.74
594,44602.5,8241.9,696.0,684.0,62.08,3.66
595,44608.4,8236.1,696.0,684.0,62.49,5.58
596,44617.9,8230.1,696.0,684.0,64.73,0.78
597,44624.9,8222.8,696.0,684.0,64.67,2.12
598,44633.5,8215.6,696.0,684.0,62.4,8.06
599,44638.7,8210.6,696.0,684.0,67.93,1.88
600,44648.2,8203.9,696.0,684.0,63.94,2.42
601,44655.1,8197.1,696.0,684.0,65.26,0.1
602,44663.5,8191.3,696.0,684.0,66.29,2.48
603,44671.7,8184.0,696.0,684.0,67.5,1.16
604,44677.6,8177.9,696.0,684.0,64.38,2.12
605,44687.1,8171.4,696.0,684.0,65.45,2.52
606,44694.8,8164.8,696.0,684.0,64.55,1.33
607,44703.9,8157.4,696.0,684.0,61.73,5.28
608,44708.8,8152.3,696.0,684.0,61.77,5.24
609,44718.6,8145.8,696.0,684.0,63.15,3.68
610,44724.9,8138.5,696.0,684.0,61.5,2.65
611,44733.4,8131.1,696.0,684.0,62.78,2.54
612,44741.7,8125.8,696.0,684.0,64.96,1.98
613,44748.8,8120.0,696.0,684.0,62.7,1.24
614,44755.8,8111.5,696.0,684.0,61.69,1.73
615,44763.1,8107.1,696.0,684.0,63.84,2.87
616,44771.0,8100.5,696.0,684.0,63.7,2.87
617,44778.9,8095.8,696.0,684.0,61.74,3.1
618,44787.5,8088.6,696.0,684.0,64.69,2.02
619,44793.5,8081.8,696.0,684.0,64.85,2.65
620,44801.6,8075.6,696.0,684.0,64.86,1.55
621,44565.7,8259.4,696.0,684.0,66.73,2.09
622,44572.3,8253.8,696.0,684.0,62.78,1.44
623,44582.3,8247.1,696.0,684.0,65.71,1.03
624,44590.1,8239.8,696.0,684.0,63.17,2.95
625,44594.7,8235.0,696.0,684.0,64.31,1.34
626,44603.8,8227.9,696.0,684.0,66.07,1.97
627,44610.2,8221.5,696.0,684.0,64.56,2.36
628,44618.7,8215.1,696.0,684.0,65.81,1.53
629,44627.6,8208.6,696.0,684.0,66.3,2.36
630,44633.8,8202.7,696.0,684.0,67.08,2.0
631,44643.6,8196.6,696.0,684.0,65.21,1.89
632,44650.7,8188.4,696.0,684.0,65.23,0.1
633,44657.7,8181.6,696.0,684.0,67.06,2.07
634,44664.1,8175.0,696.0,684.0,64.72,1.19
635,44672.4,8170.2,696.0,684.0,63.68,2.16
636,44681.3,8163.1,696.0,684.0,65.88,2.46
637,44688.9,8157.5,696.0,684.0,64.59,0.19
638,44695.9,8151.1,696.0,684.0,65.14,1.95
639,44703.2,8144.4,696.0,684.0,60.08,6.75
640,44712.0,8137.9,696.0,684.0,63.21,1.97
641,44719.1,8131.7,696.0,684.0,62.63,3.36
642,44726.6,8126.0,696.0,684.0,61.03,2.68
643,44734.4,8119.3,696.0,684.0,63.81,3.7
644,44742.4,8111.8,696.0,684.0,62.38,3.74
645,44748.1,8106.1,696.0,684.0,62.79,2.52
646,44756.1,8098.9,696.0,684.0,62.23,3.83
647,44764.8,8093.0,696.0,684.0,60.15,3.83
648,44770.3,8087.6,696.0,684.0,63.29,1.87
649,44780.2,8080.7,696.0,684.0,64.15,1.82
650,44787.0,8073.2,696.0,684.0,64.36,1.93
651,44794.0,8067.2,696.0,684.0,67.05,1.43
652,44693.7,8412.5,684.0,672.0,30.38,54.61
653,44701.5,8407.5,684.0,672.0,29.43,57.65
654,44708.7,8399.3,684.0,672.0,33.28,51.16
655,44716.7,8394.3,684.0,672.0,32.12,56.13
656,44724.7,8387.3,684.0,672.0,32.61,52.93
657,44732.2,8380.0,684.0,672.0,35.48,46.39
658,44739.9,8374.4,684.0,672.0,37.32,45.34
659,44747.6,8368.7,684.0,672.0,33.08,51.53
660,44755.9,8361.2,684.0,672.0,28.02,58.61
661,44762.3,8356.0,684.0,672.0,24.36,62.99
662,44770.3,8348.0,684.0,672.0,25.63,60.36
663,44778.0,8342.7,684.0,672.0,26.25,59.14
664,44786.3,8336.1,684.0,672.0,31.17,52.92
665,44793.8,8329.7,684.0,672.0,29.79,55.94
666,44801.1,8324.0,684.0,672.0,35.93,46.48
667,44808.3,8316.4,684.0,672.0,37.4,47.05
668,44818.0,8310.7,684.0,672.0,36.4,48.55
669,44822.3,8303.4,684.0,672.0,33.28,49.58
670,44832.0,8297.9,684.0,672.0,33.16,52.22
671,44841.3,8290.3,684.0,672.0,37.37,41.15
672,44848.5,8284.7,684.0,672.0,31.15,53.37
673,44853.5,8278.4,684.0,672.0,50.54,22.92
674,44863.3,8270.4,684.0,672.0,50.99,21.38
675,44869.4,8266.3,684.0,672.0,47.63,27.5
676,44877.3,8257.9,684.0,672.0,58.95,12.92
677,44885.5,8253.7,684.0,672.0,59.06,9.34
678,44893.0,8245.4,684.0,672.0,62.45,6.14
679,44900.6,8240.4,684.0,672.0,60.96,8.97
680,44909.2,8232.5,684.0,672.0,65.24,1.81
681,44916.7,8226.5,684.0,672.0,64.57,2.13
682,44922.9,8218.6,684.0,672.0,65.0,4.37
683,44688.6,8405.8,684.0,672.0,36.63,46.48
684,44696.5,8399.3,684.0,672.0,33.23,50.89
685,44702.8,8393.1,684.0,672.0,30.52,55.43
686,44709.7,8385.4,684.0,672.0,32.52,52.24
687,44718.0,8380.1,684.0,672.0,30.17,55.01
688,44725.9,8373.6,684.0,672.0,38.97,43.83
689,44735.0,8367.7,684.0,672.0,37.93,45.68
690,44740.9,8359.1,684.0,672.0,32.26,52.24
691,44748.8,8353.9,684.0,672.0,34.32,49.88
692,44756.7,8348.0,684.0,672.0,32.72,51.96
693,44763.7,8340.5,684.0,672.0,29.6,58.03
694,44770.4,8334.8,684.0,672.0,30.84,53.55
695,44779.9,8328.9,684.0,672.0,30.56,55.85
696,44788.2,8321.3,684.0,672.0,28.32,58.19
697,44794.7,8315.6,684.0,672.0,29.89,54.36
698,44802.7,8308.0,684.0,672.0,33.25,49.39
699,44809.6,8301.3,684.0,672.0,30.14,54.8
700,44816.9,8295.7,684.0,672.0,38.88,42.04
701,44827.1,8290.4,684.0,672.0,31.05,52.51
702,44834.5,8283.7,684.0,672.0,49.54,25.95
703,44840.7,8277.7,684.0,672.0,46.75,27.31
704,44847.2,8268.8,684.0,672.0,50.13,22.43
705,44854.6,8264.2,684.0,672.0,54.69,15.55
706,44864.4,8258.4,684.0,672.0,59.75,12.66
707,44872.9,8251.8,684.0,672.0,62.78,6.06
708,44880.1,8243.8,684.0,672.0,63.31,3.72
709,44887.3,8238.9,684.0,672.0,62.84,6.44
710,44894.9,8231.5,684.0,672.0,64.89,1.97
711,44901.8,8224.7,684.0,672.0,65.45,1.61
712,44909.5,8220.6,684.0,672.0,64.71,2.57
713,44917.1,8212.8,684.0,672.0,64.93,3.21
714,44681.2,8397.6,684.0,672.0,38.38,43.29
715,44688.4,8390.5,684.0,672.0,35.57,46.12
716,44695.7,8385.4,684.0,672.0,32.02,51.69
717,44704.1,8380.3,684.0,672.0,29.96,52.17
718,44713.6,8371.9,684.0,672.0,39.89,39.65
719,44720.0,8367.3,684.0,672.0,40.42,42.43
720,44726.4,8359.9,684.0,672.0,54.68,18.86
721,44734.9,8352.6,684.0,672.0,34.06,49.04
722,44742.8,8346.9,684.0,672.0,30.01,54.0
723,44750.6,8339.2,684.0,672.0,28.77,56.89
724,44759.0,8333.2,684.0,672.0,28.68,56.0
725,44765.2,8327.0,684.0,672.0,32.58,52.86
726,44773.0,8320.9,684.0,672.0,32.64,51.55
727,44781.0,8315.2,684.0,672.0,36.12,48.59
728,44787.9,8307.8,684.0,672.0,33.49,50.11
729,44797.0,8301.3,684.0,672.0,32.77,50.46
730,44801.9,8296.2,684.0,672.0,32.11,52.09
731,44810.8,8288.8,684.0,672.0,43.81,34.85
732,44819.2,8282.2,684.0,672.0,44.6,34.08
733,44826.5,8277.2,684.0,672.0,47.61,30.29
734,44834.4,8269.7,684.0,672.0,50.67,23.13
735,44843.2,8262.2,684.0,672.0,53.51,19.82
736,44850.0,8257.3,684.0,672.0,56.22,16.51
737,44856.9,8250.2,684.0,672.0,60.44,13.41
738,44864.3,8244.6,684.0,672.0,62.17,4.94
739,44872.8,8236.8,684.0,672.0,62.61,6.11
740,44878.1,8231.2,684.0,672.0,65.2,2.75
741,44888.1,8225.0,684.0,672.0,66.7,1.96
742,44895.7,8218.9,684.0,672.0,66.03,1.7
743,44902.7,8211.9,684.0,672.0,65.14,1.62
744,44912.0,8204.2,684.0,672.0,65.97,2.62
745,44673.9,8390.6,684.0,672.0,34.4,48.15
746,44681.8,8384.7,684.0,672.0,45.95,32.48
747,44688.8,8377.6,684.0,672.0,40.64,39.36
748,44698.7,8370.2,684.0,672.0,35.11,48.38
749,44706.0,8364.9,684.0,672.0,53.95,16.97
750,44713.1,8358.6,684.0,672.0,58.04,13.39
751,44722.5,8352.9,684.0,672.0,53.91,17.63
752,44729.2,8345.9,684.0,672.0,52.84,19.2
753,44736.3,8337.9,684.0,672.0,53.85,19.43
754,44743.3,8332.8,684.0,672.0,29.42,55.16
755,44751.4,8326.0,684.0,672.0,30.63,53.65
756,44759.5,8319.0,684.0,672.0,31.01,53.12
757,44766.7,8313.4,684.0,672.0,31.02,54.15
758,44775.3,8307.1,684.0,672.0,35.42,45.44
759,44782.7,8299.3,684.0,672.0,34.61,50.54
760,44790.8,8294.1,684.0,672.0,39.05,41.5
761,44798.5,8287.0,684.0,672.0,31.64,53.9
762,44805.7,8281.5,684.0,672.0,27.62,59.12
763,44812.7,8274.2,684.0,672.0,35.51,44.63
764,44819.6,8268.9,684.0,672.0,27.37,60.99
765,44828.4,8261.6,684.0,672.0,48.62,26.41
766,44835.2,8256.2,684.0,672.0,52.79,20.32
767,44843.4,8249.7,684.0,672.0,53.33,19.19
768,44850.4,8241.5,684.0,672.0,49.72,20.93
769,44857.8,8236.7,684.0,672.0,56.4,15.42
770,44865.6,8229.4,684.0,672.0,55.63,13.37
771,44874.5,8223.6,684.0,672.0,65.42,1.76
772,44881.9,8217.3,684.0,672.0,66.14,2.05
773,44890.2,8210.4,684.0,672.0,66.05,2.74
774,44896.6,8204.9,684.0,672.0,63.74,4.63
775,44904.8,8198.9,684.0,672.0,65.54,3.55
776,44669.2,8383.7,684.0,672.0,41.51,39.24
777,44674.9,8376.8,684.0,672.0,56.67,14.04
778,44683.6,8370.5,684.0,672.0,52.24,21.79
779,44691.4,8364.5,684.0,672.0,55.42,17.96
780,44699.1,8358.0,684.0,672.0,50.5,24.77
781,44706.1,8350.2,684.0,672.0,60.94,10.7
782,44714.6,8343.6,684.0,672.0,56.04,16.79
783,44723.8,8338.1,684.0,672.0,55.91,16.99
784,44730.2,8331.7,684.0,672.0,52.7,18.57
785,44736.0,8324.4,684.0,672.0,55.14,19.34
786,44745.1,8319.3,684.0,672.0,30.88,53.45
787,44753.4,8311.9,684.0,672.0,30.16,53.64
788,44760.6,8304.5,684.0,672.0,54.03,17.64
789,44768.0,8298.9,684.0,672.0,40.35,40.5
790,44776.0,8292.0,684.0,672.0,35.25,48.07
791,44782.4,8287.7,684.0,672.0,32.18,50.47
792,44790.6,8280.4,684.0,672.0,30.74,56.02
793,44798.9,8273.1,684.0,672.0,26.19,61.57
794,44808.2,8267.3,684.0,672.0,28.38,58.17
795,44813.3,8261.0,684.0,672.0,45.77,29.54
796,44820.5,8253.2,684.0,672.0,49.17,25.11
797,44830.2,8248.2,684.0,672.0,53.75,19.44
798,44837.2,8241.3,684.0,672.0,58.64,13.86
799,44844.9,8234.2,684.0,672.0,60.67,10.41
800,44852.2,8229.1,684.0,672.0,58.86,13.03
801,44859.6,8222.6,684.0,672.0,56.92,15.7
802,44867.3,8215.6,684.0,672.0,55.13,16.62
803,44874.9,8209.7,684.0,672.0,63.7,5.79
804,44883.9,8202.1,684.0,672.0,62.7,6.0
805,44889.8,8195.4,684.0,672.0,58.5,10.06
806,44897.2,8190.3,684.0,672.0,60.43,9.0
807,44663.2,8373.0,684.0,672.0,54.27,17.52
808,44668.8,8369.1,684.0,672.0,54.68,16.87
809,44676.4,8362.2,684.0,672.0,48.58,29.85
810,44685.2,8355.0,684.0,672.0,51.44,24.18
811,44693.1,8349.5,684.0,672.0,49.54,24.78
812,44699.9,8342.9,684.0,672.0,50.46,23.44
813,44707.2,8336.8,684.0,672.0,58.73,14.21
814,44714.4,8328.7,684.0,672.0,51.57,21.64
815,44724.8,8322.2,684.0,672.0,51.57,22.8
816,44730.9,8316.7,684.0,672.0,47.79,25.63
817,44738.6,8310.4,684.0,672.0,42.19,37.73
818,44747.3,8304.4,684.0,672.0,37.17,44.96
819,44753.4,8297.9,684.0,672.0,38.88,42.95
820,44762.3,8290.4,684.0,672.0,36.9,48.58
821,44769.7,8284.0,684.0,672.0,36.58,46.16
822,44777.1,8279.6,684.0,672.0,28.72,55.15
823,44785.4,8273.2,684.0,672.0,28.66,55.27
824,44791.2,8266.2,684.0,672.0,28.47,57.81
825,44799.3,8259.3,684.0,672.0,24.87,59.33
826,44808.5,8251.2,684.0,672.0,44.87,30.25
827,44814.8,8247.8,684.0,672.0,51.36,21.71
828,44822.6,8240.6,684.0,672.0,51.26,22.41
829,44829.4,8233.6,684.0,672.0,50.76,22.66
830,44837.9,8226.6,684.0,672.0,53.82,18.66
831,44844.9,8220.3,684.0,672.0,58.35,13.09
832,44853.0,8212.7,684.0,672.0,51.97,20.9
833,44862.7,8207.3,684.0,672.0,55.13,17.82
834,44868.2,8201.4,684.0,672.0,51.61,18.87
835,44875.6,8194.4,684.0,672.0,52.56,18.68
836,44885.1,8188.0,684.0,672.0,50.93,20.65
837,44891.1,8181.8,684.0,672.0,60.12,8.86
838,44654.9,8367.7,684.0,672.0,51.3,19.48
839,44664.5,8360.8,684.0,672.0,52.75,21.74
840,44672.0,8353.6,684.0,672.0,51.3,23.59
841,44678.3,8347.7,684.0,672.0,51.28,24.22
842,44685.9,8342.1,684.0,672.0,48.04,29.68
843,44693.8,8334.3,684.0,672.0,52.8,22.12
844,44700.2,8327.8,684.0,672.0,49.06,28.7
845,44710.7,8321.8,684.0,672.0,47.17,29.6
846,44716.8,8315.4,684.0,672.0,46.84,28.15
847,44723.8,8309.5,684.0,672.0,49.06,22.76
848,44732.5,8301.9,684.0,672.0,50.38,25.91
849,44739.2,8295.9,684.0,672.0,49.83,25.15
850,44746.7,8290.7,684.0,672.0,47.96,29.05
851,44756.0,8281.8,684.0,672.0,39.07,41.43
852,44761.2,8276.8,684.0,672.0,40.13,40.36
853,44770.4,8271.2,684.0,672.0,35.32,47.51
854,44777.8,8265.0,684.0,672.0,38.67,45.67
855,44785.6,8259.4,684.0,672.0,32.28,52.73
856,44792.7,8251.5,684.0,672.0,54.06,18.04
857,44800.9,8246.1,684.0,672.0,55.06,16.77
858,44807.9,8239.1,684.0,672.0,58.94,12.82
859,44815.4,8232.8,684.0,672.0,55.68,16.35
860,44824.4,8226.4,684.0,672.0,54.26,17.96
861,44831.7,8220.0,684.0,672.0,52.91,19.73
862,44841.0,8213.6,684.0,672.0,62.79,5.84
863,44846.5,8206.2,684.0,672.0,55.28,17.79
864,44854.3,8201.0,684.0,672.0,53.6,19.97
865,44863.1,8194.0,684.0,672.0,53.51,20.2
866,44870.5,8186.5,684.0,672.0,52.42,20.68
867,44878.1,8181.3,684.0,672.0,53.05,21.59
868,44885.6,8173.7,684.0,672.0,48.43,26.35
869,44647.5,8359.4,684.0,672.0,52.69,22.93
870,44657.8,8353.6,684.0,672.0,52.5,22.64
871,44664.5,8346.2,684.0,672.0,51.5,21.66
872,44672.4,8339.0,684.0,672.0,50.93,23.28
873,44679.3,8334.6,684.0,672.0,52.14,25.4
874,44687.7,8327.7,684.0,672.0,49.73,25.83
875,44696.2,8321.6,684.0,672.0,46.54,30.14
876,44702.1,8314.5,684.0,672.0,44.76,30.3
877,44711.4,8308.6,684.0,672.0,45.65,31.35
878,44718.5,8301.8,684.0,672.0,45.19,30.89
879,44725.9,8296.1,684.0,672.0,47.54,28.78
880,44733.5,8287.7,684.0,672.0,46.3,27.89
881,44739.7,8283.3,684.0,672.0,50.52,24.6
882,44750.1,8275.3,684.0,672.0,48.74,27.01
883,44756.7,8271.2,684.0,672.0,52.36,20.38
884,44764.6,8264.2,684.0,672.0,37.56,42.98
885,44772.3,8257.9,684.0,672.0,39.84,40.12
886,44779.3,8250.0,684.0,672.0,37.81,43.14
887,44787.1,8243.9,684.0,672.0,46.67,27.81
888,44795.0,8235.9,684.0,672.0,61.38,10.56
889,44802.1,8231.6,684.0,672.0,62.08,8.89
890,44809.6,8225.3,684.0,672.0,63.24,5.71
891,44817.0,8217.9,684.0,672.0,61.93,8.82
892,44824.6,8214.0,684.0,672.0,62.63,4.51
893,44831.1,8204.1,684.0,672.0,56.28,14.87
894,44840.1,8199.7,684.0,672.0,55.31,15.6
895,44847.5,8193.0,684.0,672.0,56.15,17.64
896,44855.5,8184.8,684.0,672.0,55.07,16.62
897,44863.5,8179.4,684.0,672.0,56.73,15.48
898,44871.2,8171.8,684.0,672.0,50.21,24.35
899,44877.7,8166.7,684.0,672.0,51.16,22.38
900,44642.0,8353.0,684.0,672.0,52.23,23.42
901,44649.6,8346.6,684.0,672.0,52.52,20.37
902,44657.8,8339.6,684.0,672.0,50.7,21.79
903,44666.8,8332.7,684.0,672.0,49.64,25.81
904,44673.6,8326.5,684.0,672.0,50.72,20.96
905,44680.1,8319.5,684.0,672.0,51.75,21.86
906,44689.6,8313.4,684.0,672.0,54.3,20.19
907,44698.2,8306.7,684.0,672.0,51.6,23.41
908,44703.6,8300.4,684.0,672.0,53.04,20.42
909,44712.9,8294.3,684.0,672.0,48.07,26.52
910,44718.6,8289.1,684.0,672.0,51.3,23.11
911,44727.6,8281.7,684.0,672.0,50.55,24.11
912,44737.3,8273.1,684.0,672.0,52.74,21.93
913,44742.2,8268.4,684.0,672.0,53.4,20.81
914,44750.4,8261.8,684.0,672.0,50.75,24.18
915,44757.1,8254.6,684.0,672.0,50.13,24.48
916,44764.8,8249.3,684.0,672.0,50.61,23.25
917,44772.8,8242.8,684.0,672.0,44.9,34.35
918,44779.0,8235.7,684.0,672.0,45.47,32.9
919,44788.1,8231.3,684.0,672.0,50.82,22.73
920,44796.0,8223.9,684.0,672.0,60.05,9.58
921,44801.6,8218.5,684.0,672.0,55.72,15.88
922,44810.8,8211.2,684.0,672.0,46.23,29.0
923,44818.7,8205.1,684.0,672.0,59.27,12.2
924,44827.4,8196.7,684.0,672.0,61.15,10.2
925,44833.9,8192.6,684.0,672.0,54.1,18.98
926,44843.1,8185.1,684.0,672.0,50.11,24.76
927,44848.2,8179.2,684.0,672.0,49.72,26.41
928,44856.8,8172.3,684.0,672.0,50.14,25.04
929,44864.8,8166.3,684.0,672.0,54.3,17.69
930,44873.9,8158.6,684.0,672.0,54.72,17.33
931,44636.8,8344.1,684.0,672.0,52.36,22.16
932,44646.0,8338.0,684.0,672.0,52.38,21.5
933,44653.2,8331.5,684.0,672.0,51.82,20.38
934,44658.8,8325.7,684.0,672.0,53.89,20.09
935,44667.1,8318.9,684.0,672.0,54.06,18.99
936,44673.3,8312.0,684.0,672.0,50.68,22.69
937,44683.3,8304.9,684.0,672.0,52.69,20.98
938,44689.0,8299.2,684.0,672.0,54.49,17.29
939,44697.4,8292.7,684.0,672.0,54.94,19.11
940,44705.2,8287.6,684.0,672.0,55.71,15.18
941,44713.2,8281.7,684.0,672.0,52.34,20.03
942,44720.8,8272.4,684.0,672.0,56.5,16.91
943,44728.0,8266.9,684.0,672.0,53.21,19.98
944,44735.4,8260.4,684.0,672.0,52.65,20.22
945,44743.8,8253.2,684.0,672.0,52.61,19.57
946,44750.6,8249.6,684.0,672.0,52.81,20.72
947,44758.0,8242.8,684.0,672.0,51.23,21.79
948,44766.0,8235.9,684.0,672.0,52.65,22.43
949,44773.6,8228.7,684.0,672.0,49.2,25.15
950,44781.5,8222.0,684.0,672.0,53.71,20.05
951,44789.7,8215.1,684.0,672.0,55.82,15.57
952,44797.4,8209.5,684.0,672.0,57.84,13.89
953,44805.5,8201.2,684.0,672.0,50.88,24.28
954,44812.0,8197.2,684.0,672.0,65.04,4.26
955,44819.0,8191.2,684.0,672.0,43.93,37.88
956,44827.8,8183.9,684.0,672.0,57.02,16.28
957,44835.6,8176.9,684.0,672.0,14.33,76.43
958,44842.0,8171.1,684.0,672.0,47.82,26.78
959,44850.6,8164.2,684.0,672.0,50.27,22.81
960,44859.2,8157.3,684.0,672.0,54.23,19.75
961,44865.3,8151.4,684.0,672.0,54.91,17.14
962,44629.0,8338.3,684.0,672.0,52.09,23.2
963,44638.8,8330.6,684.0,672.0,52.19,22.23
964,44645.3,8323.4,684.0,672.0,49.41,24.46
965,44651.7,8315.5,684.0,672.0,52.28,21.35
966,44661.1,8310.9,684.0,672.0,56.98,15.84
967,44668.1,8305.4,684.0,672.0,55.27,18.15
968,44675.4,8298.6,684.0,672.0,59.01,10.47
969,44683.1,8291.4,684.0,672.0,58.39,14.41
970,44692.2,8286.2,684.0,672.0,55.56,19.23
971,44699.4,8279.1,684.0,672.0,52.77,19.76
972,44707.1,8272.4,684.0,672.0,51.53,21.3
973,44713.3,8266.4,684.0,672.0,53.92,17.61
974,44721.1,8258.8,684.0,672.0,54.26,21.84
975,44730.4,8252.0,684.0,672.0,55.18,18.38
976,44737.2,8247.4,684.0,672.0,53.93,17.14
977,44744.3,8239.7,684.0,672.0,60.51,11.24
978,44752.8,8234.4,684.0,672.0,52.08,21.15
979,44760.0,8227.6,684.0,672.0,53.92,19.18
980,44768.0,8220.5,684.0,672.0,55.56,15.39
981,44774.8,8216.2,684.0,672.0,58.53,12.04
982,44782.7,8209.7,684.0,672.0,65.3,2.74
983,44791.2,8201.5,684.0,672.0,65.34,1.48
984,44796.8,8195.5,684.0,672.0,64.65,0.1
985,44805.8,8188.4,684.0,672.0,37.69,44.9
986,44813.8,8181.3,684.0,672.0,63.81,3.31
987,44821.7,8176.3,684.0,672.0,64.85,3.99
988,44829.3,8168.3,684.0,672.0,20.8,69.35
989,44837.8,8163.1,684.0,672.0,16.12,76.29
990,44844.2,8156.4,684.0,672.0,57.25,12.7
991,44852.5,8152.4,684.0,672.0,52.71,20.24
992,44860.8,8144.7,684.0,672.0,54.88,17.37
993,44623.8,8329.5,684.0,672.0,54.33,21.38
994,44631.4,8322.8,684.0,672.0,49.76,25.58
995,44637.6,8316.1,684.0,672.0,51.07,25.16
996,44647.2,8309.3,684.0,672.0,49.42,26.38
997,44653.7,8304.6,684.0,672.0,57.25,16.22
998,44661.8,8297.2,684.0,672.0,54.84,15.85
999,44670.0,8290.0,684.0,672.0,59.51,13.77
1000,44677.4,8283.8,684.0,672.0,63.63,7.96
1001,44684.1,8277.5,684.0,672.0,61.08,9.34
1002,44693.2,8270.8,684.0,672.0,55.91,17.49
1003,44700.3,8264.7,684.0,672.0,57.64,16.67
1004,44707.0,8258.5,684.0,672.0,56.83,14.45
1005,44716.1,8252.6,684.0,672.0,56.52,15.92
1006,44722.4,8246.4,684.0,672.0,53.11,21.92
1007,44730.5,8239.6,684.0,672.0,53.7,18.64
1008,44738.4,8232.7,684.0,672.0,55.37,20.12
1009,44746.2,8224.9,684.0,672.0,52.12,21.14
1010,44753.4,8220.1,684.0,672.0,50.59,23.74
1011,44761.3,8213.1,684.0,672.0,56.86,14.64
1012,44769.7,8207.2,684.0,672.0,59.37,11.41
1013,44775.7,8200.2,684.0,672.0,60.6,8.84
1014,44783.6,8196.1,684.0,672.0,62.3,6.13
1015,44790.6,8187.4,684.0,672.0,66.42,1.62
1016,44800.3,8181.5,684.0,672.0,64.97,3.56
1017,44808.2,8174.2,684.0,672.0,64.46,2.86
1018,44814.5,8167.4,684.0,672.0,65.29,2.66
1019,44822.4,8162.1,684.0,672.0,26.73,60.6
1020,44831.8,8155.6,684.0,672.0,16.09,75.27
1021,44837.3,8148.9,684.0,672.0,20.24,68.48
1022,44844.9,8143.3,684.0,672.0,44.43,36.53
1023,44854.3,8135.8,684.0,672.0,33.11,52.18
1024,44614.4,8322.2,684.0,672.0,52.77,20.6
1025,44624.6,8314.0,684.0,672.0,52.13,24.44
1026,44633.8,8307.2,684.0,672.0,51.16,23.59
1027,44641.0,8302.3,684.0,672.0,52.87,21.19
1028,44646.9,8296.0,684.0,672.0,54.8,18.37
1029,44655.8,8288.6,684.0,672.0,58.29,15.96
1030,44664.0,8283.9,684.0,672.0,59.32,12.53
1031,44668.8,8275.4,684.0,672.0,60.16,10.07
1032,44678.2,8269.9,684.0,672.0,59.59,11.4
1033,44685.2,8262.9,684.0,672.0,57.61,12.57
1034,44693.1,8256.6,684.0,672.0,59.77,14.46
1035,44701.5,8251.7,684.0,672.0,60.51,11.45
1036,44707.3,8244.8,684.0,672.0,60.27,11.04
1037,44715.6,8237.9,684.0,672.0,60.23,12.25
1038,44724.2,8232.6,684.0,672.0,56.79,15.24
1039,44732.7,8225.6,684.0,672.0,54.07,20.98
1040,44740.2,8217.9,684.0,672.0,55.06,17.01
1041,44747.3,8213.4,684.0,672.0,53.23,19.9
1042,44754.5,8204.8,684.0,672.0,56.72,14.37
1043,44763.5,8201.1,684.0,672.0,58.03,15.07
1044,44770.4,8193.3,684.0,672.0,59.55,11.04
1045,44777.6,8187.2,684.0,672.0,62.3,6.61
1046,44785.7,8180.6,684.0,672.0,63.05,5.69
1047,44793.5,8174.4,684.0,672.0,66.43,5.13
1048,44800.5,8167.5,684.0,672.0,68.87,1.34
1049,44808.3,8159.2,684.0,672.0,66.1,4.08
1050,44816.4,8154.4,684.0,672.0,65.79,5.63
1051,44824.4,8147.7,684.0,672.0,63.44,6.01
1052,44831.5,8142.6,684.0,672.0,42.55,36.62
1053,44840.0,8135.1,684.0,672.0,34.16,50.83
1054,44846.4,8128.7,684.0,672.0,35.87,48.98
1055,44609.7,8312.6,684.0,672.0,55.76,20.0
1056,44617.6,8308.1,684.0,672.0,50.53,25.32
1057,44625.5,8302.0,684.0,672.0,48.55,26.89
1058,44634.2,8295.7,684.0,672.0,53.46,22.57
1059,44641.1,8289.3,684.0,672.0,54.42,18.3
1060,44647.6,8281.1,684.0,672.0,58.71,16.31
1061,44656.6,8273.6,684.0,672.0,58.04,11.27
1062,44663.7,8267.1,684.0,672.0,59.99,9.97
1063,44672.0,8261.1,684.0,672.0,60.36,10.4
1064,44680.1,8254.8,684.0,672.0,56.73,13.41
1065,44688.9,8248.9,684.0,672.0,56.17,15.97
1066,44696.1,8242.7,684.0,672.0,55.92,17.74
1067,44702.7,8236.7,684.0,672.0,58.99,14.12
1068,44708.9,8230.2,684.0,672.0,59.99,8.48
1069,44718.1,8223.9,684.0,672.0,57.61,13.94
1070,44727.1,8217.5,684.0,672.0,60.05,11.36
1071,44734.2,8211.0,684.0,672.0,56.22,16.4
1072,44740.6,8204.3,684.0,672.0,55.3,16.19
1073,44749.5,8199.1,684.0,672.0,58.91,12.12
1074,44755.3,8191.4,684.0,672.0,58.67,11.58
1075,44765.3,8184.6,684.0,672.0,57.47,14.53
1076,44770.3,8179.9,684.0,672.0,56.28,11.11
1077,44779.3,8172.8,684.0,672.0,62.5,8.34
1078,44787.2,8164.9,684.0,672.0,53.81,21.54
1079,44794.3,8160.0,684.0,672.0,42.68,36.03
1080,44801.8,8152.6,684.0,672.0,49.05,29.49
1081,44810.1,8147.4,684.0,672.0,55.2,17.71
1082,44818.7,8140.6,684.0,672.0,39.09,42.15
1083,44825.0,8132.8,684.0,672.0,41.62,41.71
1084,44833.2,8126.6,684.0,672.0,55.47,16.08
1085,44840.1,8119.5,684.0,672.0,55.09,18.01
1086,44605.1,8305.9,684.0,672.0,53.87,17.53
1087,44612.9,8299.3,684.0,672.0,49.0,24.74
1088,44619.8,8293.5,684.0,672.0,47.91,27.23
1089,44625.2,8286.8,684.0,672.0,51.3,22.77
1090,44634.4,8280.3,684.0,672.0,55.98,17.64
1091,44642.3,8275.5,684.0,672.0,57.95,11.82
1092,44650.4,8267.5,684.0,672.0,61.64,8.65
1093,44658.5,8260.8,684.0,672.0,60.94,9.39
1094,44666.3,8254.8,684.0,672.0,58.28,12.51
1095,44673.1,8247.5,684.0,672.0,55.95,17.07
1096,44679.8,8240.7,684.0,672.0,58.31,15.31
1097,44688.7,8235.0,684.0,672.0,54.16,18.88
1098,44695.8,8228.9,684.0,672.0,55.93,17.93
1099,44704.0,8221.9,684.0,672.0,57.71,12.81
1100,44711.0,8215.1,684.0,672.0,61.75,7.53
1101,44720.1,8209.7,684.0,672.0,64.11,7.4
1102,44728.4,8202.9,684.0,672.0,63.12,9.41
1103,44733.1,8195.8,684.0,672.0,56.11,18.51
1104,44742.8,8191.0,684.0,672.0,58.93,13.02
1105,44749.7,8183.5,684.0,672.0,57.3,12.85
1106,44757.0,8177.1,684.0,672.0,59.58,10.53
1107,44765.8,8170.5,684.0,672.0,66.34,3.9
1108,44772.0,8165.5,684.0,672.0,66.37,2.15
1109,44779.1,8158.4,684.0,672.0,68.49,1.71
1110,44788.3,8152.6,684.0,672.0,45.61,30.94
1111,44794.7,8146.5,684.0,672.0,52.05,23.78
1112,44803.8,8138.1,684.0,672.0,48.89,30.72
1113,44811.6,8132.7,684.0,672.0,42.5,38.35
1114,44820.0,8125.6,684.0,672.0,41.95,39.11
1115,44825.6,8119.8,684.0,672.0,56.06,19.04
1116,44834.0,8114.9,684.0,672.0,58.83,14.1
1117,44599.2,8299.1,684.0,672.0,60.98,9.65
1118,44605.8,8291.8,684.0,672.0,59.56,11.47
1119,44612.6,8285.9,684.0,672.0,54.4,17.19
1120,44621.2,8280.2,684.0,672.0,55.98,16.1
1121,44628.2,8273.0,684.0,672.0,55.85,18.15
1122,44634.0,8264.9,684.0,672.0,56.0,17.81
1123,44644.1,8259.8,684.0,672.0,60.16,11.51
1124,44650.9,8253.2,684.0,672.0,60.12,12.51
1125,44659.6,8246.9,684.0,672.0,59.73,15.08
1126,44666.5,8239.7,684.0,672.0,55.78,17.68
1127,44674.3,8233.7,684.0,672.0,54.94,18.41
1128,44681.1,8227.1,684.0,672.0,54.4,19.85
1129,44692.3,8219.3,684.0,672.0,58.92,12.52
1130,44696.1,8214.9,684.0,672.0,61.0,8.74
1131,44705.5,8208.8,684.0,672.0,68.73,0.92
1132,44712.3,8201.9,684.0,672.0,67.78,1.14
1133,44719.4,8196.0,684.0,672.0,68.2,1.48
1134,44728.6,8190.0,684.0,672.0,65.06,3.36
1135,44734.8,8182.2,684.0,672.0,63.41,6.13
1136,44742.8,8176.1,684.0,672.0,64.35,7.22
1137,44751.2,8170.3,684.0,672.0,63.43,9.18
1138,44759.1,8163.8,684.0,672.0,66.37,3.84
1139,44767.4,8155.3,684.0,672.0,63.85,3.01
1140,44773.4,8151.7,684.0,672.0,63.35,4.4
1141,44781.5,8145.0,684.0,672.0,64.73,5.26
1142,44789.1,8138.0,684.0,672.0,62.56,10.02
1143,44798.2,8131.0,684.0,672.0,59.71,11.5
1144,44806.0,8125.3,684.0,672.0,62.88,8.25
1145,44812.1,8118.9,684.0,672.0,61.79,9.83
1146,44819.1,8111.7,684.0,672.0,61.0,9.29
1147,44827.9,8105.3,684.0,672.0,59.48,10.09
1148,44591.6,8289.2,684.0,672.0,62.36,7.44
1149,44597.8,8282.6,684.0,672.0,61.87,9.15
1150,44606.7,8276.7,684.0,672.0,59.82,9.14
1151,44614.0,8270.7,684.0,672.0,58.58,11.81
1152,44622.8,8265.1,684.0,672.0,58.53,12.15
1153,44629.9,8258.8,684.0,672.0,57.03,12.38
1154,44637.3,8251.2,684.0,672.0,57.58,16.9
1155,44645.4,8245.9,684.0,672.0,55.67,16.01
1156,44652.8,8239.4,684.0,672.0,53.86,18.38
1157,44660.6,8235.0,684.0,672.0,51.05,25.08
1158,44667.9,8227.3,684.0,672.0,54.31,19.2
1159,44675.5,8218.6,684.0,672.0,55.18,21.53
1160,44685.1,8213.1,684.0,672.0,66.45,3.09
1161,44690.6,8205.4,684.0,672.0,67.32,1.36
1162,44698.6,8200.5,684.0,672.0,67.71,0.8
1163,44706.7,8193.2,684.0,672.0,66.63,1.06
1164,44712.5,8187.2,684.0,672.0,68.48,0.79
1165,44721.3,8182.0,684.0,672.0,66.72,2.62
1166,44729.3,8175.2,684.0,672.0,67.41,0.86
1167,44736.5,8168.9,684.0,672.0,67.88,0.63
1168,44744.9,8163.2,684.0,672.0,63.74,6.17
1169,44752.9,8155.5,684.0,672.0,64.81,5.83
1170,44759.1,8148.7,684.0,672.0,64.62,6.0
1171,44767.4,8142.5,684.0,672.0,63.43,6.84
1172,44773.2,8136.0,684.0,672.0,61.46,10.9
1173,44782.8,8130.3,684.0,672.0,62.24,8.5
1174,44789.5,8123.0,684.0,672.0,62.29,5.87
1175,44798.1,8117.7,684.0,672.0,66.29,5.91
1176,44805.0,8110.8,684.0,672.0,59.62,11.69
1177,44812.9,8104.1,684.0,672.0,60.91,11.75
1178,44821.7,8098.9,684.0,672.0,43.75,34.66
1179,44584.6,8283.0,684.0,672.0,63.11,8.08
1180,44592.1,8276.2,684.0,672.0,59.04,10.84
1181,44599.6,8271.2,684.0,672.0,60.57,10.12
1182,44608.9,8263.5,684.0,672.0,62.08,8.24
1183,44615.5,8256.5,684.0,672.0,63.12,9.08
1184,44623.7,8249.6,684.0,672.0,62.06,6.54
1185,44632.2,8245.9,684.0,672.0,58.78,13.23
1186,44639.7,8239.7,684.0,672.0,57.66,15.53
1187,44646.9,8231.0,684.0,672.0,56.65,16.02
1188,44653.2,8225.4,684.0,672.0,56.37,16.0
1189,44661.8,8219.2,684.0,672.0,59.73,12.3
1190,44668.7,8211.9,684.0,672.0,59.36,8.54
1191,44676.1,8206.3,684.0,672.0,67.05,2.77
1192,44684.3,8199.1,684.0,672.0,66.02,2.16
1193,44691.1,8193.0,684.0,672.0,66.62,0.1
1194,44700.8,8187.5,684.0,672.0,65.92,2.04
1195,44707.7,8181.7,684.0,672.0,66.12,0.7
1196,44714.4,8173.3,684.0,672.0,66.7,1.7
1197,44722.0,8167.7,684.0,672.0,66.23,0.88
1198,44732.4,8159.9,684.0,672.0,67.69,1.09
1199,44739.1,8154.2,684.0,672.0,66.0,4.04
1200,44746.4,8147.9,684.0,672.0,67.2,1.0
1201,44754.1,8142.7,684.0,672.0,67.51,1.58
1202,44760.7,8134.9,684.0,672.0,65.74,2.14
1203,44769.4,8127.8,684.0,672.0,62.81,6.73
1204,44775.3,8122.4,684.0,672.0,64.34,7.59
1205,44782.6,8115.2,684.0,672.0,56.87,16.98
1206,44792.2,8110.6,684.0,672.0,66.06,3.2
1207,44798.2,8101.6,684.0,672.0,66.78,2.96
1208,44806.8,8097.5,684.0,672.0,64.09,4.02
1209,44815.0,8091.1,684.0,672.0,63.97,3.04
1210,44577.7,8275.2,684.0,672.0,55.3,16.05
1211,44586.3,8267.8,684.0,672.0,57.53,13.18
1212,44594.5,8261.9,684.0,672.0,62.14,5.75
1213,44599.6,8255.9,684.0,672.0,66.22,0.36
1214,44609.8,8248.3,684.0,672.0,66.32,2.57
1215,44616.9,8242.7,684.0,672.0,64.43,4.96
1216,44623.4,8237.5,684.0,672.0,64.34,5.64
1217,44634.0,8230.4,684.0,672.0,64.24,5.11
1218,44640.0,8223.9,684.0,672.0,64.66,3.95
1219,44647.1,8218.4,684.0,672.0,63.76,3.95
1220,44655.7,8210.8,684.0,672.0,68.03,1.14
1221,44662.5,8202.7,684.0,672.0,67.58,2.21
1222,44669.4,8198.5,684.0,672.0,67.02,1.49
1223,44678.7,8192.8,684.0,672.0,66.24,3.93
1224,44684.5,8186.0,684.0,672.0,67.12,1.16
1225,44692.8,8178.7,684.0,672.0,67.08,1.1
1226,44701.3,8174.1,684.0,672.0,65.67,2.95
1227,44708.2,8167.9,684.0,672.0,66.57,0.21
1228,44716.4,8159.4,684.0,672.0,64.08,5.48
1229,44723.9,8153.0,684.0,672.0,62.82,5.64
1230,44732.7,8148.1,684.0,672.0,66.24,0.52
1231,44739.1,8139.9,684.0,672.0,65.99,1.39
1232,44746.4,8133.6,684.0,672.0,67.29,1.47
1233,44755.3,8127.7,684.0,672.0,66.71,0.42
1234,44762.9,8121.4,684.0,672.0,66.59,1.87
1235,44770.4,8113.6,684.0,672.0,67.49,2.18
1236,44778.3,8107.9,684.0,672.0,67.47,0.1
1237,44785.0,8101.8,684.0,672.0,67.29,0.92
1238,44793.0,8094.4,684.0,672.0,66.58,1.01
1239,44799.9,8088.3,684.0,672.0,66.22,4.03
1240,44809.9,8082.6,684.0,672.0,61.79,7.02
1241,44573.2,8267.2,684.0,672.0,64.3,4.44
1242,44579.4,8261.3,684.0,672.0,66.61,0.1
1243,44585.8,8255.0,684.0,672.0,65.72,2.33
1244,44594.5,8248.3,684.0,672.0,67.13,1.75
1245,44602.5,8241.9,684.0,672.0,65.92,2.47
1246,44608.4,8236.1,684.0,672.0,65.45,1.74
1247,44617.9,8230.1,684.0,672.0,66.17,2.65
1248,44624.9,8222.8,684.0,672.0,68.31,1.25
1249,44633.5,8215.6,684.0,672.0,67.35,0.45
1250,44638.7,8210.6,684.0,672.0,67.46,1.18
1251,44648.2,8203.9,684.0,672.0,65.6,1.41
1252,44655.1,8197.1,684.0,672.0,67.78,1.25
1253,44663.5,8191.3,684.0,672.0,67.75,0.55
1254,44671.7,8184.0,684.0,672.0,66.96,0.49
1255,44677.6,8177.9,684.0,672.0,67.84,1.04
1256,44687.1,8171.4,684.0,672.0,66.74,0.48
1257,44694.8,8164.8,684.0,672.0,67.49,2.23
1258,44703.9,8157.4,684.0,672.0,65.55,3.45
1259,44708.8,8152.3,684.0,672.0,62.05,9.26
1260,44718.6,8145.8,684.0,672.0,63.96,5.31
1261,44724.9,8138.5,684.0,672.0,67.23,0.1
1262,44733.4,8131.1,684.0,672.0,66.03,1.29
1263,44741.7,8125.8,684.0,672.0,67.29,0.35
1264,44748.8,8120.0,684.0,672.0,67.47,2.2
1265,44755.8,8111.5,684.0,672.0,67.13,2.31
1266,44763.1,8107.1,684.0,672.0,66.11,2.45
1267,44771.0,8100.5,684.0,672.0,66.75,2.9
1268,44778.9,8095.8,684.0,672.0,62.93,6.74
1269,44787.5,8088.6,684.0,672.0,66.57,3.17
1270,44793.5,8081.8,684.0,672.0,66.49,0.61
1271,44801.6,8075.6,684.0,672.0,66.19,1.41
1272,44565.7,8259.4,684.0,672.0,63.0,6.79
1273,44572.3,8253.8,684.0,672.0,65.93,0.95
1274,44582.3,8247.1,684.0,672.0,66.3,1.89
1275,44590.1,8239.8,684.0,672.0,67.22,2.19
1276,44594.7,8235.0,684.0,672.0,64.99,1.92
1277,44603.8,8227.9,684.0,672.0,66.99,2.42
1278,44610.2,8221.5,684.0,672.0,68.52,2.81
1279,44618.7,8215.1,684.0,672.0,67.93,0.65
1280,44627.6,8208.6,684.0,672.0,66.47,0.95
1281,44633.8,8202.7,684.0,672.0,67.25,1.24
1282,44643.6,8196.6,684.0,672.0,67.92,0.1
1283,44650.7,8188.4,684.0,672.0,66.63,0.35
1284,44657.7,8181.6,684.0,672.0,66.61,1.74
1285,44664.1,8175.0,684.0,672.0,66.14,2.26
1286,44672.4,8170.2,684.0,672.0,67.66,2.67
1287,44681.3,8163.1,684.0,672.0,66.25,1.31
1288,44688.9,8157.5,684.0,672.0,67.15,1.07
1289,44695.9,8151.1,684.0,672.0,67.04,1.14
1290,44703.2,8144.4,684.0,672.0,67.26,1.52
1291,44712.0,8137.9,684.0,672.0,62.65,6.95
1292,44719.1,8131.7,684.0,672.0,65.59,2.02
1293,44726.6,8126.0,684.0,672.0,66.31,2.44
1294,44734.4,8119.3,684.0,672.0,65.47,0.1
1295,44742.4,8111.8,684.0,672.0,66.88,1.22
1296,44748.1,8106.1,684.0,672.0,68.18,0.46
1297,44756.1,8098.9,684.0,672.0,67.89,2.37
1298,44764.8,8093.0,684.0,672.0,67.41,0.13
1299,44770.3,8087.6,684.0,672.0,67.04,2.5
1300,44780.2,8080.7,684.0,672.0,67.75,0.83
1301,44787.0,8073.2,684.0,672.0,66.29,1.61
1302,44794.0,8067.2,684.0,672.0,65.69,1.79
1303,44693.7,8412.5,672.0,660.0,41.34,36.64
1304,44701.5,8407.5,672.0,660.0,41.0,38.44
1305,44708.7,8399.3,672.0,660.0,36.27,46.99
1306,44716.7,8394.3,672.0,660.0,33.12,49.74
1307,44724.7,8387.3,672.0,660.0,38.5,42.14
1308,44732.2,8380.0,672.0,660.0,40.19,40.96
1309,44739.9,8374.4,672.0,660.0,42.65,37.02
1310,44747.6,8368.7,672.0,660.0,44.72,33.23
1311,44755.9,8361.2,672.0,660.0,48.48,29.45
1312,44762.3,8356.0,672.0,660.0,38.43,44.28
1313,44770.3,8348.0,672.0,660.0,30.59,53.55
1314,44778.0,8342.7,672.0,660.0,32.05,53.05
1315,44786.3,8336.1,672.0,660.0,26.46,60.46
1316,44793.8,8329.7,672.0,660.0,25.13,62.24
1317,44801.1,8324.0,672.0,660.0,35.7,49.6
1318,44808.3,8316.4,672.0,660.0,35.02,49.45
1319,44818.0,8310.7,672.0,660.0,32.15,52.68
1320,44822.3,8303.4,672.0,660.0,34.33,51.36
1321,44832.0,8297.9,672.0,660.0,32.21,52.17
1322,44841.3,8290.3,672.0,660.0,36.68,46.08
1323,44848.5,8284.7,672.0,660.0,40.4,41.83
1324,44853.5,8278.4,672.0,660.0,40.71,37.58
1325,44863.3,8270.4,672.0,660.0,65.08,2.0
1326,44869.4,8266.3,672.0,660.0,66.35,1.4
1327,44877.3,8257.9,672.0,660.0,65.68,2.84
1328,44885.5,8253.7,672.0,660.0,64.91,3.62
1329,44893.0,8245.4,672.0,660.0,61.76,8.73
1330,44900.6,8240.4,672.0,660.0,64.1,4.16
1331,44909.2,8232.5,672.0,660.0,58.91,11.53
1332,44916.7,8226.5,672.0,660.0,60.1,9.85
1333,44922.9,8218.6,672.0,660.0,61.6,8.41
1334,44688.6,8405.8,672.0,660.0,47.34,31.36
1335,44696.5,8399.3,672.0,660.0,41.37,38.08
1336,44702.8,8393.1,672.0,660.0,39.9,42.56
1337,44709.7,8385.4,672.0,660.0,37.67,44.41
1338,44718.0,8380.1,672.0,660.0,41.23,40.67
1339,44725.9,8373.6,672.0,660.0,42.02,37.3
1340,44735.0,8367.7,672.0,660.0,40.75,42.43
1341,44740.9,8359.1,672.0,660.0,33.51,48.74
1342,44748.8,8353.9,672.0,660.0,39.79,42.72
1343,44756.7,8348.0,672.0,660.0,33.45,49.66
1344,44763.7,8340.5,672.0,660.0,32.71,52.43
1345,44770.4,8334.8,672.0,660.0,31.47,53.08
1346,44779.9,8328.9,672.0,660.0,30.13,52.27
1347,44788.2,8321.3,672.0,660.0,32.34,50.83
1348,44794.7,8315.6,672.0,660.0,34.18,49.63
1349,44802.7,8308.0,672.0,660.0,38.8,44.0
1350,44809.6,8301.3,672.0,660.0,36.43,42.92
1351,44816.9,8295.7,672.0,660.0,36.0,48.44
1352,44827.1,8290.4,672.0,660.0,38.09,42.84
1353,44834.5,8283.7,672.0,660.0,39.73,39.66
1354,44840.7,8277.7,672.0,660.0,62.05,7.92
1355,44847.2,8268.8,672.0,660.0,61.69,6.71
1356,44854.6,8264.2,672.0,660.0,63.03,6.09
1357,44864.4,8258.4,672.0,660.0,67.69,0.87
1358,44872.9,8251.8,672.0,660.0,66.94,1.51
1359,44880.1,8243.8,672.0,660.0,65.5,3.82
1360,44887.3,8238.9,672.0,660.0,64.76,2.55
1361,44894.9,8231.5,672.0,660.0,64.25,3.6
1362,44901.8,8224.7,672.0,660.0,65.41,1.85
1363,44909.5,8220.6,672.0,660.0,66.85,4.71
1364,44917.1,8212.8,672.0,660.0,65.23,1.61
1365,44681.2,8397.6,672.0,660.0,47.46,29.38
1366,44688.4,8390.5,672.0,660.0,45.23,32.59
1367,44695.7,8385.4,672.0,660.0,44.76,35.98
1368,44704.1,8380.3,672.0,660.0,42.26,37.5
1369,44713.6,8371.9,672.0,660.0,41.61,38.99
1370,44720.0,8367.3,672.0,660.0,41.13,40.07
1371,44726.4,8359.9,672.0,660.0,39.0,42.48
1372,44734.9,8352.6,672.0,660.0,35.11,45.19
1373,44742.8,8346.9,672.0,660.0,36.45,48.48
1374,44750.6,8339.2,672.0,660.0,34.1,47.1
1375,44759.0,8333.2,672.0,660.0,33.53,50.97
1376,44765.2,8327.0,672.0,660.0,36.95,45.49
1377,44773.0,8320.9,672.0,660.0,31.59,54.22
1378,44781.0,8315.2,672.0,660.0,36.65,47.34
1379,44787.9,8307.8,672.0,660.0,37.42,44.39
1380,44797.0,8301.3,672.0,660.0,37.87,43.06
1381,44801.9,8296.2,672.0,660.0,40.48,41.62
1382,44810.8,8288.8,672.0,660.0,38.1,43.36
1383,44819.2,8282.2,672.0,660.0,64.06,4.9
1384,44826.5,8277.2,672.0,660.0,63.4,4.87
1385,44834.4,8269.7,672.0,660.0,61.33,7.49
1386,44843.2,8262.2,672.0,660.0,60.22,10.78
1387,44850.0,8257.3,672.0,660.0,61.2,10.7
1388,44856.9,8250.2,672.0,660.0,63.92,7.92
1389,44864.3,8244.6,672.0,660.0,65.05,2.39
1390,44872.8,8236.8,672.0,660.0,63.11,5.72
1391,44878.1,8231.2,672.0,660.0,61.86,6.86
1392,44888.1,8225.0,672.0,660.0,60.64,6.73
1393,44895.7,8218.9,672.0,660.0,64.97,2.56
1394,44902.7,8211.9,672.0,660.0,65.09,1.19
1395,44912.0,8204.2,672.0,660.0,64.88,1.39
1396,44673.9,8390.6,672.0,660.0,48.76,29.85
1397,44681.8,8384.7,672.0,660.0,47.22,32.82
1398,44688.8,8377.6,672.0,660.0,44.98,32.56
1399,44698.7,8370.2,672.0,660.0,45.89,31.49
1400,44706.0,8364.9,672.0,660.0,42.86,36.5
1401,44713.1,8358.6,672.0,660.0,52.46,20.9
1402,44722.5,8352.9,672.0,660.0,66.38,2.0
1403,44729.2,8345.9,672.0,660.0,65.63,1.98
1404,44736.3,8337.9,672.0,660.0,65.52,0.36
1405,44743.3,8332.8,672.0,660.0,43.87,37.52
1406,44751.4,8326.0,672.0,660.0,38.04,44.19
1407,44759.5,8319.0,672.0,660.0,39.06,44.14
1408,44766.7,8313.4,672.0,660.0,34.75,47.46
1409,44775.3,8307.1,672.0,660.0,38.07,44.94
1410,44782.7,8299.3,672.0,660.0,36.78,43.86
1411,44790.8,8294.1,672.0,660.0,36.62,46.85
1412,44798.5,8287.0,672.0,660.0,35.56,47.44
1413,44805.7,8281.5,672.0,660.0,33.9,50.57
1414,44812.7,8274.2,672.0,660.0,34.31,48.49
1415,44819.6,8268.9,672.0,660.0,36.02,48.02
1416,44828.4,8261.6,672.0,660.0,49.68,24.66
1417,44835.2,8256.2,672.0,660.0,66.79,1.49
1418,44843.4,8249.7,672.0,660.0,59.84,9.06
1419,44850.4,8241.5,672.0,660.0,60.14,9.69
1420,44857.8,8236.7,672.0,660.0,63.52,6.51
1421,44865.6,8229.4,672.0,660.0,56.49,13.89
1422,44874.5,8223.6,672.0,660.0,54.77,17.52
1423,44881.9,8217.3,672.0,660.0,65.23,4.57
1424,44890.2,8210.4,672.0,660.0,63.53,5.39
1425,44896.6,8204.9,672.0,660.0,64.92,4.33
1426,44904.8,8198.9,672.0,660.0,65.59,2.79
1427,44669.2,8383.7,672.0,660.0,49.63,26.83
1428,44674.9,8376.8,672.0,660.0,54.72,20.56
1429,44683.6,8370.5,672.0,660.0,58.58,11.26
1430,44691.4,8364.5,672.0,660.0,50.82,24.79
1431,44699.1,8358.0,672.0,660.0,45.52,34.72
1432,44706.1,8350.2,672.0,660.0,65.31,0.42
1433,44714.6,8343.6,672.0,660.0,51.98,23.14
1434,44723.8,8338.1,672.0,660.0,65.61,0.98
1435,44730.2,8331.7,672.0,660.0,65.05,1.91
1436,44736.0,8324.4,672.0,660.0,66.15,2.29
1437,44745.1,8319.3,672.0,660.0,39.34,42.47
1438,44753.4,8311.9,672.0,660.0,39.3,43.01
1439,44760.6,8304.5,672.0,660.0,48.54,27.03
1440,44768.0,8298.9,672.0,660.0,35.97,46.89
1441,44776.0,8292.0,672.0,660.0,37.03,46.45
1442,44782.4,8287.7,672.0,660.0,34.86,49.8
1443,44790.6,8280.4,672.0,660.0,33.31,51.66
1444,44798.9,8273.1,672.0,660.0,32.48,50.08
1445,44808.2,8267.3,672.0,660.0,33.57,49.73
1446,44813.3,8261.0,672.0,660.0,43.01,37.04
1447,44820.5,8253.2,672.0,660.0,53.84,22.56
1448,44830.2,8248.2,672.0,660.0,66.19,1.88
1449,44837.2,8241.3,672.0,660.0,65.73,1.8
1450,44844.9,8234.2,672.0,660.0,66.32,1.2
1451,44852.2,8229.1,672.0,660.0,67.41,1.93
1452,44859.6,8222.6,672.0,660.0,61.0,8.14
1453,44867.3,8215.6,672.0,660.0,57.25,14.89
1454,44874.9,8209.7,672.0,660.0,54.89,18.06
1455,44883.9,8202.1,672.0,660.0,57.81,14.15
1456,44889.8,8195.4,672.0,660.0,57.92,12.4
1457,44897.2,8190.3,672.0,660.0,61.12,9.08
1458,44663.2,8373.0,672.0,660.0,51.21,27.22
1459,44668.8,8369.1,672.0,660.0,65.29,3.19
1460,44676.4,8362.2,672.0,660.0,66.48,0.26
1461,44685.2,8355.0,672.0,660.0,65.55,0.97
1462,44693.1,8349.5,672.0,660.0,67.99,1.55
1463,44699.9,8342.9,672.0,660.0,65.97,0.43
1464,44707.2,8336.8,672.0,660.0,65.15,1.77
1465,44714.4,8328.7,672.0,660.0,66.59,0.81
1466,44724.8,8322.2,672.0,660.0,65.55,0.1
1467,44730.9,8316.7,672.0,660.0,61.67,8.34
1468,44738.6,8310.4,672.0,660.0,49.47,26.59
1469,44747.3,8304.4,672.0,660.0,48.58,28.98
1470,44753.4,8297.9,672.0,660.0,46.36,30.37
1471,44762.3,8290.4,672.0,660.0,39.57,41.75
1472,44769.7,8284.0,672.0,660.0,41.96,39.98
1473,44777.1,8279.6,672.0,660.0,35.93,49.47
1474,44785.4,8273.2,672.0,660.0,32.41,52.64
1475,44791.2,8266.2,672.0,660.0,31.88,51.24
1476,44799.3,8259.3,672.0,660.0,35.24,47.58
1477,44808.5,8251.2,672.0,660.0,33.51,47.86
1478,44814.8,8247.8,672.0,660.0,66.96,0.1
1479,44822.6,8240.6,672.0,660.0,63.47,2.41
1480,44829.4,8233.6,672.0,660.0,66.82,2.41
1481,44837.9,8226.6,672.0,660.0,63.83,3.84
1482,44844.9,8220.3,672.0,660.0,64.77,5.51
1483,44853.0,8212.7,672.0,660.0,64.32,5.69
1484,44862.7,8207.3,672.0,660.0,63.81,5.09
1485,44868.2,8201.4,672.0,660.0,63.84,4.76
1486,44875.6,8194.4,672.0,660.0,56.91,16.52
1487,44885.1,8188.0,672.0,660.0,56.31,16.61
1488,44891.1,8181.8,672.0,660.0,61.13,9.43
1489,44654.9,8367.7,672.0,660.0,60.51,10.31
1490,44664.5,8360.8,672.0,660.0,63.54,5.71
1491,44672.0,8353.6,672.0,660.0,64.36,2.0
1492,44678.3,8347.7,672.0,660.0,62.32,6.93
1493,44685.9,8342.1,672.0,660.0,66.22,3.26
1494,44693.8,8334.3,672.0,660.0,67.0,1.71
1495,44700.2,8327.8,672.0,660.0,67.75,1.81
1496,44710.7,8321.8,672.0,660.0,66.3,0.1
1497,44716.8,8315.4,672.0,660.0,64.47,2.94
1498,44723.8,8309.5,672.0,660.0,66.8,2.04
1499,44732.5,8301.9,672.0,660.0,66.55,1.76
1500,44739.2,8295.9,672.0,660.0,65.3,3.16
1501,44746.7,8290.7,672.0,660.0,65.15,3.15
1502,44756.0,8281.8,672.0,660.0,44.47,32.87
1503,44761.2,8276.8,672.0,660.0,46.06,33.41
1504,44770.4,8271.2,672.0,660.0,45.59,34.16
1505,44777.8,8265.0,672.0,660.0,41.89,39.89
1506,44785.6,8259.4,672.0,660.0,37.69,44.82
1507,44792.7,8251.5,672.0,660.0,36.59,46.34
1508,44800.9,8246.1,672.0,660.0,65.95,3.27
1509,44807.9,8239.1,672.0,660.0,66.57,2.44
1510,44815.4,8232.8,672.0,660.0,49.84,25.98
1511,44824.4,8226.4,672.0,660.0,62.54,5.6
1512,44831.7,8220.0,672.0,660.0,62.4,7.7
1513,44841.0,8213.6,672.0,660.0,63.76,4.55
1514,44846.5,8206.2,672.0,660.0,68.1,0.8
1515,44854.3,8201.0,672.0,660.0,65.13,4.67
1516,44863.1,8194.0,672.0,660.0,65.01,6.24
1517,44870.5,8186.5,672.0,660.0,57.79,14.71
1518,44878.1,8181.3,672.0,660.0,54.04,16.34
1519,44885.6,8173.7,672.0,660.0,61.45,8.5
1520,44647.5,8359.4,672.0,660.0,65.08,5.88
1521,44657.8,8353.6,672.0,660.0,64.79,4.16
1522,44664.5,8346.2,672.0,660.0,64.5,5.57
1523,44672.4,8339.0,672.0,660.0,64.56,4.95
1524,44679.3,8334.6,672.0,660.0,64.87,3.49
1525,44687.7,8327.7,672.0,660.0,66.33,0.48
1526,44696.2,8321.6,672.0,660.0,66.6,1.34
1527,44702.1,8314.5,672.0,660.0,63.67,5.47
1528,44711.4,8308.6,672.0,660.0,65.3,1.71
1529,44718.5,8301.8,672.0,660.0,66.49,1.84
1530,44725.9,8296.1,672.0,660.0,56.35,16.68
1531,44733.5,8287.7,672.0,660.0,59.87,12.29
1532,44739.7,8283.3,672.0,660.0,62.33,5.84
1533,44750.1,8275.3,672.0,660.0,62.94,7.01
1534,44756.7,8271.2,672.0,660.0,59.8,11.33
1535,44764.6,8264.2,672.0,660.0,41.73,38.88
1536,44772.3,8257.9,672.0,660.0,40.8,38.74
1537,44779.3,8250.0,672.0,660.0,44.1,37.51
1538,44787.1,8243.9,672.0,660.0,65.26,4.95
1539,44795.0,8235.9,672.0,660.0,64.68,5.76
1540,44802.1,8231.6,672.0,660.0,66.44,3.76
1541,44809.6,8225.3,672.0,660.0,65.78,4.23
1542,44817.0,8217.9,672.0,660.0,67.15,2.41
1543,44824.6,8214.0,672.0,660.0,66.48,1.5
1544,44831.1,8204.1,672.0,660.0,67.55,0.1
1545,44840.1,8199.7,672.0,660.0,65.64,3.16
1546,44847.5,8193.0,672.0,660.0,63.46,7.98
1547,44855.5,8184.8,672.0,660.0,58.02,15.27
1548,44863.5,8179.4,672.0,660.0,49.74,26.4
1549,44871.2,8171.8,672.0,660.0,53.33,21.48
1550,44877.7,8166.7,672.0,660.0,60.76,9.19
1551,44642.0,8353.0,672.0,660.0,61.65,8.58
1552,44649.6,8346.6,672.0,660.0,67.37,0.95
1553,44657.8,8339.6,672.0,660.0,66.96,1.14
1554,44666.8,8332.7,672.0,660.0,66.48,0.23
1555,44673.6,8326.5,672.0,660.0,65.81,1.92
1556,44680.1,8319.5,672.0,660.0,65.55,3.65
1557,44689.6,8313.4,672.0,660.0,64.04,2.63
1558,44698.2,8306.7,672.0,660.0,62.47,3.6
1559,44703.6,8300.4,672.0,660.0,66.02,1.56
1560,44712.9,8294.3,672.0,660.0,61.86,6.81
1561,44718.6,8289.1,672.0,660.0,54.84,18.04
1562,44727.6,8281.7,672.0,660.0,52.54,22.41
1563,44737.3,8273.1,672.0,660.0,55.29,16.21
1564,44742.2,8268.4,672.0,660.0,57.8,16.54
1565,44750.4,8261.8,672.0,660.0,58.84,12.1
1566,44757.1,8254.6,672.0,660.0,50.19,25.41
1567,44764.8,8249.3,672.0,660.0,65.57,1.5
1568,44772.8,8242.8,672.0,660.0,38.36,43.32
1569,44779.0,8235.7,672.0,660.0,36.46,46.89
1570,44788.1,8231.3,672.0,660.0,62.62,6.06
1571,44796.0,8223.9,672.0,660.0,62.73,6.11
1572,44801.6,8218.5,672.0,660.0,43.27,33.06
1573,44810.8,8211.2,672.0,660.0,33.29,50.52
1574,44818.7,8205.1,672.0,660.0,38.02,44.62
1575,44827.4,8196.7,672.0,660.0,68.05,3.11
1576,44833.9,8192.6,672.0,660.0,56.1,15.22
1577,44843.1,8185.1,672.0,660.0,58.21,14.79
1578,44848.2,8179.2,672.0,660.0,56.66,18.07
1579,44856.8,8172.3,672.0,660.0,51.38,24.77
1580,44864.8,8166.3,672.0,660.0,52.43,24.22
1581,44873.9,8158.6,672.0,660.0,54.1,17.2
1582,44636.8,8344.1,672.0,660.0,67.01,0.63
1583,44646.0,8338.0,672.0,660.0,67.36,1.79
1584,44653.2,8331.5,672.0,660.0,66.65,2.29
1585,44658.8,8325.7,672.0,660.0,67.08,0.1
1586,44667.1,8318.9,672.0,660.0,65.82,1.97
1587,44673.3,8312.0,672.0,660.0,63.8,3.84
1588,44683.3,8304.9,672.0,660.0,64.43,5.44
1589,44689.0,8299.2,672.0,660.0,60.67,6.99
1590,44697.4,8292.7,672.0,660.0,58.65,11.32
1591,44705.2,8287.6,672.0,660.0,50.25,22.9
1592,44713.2,8281.7,672.0,660.0,47.52,28.11
1593,44720.8,8272.4,672.0,660.0,50.28,23.04
1594,44728.0,8266.9,672.0,660.0,52.32,20.9
1595,44735.4,8260.4,672.0,660.0,43.39,34.42
1596,44743.8,8253.2,672.0,660.0,41.56,38.97
1597,44750.6,8249.6,672.0,660.0,60.01,10.8
1598,44758.0,8242.8,672.0,660.0,64.85,4.99
1599,44766.0,8235.9,672.0,660.0,65.37,2.89
1600,44773.6,8228.7,672.0,660.0,43.84,34.97
1601,44781.5,8222.0,672.0,660.0,65.7,1.14
1602,44789.7,8215.1,672.0,660.0,65.02,2.05
1603,44797.4,8209.5,672.0,660.0,66.35,2.63
1604,44805.5,8201.2,672.0,660.0,33.78,50.53
1605,44812.0,8197.2,672.0,660.0,48.37,30.59
1606,44819.0,8191.2,672.0,660.0,43.92,38.18
1607,44827.8,8183.9,672.0,660.0,61.52,8.69
1608,44835.6,8176.9,672.0,660.0,51.85,23.33
1609,44842.0,8171.1,672.0,660.0,56.93,14.91
1610,44850.6,8164.2,672.0,660.0,55.91,17.9
1611,44859.2,8157.3,672.0,660.0,55.58,18.89
1612,44865.3,8151.4,672.0,660.0,52.97,21.5
1613,44629.0,8338.3,672.0,660.0,65.08,2.66
1614,44638.8,8330.6,672.0,660.0,64.94,0.51
1615,44645.3,8323.4,672.0,660.0,65.85,1.6
1616,44651.7,8315.5,672.0,660.0,66.28,1.89
1617,44661.1,8310.9,672.0,660.0,66.82,1.59
1618,44668.1,8305.4,672.0,660.0,63.97,0.17
1619,44675.4,8298.6,672.0,660.0,64.7,3.1
1620,44683.1,8291.4,672.0,660.0,66.2,2.56
1621,44692.2,8286.2,672.0,660.0,66.65,0.47
1622,44699.4,8279.1,672.0,660.0,56.04,12.63
1623,44707.1,8272.4,672.0,660.0,53.37,21.06
1624,44713.3,8266.4,672.0,660.0,55.0,20.38
1625,44721.1,8258.8,672.0,660.0,52.56,19.37
1626,44730.4,8252.0,672.0,660.0,55.62,15.48
1627,44737.2,8247.4,672.0,660.0,58.77,13.97
1628,44744.3,8239.7,672.0,660.0,47.12,32.31
1629,44752.8,8234.4,672.0,660.0,48.34,27.16
1630,44760.0,8227.6,672.0,660.0,56.69,14.37
1631,44768.0,8220.5,672.0,660.0,62.81,5.72
1632,44774.8,8216.2,672.0,660.0,62.5,7.04
1633,44782.7,8209.7,672.0,660.0,65.6,3.66
1634,44791.2,8201.5,672.0,660.0,68.6,0.91
1635,44796.8,8195.5,672.0,660.0,67.14,1.33
1636,44805.8,8188.4,672.0,660.0,34.58,49.38
1637,44813.8,8181.3,672.0,660.0,44.3,34.51
1638,44821.7,8176.3,672.0,660.0,39.28,42.17
1639,44829.3,8168.3,672.0,660.0,45.24,36.09
1640,44837.8,8163.1,672.0,660.0,54.71,18.42
1641,44844.2,8156.4,672.0,660.0,51.43,21.45
1642,44852.5,8152.4,672.0,660.0,52.07,23.32
1643,44860.8,8144.7,672.0,660.0,50.48,24.15
1644,44623.8,8329.5,672.0,660.0,65.38,2.61
1645,44631.4,8322.8,672.0,660.0,64.66,4.19
1646,44637.6,8316.1,672.0,660.0,65.96,4.22
1647,44647.2,8309.3,672.0,660.0,65.86,2.72
1648,44653.7,8304.6,672.0,660.0,66.26,1.78
1649,44661.8,8297.2,672.0,660.0,65.89,0.41
1650,44670.0,8290.0,672.0,660.0,66.33,1.19
1651,44677.4,8283.8,672.0,660.0,66.0,2.47
1652,44684.1,8277.5,672.0,660.0,66.45,1.85
1653,44693.2,8270.8,672.0,660.0,64.9,1.34
1654,44700.3,8264.7,672.0,660.0,65.03,1.63
1655,44707.0,8258.5,672.0,660.0,64.77,1.84
1656,44716.1,8252.6,672.0,660.0,62.35,6.75
1657,44722.4,8246.4,672.0,660.0,60.56,8.31
1658,44730.5,8239.6,672.0,660.0,62.95,7.92
1659,44738.4,8232.7,672.0,660.0,50.15,24.69
1660,44746.2,8224.9,672.0,660.0,49.35,25.04
1661,44753.4,8220.1,672.0,660.0,54.36,19.14
1662,44761.3,8213.1,672.0,660.0,59.28,13.59
1663,44769.7,8207.2,672.0,660.0,60.59,11.1
1664,44775.7,8200.2,672.0,660.0,56.79,17.5
1665,44783.6,8196.1,672.0,660.0,59.7,7.99
1666,44790.6,8187.4,672.0,660.0,60.56,10.51
1667,44800.3,8181.5,672.0,660.0,59.01,12.52
1668,44808.2,8174.2,672.0,660.0,41.25,39.77
1669,44814.5,8167.4,672.0,660.0,43.21,37.2
1670,44822.4,8162.1,672.0,660.0,48.74,26.04
1671,44831.8,8155.6,672.0,660.0,49.14,29.12
1672,44837.3,8148.9,672.0,660.0,48.49,27.57
1673,44844.9,8143.3,672.0,660.0,54.23,19.06
1674,44854.3,8135.8,672.0,660.0,58.19,14.87
1675,44614.4,8322.2,672.0,660.0,62.06,8.29
1676,44624.6,8314.0,672.0,660.0,61.84,7.25
1677,44633.8,8307.2,672.0,660.0,64.66,4.58
1678,44641.0,8302.3,672.0,660.0,64.51,4.06
1679,44646.9,8296.0,672.0,660.0,66.05,1.5
1680,44655.8,8288.6,672.0,660.0,65.57,1.4
1681,44664.0,8283.9,672.0,660.0,65.53,2.75
1682,44668.8,8275.4,672.0,660.0,66.68,0.49
1683,44678.2,8269.9,672.0,660.0,66.38,2.16
1684,44685.2,8262.9,672.0,660.0,65.95,0.98
1685,44693.1,8256.6,672.0,660.0,65.94,3.23
1686,44701.5,8251.7,672.0,660.0,65.66,1.47
1687,44707.3,8244.8,672.0,660.0,65.44,0.22
1688,44715.6,8237.9,672.0,660.0,66.36,0.52
1689,44724.2,8232.6,672.0,660.0,66.62,1.29
1690,44732.7,8225.6,672.0,660.0,63.9,6.01
1691,44740.2,8217.9,672.0,660.0,53.92,20.97
1692,44747.3,8213.4,672.0,660.0,59.29,12.85
1693,44754.5,8204.8,672.0,660.0,55.89,15.92
1694,44763.5,8201.1,672.0,660.0,54.87,17.27
1695,44770.4,8193.3,672.0,660.0,57.53,14.24
1696,44777.6,8187.2,672.0,660.0,54.74,17.96
1697,44785.7,8180.6,672.0,660.0,59.23,9.43
1698,44793.5,8174.4,672.0,660.0,60.18,9.79
1699,44800.5,8167.5,672.0,660.0,57.29,14.11
1700,44808.3,8159.2,672.0,660.0,55.92,18.44
1701,44816.4,8154.4,672.0,660.0,42.26,35.51
1702,44824.4,8147.7,672.0,660.0,49.18,26.93
1703,44831.5,8142.6,672.0,660.0,41.06,37.97
1704,44840.0,8135.1,672.0,660.0,43.06,35.26
1705,44846.4,8128.7,672.0,660.0,45.67,32.94
1706,44609.7,8312.6,672.0,660.0,60.73,11.17
1707,44617.6,8308.1,672.0,660.0,60.88,7.61
1708,44625.5,8302.0,672.0,660.0,61.54,8.26
1709,44634.2,8295.7,672.0,660.0,62.69,4.71
1710,44641.1,8289.3,672.0,660.0,65.27,0.98
1711,44647.6,8281.1,672.0,660.0,66.95,1.6
1712,44656.6,8273.6,672.0,660.0,65.53,2.85
1713,44663.7,8267.1,672.0,660.0,65.71,1.45
1714,44672.0,8261.1,672.0,660.0,67.97,2.15
1715,44680.1,8254.8,672.0,660.0,65.83,0.89
1716,44688.9,8248.9,672.0,660.0,66.71,0.49
1717,44696.1,8242.7,672.0,660.0,66.87,1.23
1718,44702.7,8236.7,672.0,660.0,66.64,2.1
1719,44708.9,8230.2,672.0,660.0,67.2,0.7
1720,44718.1,8223.9,672.0,660.0,67.34,2.03
1721,44727.1,8217.5,672.0,660.0,67.74,0.64
1722,44734.2,8211.0,672.0,660.0,63.62,3.25
1723,44740.6,8204.3,672.0,660.0,58.09,9.88
1724,44749.5,8199.1,672.0,660.0,54.77,17.93
1725,44755.3,8191.4,672.0,660.0,50.99,23.55
1726,44765.3,8184.6,672.0,660.0,50.04,24.36
1727,44770.3,8179.9,672.0,660.0,53.32,22.07
1728,44779.3,8172.8,672.0,660.0,52.88,20.4
1729,44787.2,8164.9,672.0,660.0,44.82,32.19
1730,44794.3,8160.0,672.0,660.0,39.15,41.76
1731,44801.8,8152.6,672.0,660.0,42.9,38.53
1732,44810.1,8147.4,672.0,660.0,44.03,35.35
1733,44818.7,8140.6,672.0,660.0,35.06,47.69
1734,44825.0,8132.8,672.0,660.0,37.41,46.94
1735,44833.2,8126.6,672.0,660.0,42.4,34.12
1736,44840.1,8119.5,672.0,660.0,51.16,22.99
1737,44605.1,8305.9,672.0,660.0,61.8,6.56
1738,44612.9,8299.3,672.0,660.0,63.19,4.15
1739,44619.8,8293.5,672.0,660.0,65.39,5.65
1740,44625.2,8286.8,672.0,660.0,65.62,4.59
1741,44634.4,8280.3,672.0,660.0,64.48,3.0
1742,44642.3,8275.5,672.0,660.0,65.66,5.53
1743,44650.4,8267.5,672.0,660.0,65.26,4.17
1744,44658.5,8260.8,672.0,660.0,67.49,0.82
1745,44666.3,8254.8,672.0,660.0,67.9,2.42
1746,44673.1,8247.5,672.0,660.0,67.02,0.49
1747,44679.8,8240.7,672.0,660.0,66.86,0.37
1748,44688.7,8235.0,672.0,660.0,66.29,1.39
1749,44695.8,8228.9,672.0,660.0,66.14,1.31
1750,44704.0,8221.9,672.0,660.0,67.4,1.34
1751,44711.0,8215.1,672.0,660.0,65.47,1.46
1752,44720.1,8209.7,672.0,660.0,66.62,0.7
1753,44728.4,8202.9,672.0,660.0,65.58,2.07
1754,44733.1,8195.8,672.0,660.0,65.28,2.78
1755,44742.8,8191.0,672.0,660.0,62.24,7.03
1756,44749.7,8183.5,672.0,660.0,61.03,10.18
1757,44757.0,8177.1,672.0,660.0,55.25,20.39
1758,44765.8,8170.5,672.0,660.0,57.53,12.39
1759,44772.0,8165.5,672.0,660.0,57.99,13.46
1760,44779.1,8158.4,672.0,660.0,55.72,15.19
1761,44788.3,8152.6,672.0,660.0,39.72,39.72
1762,44794.7,8146.5,672.0,660.0,38.59,41.45
1763,44803.8,8138.1,672.0,660.0,39.47,40.29
1764,44811.6,8132.7,672.0,660.0,32.99,52.0
1765,44820.0,8125.6,672.0,660.0,37.23,46.73
1766,44825.6,8119.8,672.0,660.0,37.29,43.89
1767,44834.0,8114.9,672.0,660.0,50.91,24.28
1768,44599.2,8299.1,672.0,660.0,65.58,1.64
1769,44605.8,8291.8,672.0,660.0,66.54,1.1
1770,44612.6,8285.9,672.0,660.0,66.91,1.35
1771,44621.2,8280.2,672.0,660.0,66.7,0.71
1772,44628.2,8273.0,672.0,660.0,68.08,0.88
1773,44634.0,8264.9,672.0,660.0,66.15,1.85
1774,44644.1,8259.8,672.0,660.0,63.25,4.38
1775,44650.9,8253.2,672.0,660.0,66.31,1.16
1776,44659.6,8246.9,672.0,660.0,65.86,0.51
1777,44666.5,8239.7,672.0,660.0,67.48,2.23
1778,44674.3,8233.7,672.0,660.0,66.64,1.08
1779,44681.1,8227.1,672.0,660.0,65.3,0.67
1780,44692.3,8219.3,672.0,660.0,66.73,1.44
1781,44696.1,8214.9,672.0,660.0,66.85,0.1
1782,44705.5,8208.8,672.0,660.0,68.72,1.49
1783,44712.3,8201.9,672.0,660.0,66.79,1.25
1784,44719.4,8196.0,672.0,660.0,68.17,1.29
1785,44728.6,8190.0,672.0,660.0,66.25,0.27
1786,44734.8,8182.2,672.0,660.0,64.3,3.57
1787,44742.8,8176.1,672.0,660.0,66.13,3.35
1788,44751.2,8170.3,672.0,660.0,66.45,1.45
1789,44759.1,8163.8,672.0,660.0,66.17,0.86
1790,44767.4,8155.3,672.0,660.0,64.72,4.98
1791,44773.4,8151.7,672.0,660.0,60.16,9.77
1792,44781.5,8145.0,672.0,660.0,61.31,9.42
1793,44789.1,8138.0,672.0,660.0,58.18,12.14
1794,44798.2,8131.0,672.0,660.0,54.95,17.51
1795,44806.0,8125.3,672.0,660.0,42.08,37.63
1796,44812.1,8118.9,672.0,660.0,51.63,24.78
1797,44819.1,8111.7,672.0,660.0,48.13,25.89
1798,44827.9,8105.3,672.0,660.0,49.95,27.57
1799,44591.6,8289.2,672.0,660.0,66.32,2.48
1800,44597.8,8282.6,672.0,660.0,66.44,0.81
1801,44606.7,8276.7,672.0,660.0,66.89,1.52
1802,44614.0,8270.7,672.0,660.0,65.47,1.7
1803,44622.8,8265.1,672.0,660.0,66.69,1.81
1804,44629.9,8258.8,672.0,660.0,65.16,3.44
1805,44637.3,8251.2,672.0,660.0,66.08,0.7
1806,44645.4,8245.9,672.0,660.0,67.47,1.11
1807,44652.8,8239.4,672.0,660.0,65.92,1.75
1808,44660.6,8235.0,672.0,660.0,67.47,0.1
1809,44667.9,8227.3,672.0,660.0,66.83,0.31
1810,44675.5,8218.6,672.0,660.0,67.68,1.58
1811,44685.1,8213.1,672.0,660.0,68.27,0.1
1812,44690.6,8205.4,672.0,660.0,67.59,0.21
1813,44698.6,8200.5,672.0,660.0,67.87,0.5
1814,44706.7,8193.2,672.0,660.0,68.69,0.41
1815,44712.5,8187.2,672.0,660.0,66.69,1.74
1816,44721.3,8182.0,672.0,660.0,66.57,1.62
1817,44729.3,8175.2,672.0,660.0,65.19,0.11
1818,44736.5,8168.9,672.0,660.0,66.37,1.41
1819,44744.9,8163.2,672.0,660.0,66.51,2.27
1820,44752.9,8155.5,672.0,660.0,67.09,1.1
1821,44759.1,8148.7,672.0,660.0,67.6,1.12
1822,44767.4,8142.5,672.0,660.0,60.52,7.25
1823,44773.2,8136.0,672.0,660.0,62.61,5.59
1824,44782.8,8130.3,672.0,660.0,60.54,8.4
1825,44789.5,8123.0,672.0,660.0,60.51,9.4
1826,44798.1,8117.7,672.0,660.0,61.73,8.45
1827,44805.0,8110.8,672.0,660.0,55.71,17.08
1828,44812.9,8104.1,672.0,660.0,50.61,25.56
1829,44821.7,8098.9,672.0,660.0,38.63,43.0
1830,44584.6,8283.0,672.0,660.0,66.17,0.64
1831,44592.1,8276.2,672.0,660.0,66.38,3.1
1832,44599.6,8271.2,672.0,660.0,65.19,2.38
1833,44608.9,8263.5,672.0,660.0,65.65,1.36
1834,44615.5,8256.5,672.0,660.0,65.66,1.43
1835,44623.7,8249.6,672.0,660.0,65.88,0.53
1836,44632.2,8245.9,672.0,660.0,65.74,2.33
1837,44639.7,8239.7,672.0,660.0,66.04,1.17
1838,44646.9,8231.0,672.0,660.0,66.93,0.38
1839,44653.2,8225.4,672.0,660.0,66.05,1.93
1840,44661.8,8219.2,672.0,660.0,68.12,1.19
1841,44668.7,8211.9,672.0,660.0,67.19,1.29
1842,44676.1,8206.3,672.0,660.0,67.57,0.87
1843,44684.3,8199.1,672.0,660.0,68.31,0.1
1844,44691.1,8193.0,672.0,660.0,66.9,0.73
1845,44700.8,8187.5,672.0,660.0,66.14,1.12
1846,44707.7,8181.7,672.0,660.0,66.6,0.1
1847,44714.4,8173.3,672.0,660.0,66.22,2.81
1848,44722.0,8167.7,672.0,660.0,65.37,1.53
1849,44732.4,8159.9,672.0,660.0,65.34,0.77
1850,44739.1,8154.2,672.0,660.0,66.49,1.82
1851,44746.4,8147.9,672.0,660.0,65.78,1.89
1852,44754.1,8142.7,672.0,660.0,66.17,1.67
1853,44760.7,8134.9,672.0,660.0,64.68,3.08
1854,44769.4,8127.8,672.0,660.0,61.97,9.59
1855,44775.3,8122.4,672.0,660.0,56.51,15.24
1856,44782.6,8115.2,672.0,660.0,55.75,16.86
1857,44792.2,8110.6,672.0,660.0,59.82,11.22
1858,44798.2,8101.6,672.0,660.0,57.26,15.0
1859,44806.8,8097.5,672.0,660.0,53.9,19.31
1860,44815.0,8091.1,672.0,660.0,54.51,16.51
1861,44577.7,8275.2,672.0,660.0,66.72,1.52
1862,44586.3,8267.8,672.0,660.0,67.04,2.37
1863,44594.5,8261.9,672.0,660.0,67.2,1.53
1864,44599.6,8255.9,672.0,660.0,66.34,2.22
1865,44609.8,8248.3,672.0,660.0,65.5,2.1
1866,44616.9,8242.7,672.0,660.0,66.2,1.81
1867,44623.4,8237.5,672.0,660.0,68.03,1.41
1868,44634.0,8230.4,672.0,660.0,67.13,1.36
1869,44640.0,8223.9,672.0,660.0,67.83,1.14
1870,44647.1,8218.4,672.0,660.0,66.95,0.97
1871,44655.7,8210.8,672.0,660.0,66.06,0.29
1872,44662.5,8202.7,672.0,660.0,66.04,0.3
1873,44669.4,8198.5,672.0,660.0,68.05,1.06
1874,44678.7,8192.8,672.0,660.0,66.34,2.73
1875,44684.5,8186.0,672.0,660.0,66.3,0.55
1876,44692.8,8178.7,672.0,660.0,66.33,1.75
1877,44701.3,8174.1,672.0,660.0,66.08,0.87
1878,44708.2,8167.9,672.0,660.0,67.25,1.38
1879,44716.4,8159.4,672.0,660.0,67.26,1.78
1880,44723.9,8153.0,672.0,660.0,67.74,1.44
1881,44732.7,8148.1,672.0,660.0,67.79,2.36
1882,44739.1,8139.9,672.0,660.0,67.81,2.53
1883,44746.4,8133.6,672.0,660.0,66.97,2.14
1884,44755.3,8127.7,672.0,660.0,65.57,4.02
1885,44762.9,8121.4,672.0,660.0,63.7,4.13
1886,44770.4,8113.6,672.0,660.0,65.11,2.65
1887,44778.3,8107.9,672.0,660.0,63.43,5.34
1888,44785.0,8101.8,672.0,660.0,63.86,7.47
1889,44793.0,8094.4,672.0,660.0,60.34,9.92
1890,44799.9,8088.3,672.0,660.0,58.69,13.25
1891,44809.9,8082.6,672.0,660.0,53.51,20.67
1892,44573.2,8267.2,672.0,660.0,65.66,6.9
1893,44579.4,8261.3,672.0,660.0,64.43,2.64
1894,44585.8,8255.0,672.0,660.0,67.69,0.92
1895,44594.5,8248.3,672.0,660.0,65.5,3.05
1896,44602.5,8241.9,672.0,660.0,67.0,0.5
1897,44608.4,8236.1,672.0,660.0,67.73,2.87
1898,44617.9,8230.1,672.0,660.0,63.76,6.16
1899,44624.9,8222.8,672.0,660.0,65.47,1.18
1900,44633.5,8215.6,672.0,660.0,66.93,2.46
1901,44638.7,8210.6,672.0,660.0,66.9,0.82
1902,44648.2,8203.9,672.0,660.0,67.6,1.4
1903,44655.1,8197.1,672.0,660.0,68.19,1.46
1904,44663.5,8191.3,672.0,660.0,67.99,1.32
1905,44671.7,8184.0,672.0,660.0,66.82,0.1
1906,44677.6,8177.9,672.0,660.0,67.78,1.61
1907,44687.1,8171.4,672.0,660.0,67.89,1.86
1908,44694.8,8164.8,672.0,660.0,67.34,0.99
1909,44703.9,8157.4,672.0,660.0,67.41,1.39
1910,44708.8,8152.3,672.0,660.0,66.26,0.27
1911,44718.6,8145.8,672.0,660.0,67.57,0.43
1912,44724.9,8138.5,672.0,660.0,65.72,1.18
1913,44733.4,8131.1,672.0,660.0,67.09,0.58
1914,44741.7,8125.8,672.0,660.0,65.92,0.17
1915,44748.8,8120.0,672.0,660.0,67.58,2.05
1916,44755.8,8111.5,672.0,660.0,67.64,0.9
1917,44763.1,8107.1,672.0,660.0,65.99,0.23
1918,44771.0,8100.5,672.0,660.0,65.8,4.29
1919,44778.9,8095.8,672.0,660.0,63.79,5.25
1920,44787.5,8088.6,672.0,660.0,62.36,5.75
1921,44793.5,8081.8,672.0,660.0,67.46,1.82
1922,44801.6,8075.6,672.0,660.0,65.4,5.19
1923,44565.7,8259.4,672.0,660.0,47.1,30.04
1924,44572.3,8253.8,672.0,660.0,60.69,10.26
1925,44582.3,8247.1,672.0,660.0,64.84,4.42
1926,44590.1,8239.8,672.0,660.0,65.69,5.23
1927,44594.7,8235.0,672.0,660.0,62.95,7.78
1928,44603.8,8227.9,672.0,660.0,66.93,0.12
1929,44610.2,8221.5,672.0,660.0,63.15,7.36
1930,44618.7,8215.1,672.0,660.0,61.45,6.93
1931,44627.6,8208.6,672.0,660.0,66.83,0.1
1932,44633.8,8202.7,672.0,660.0,67.43,1.3
1933,44643.6,8196.6,672.0,660.0,67.19,0.51
1934,44650.7,8188.4,672.0,660.0,67.74,1.5
1935,44657.7,8181.6,672.0,660.0,67.83,0.1
1936,44664.1,8175.0,672.0,660.0,66.86,0.52
1937,44672.4,8170.2,672.0,660.0,65.75,0.36
1938,44681.3,8163.1,672.0,660.0,66.9,2.18
1939,44688.9,8157.5,672.0,660.0,66.41,1.34
1940,44695.9,8151.1,672.0,660.0,65.93,0.31
1941,44703.2,8144.4,672.0,660.0,67.53,1.07
1942,44712.0,8137.9,672.0,660.0,65.89,1.3
1943,44719.1,8131.7,672.0,660.0,68.07,1.33
1944,44726.6,8126.0,672.0,660.0,65.54,3.81
1945,44734.4,8119.3,672.0,660.0,66.51,2.27
1946,44742.4,8111.8,672.0,660.0,66.54,1.12
1947,44748.1,8106.1,672.0,660.0,66.89,2.76
1948,44756.1,8098.9,672.0,660.0,68.48,1.28
1949,44764.8,8093.0,672.0,660.0,66.83,4.63
1950,44770.3,8087.6,672.0,660.0,65.03,5.92
1951,44780.2,8080.7,672.0,660.0,64.6,3.43
1952,44787.0,8073.2,672.0,660.0,44.64,34.25
1953,44794.0,8067.2,672.0,660.0,63.97,4.74
