HOLE_ID,FROM,TO,LITH
DD0001,0.0,3.0,OB
DD0001,3.0,56.25,VCL
DD0001,56.25,102.5,FWV
DD0002,0.0,7.25,OB
DD0002,7.25,52.5,HWS
DD0002,52.5,170.0,VCL
DD0002,170.0,240.1,FWV
DD0003,0.0,7.75,OB
DD0003,7.75,157.25,HWS
DD0003,157.25,277.0,VCL
DD0003,277.0,305.04,FWV
DD0004,0.0,8.25,OB
DD0004,8.25,245.0,HWS
DD0004,245.0,376.0,VCL
DD0004,376.0,445.14,FWV
DD0005,0.0,10.5,OB
DD0005,10.5,426.25,HWS
DD0005,426.25,559.25,VCL
DD0005,559.25,636.32,FWV
DD0006,0.0,2.25,OB
DD0006,2.25,535.0,HWS
DD0006,535.0,660.0,VCL
DD0006,660.0,782.53,FWV
DD0007,0.0,2.25,OB
DD0007,2.25,598.0,HWS
DD0007,598.0,725.75,VCL
DD0007,725.75,826.12,FWV
DD0008,0.0,6.25,OB
DD0008,6.25,54.0,VCL
DD0008,54.0,88.37,FWV
DD0009,0.0,6.0,OB
DD0009,6.0,47.75,HWS
DD0009,47.75,168.75,VCL
DD0009,168.75,227.6,FWV
DD0010,0.0,6.5,OB
DD0010,6.5,162.5,HWS
DD0010,162.5,281.0,VCL
DD0010,281.0,357.18,FWV
DD0011,0.0,12.75,OB
DD0011,12.75,13.25,HWS
DD0011,13.25,14.25,OB
DD0011,14.25,257.0,HWS
DD0011,257.0,378.25,VCL
DD0011,378.25,467.01,FWV
DD0012,0.0,14.5,OB
DD0012,14.5,377.5,HWS
DD0012,377.5,495.5,VCL
DD0012,495.5,565.83,FWV
DD0013,0.0,19.5,OB
DD0013,19.5,476.25,HWS
DD0013,476.25,592.5,VCL
DD0013,592.5,648.78,FWV
DD0014,0.0,16.0,OB
DD0014,16.0,529.25,HWS
DD0014,529.25,659.75,VCL
DD0014,659.75,740.92,FWV
DD0015,0.0,4.25,OB
DD0015,4.25,615.5,HWS
DD0015,615.5,747.75,VCL
DD0015,747.75,846.79,FWV
DD0016,0.0,5.0,OB
DD0016,5.0,59.5,VCL
DD0016,59.5,72.65,FWV
DD0017,0.0,5.0,OB
DD0017,5.0,121.75,VCL
DD0017,121.75,131.98,FWV
DD0018,0.0,4.5,OB
DD0018,4.5,43.25,HWS
DD0018,43.25,183.0,VCL
DD0018,183.0,210.99,FWV
DD0019,0.0,0.75,OB
DD0019,0.75,119.75,HWS
DD0019,119.75,251.25,VCL
DD0019,251.25,335.33,FWV
DD0020,0.0,8.25,OB
DD0020,8.25,201.5,HWS
DD0020,201.5,326.25,VCL
DD0020,326.25,351.21,FWV
DD0021,0.0,4.25,OB
DD0021,4.25,288.0,HWS
DD0021,288.0,408.0,VCL
DD0021,408.0,464.88,FWV
DD0022,0.0,10.5,OB
DD0022,10.5,326.25,HWS
DD0022,326.25,452.5,VCL
DD0022,452.5,480.98,FWV
DD0023,0.0,17.75,OB
DD0023,17.75,423.25,HWS
DD0023,423.25,543.25,VCL
DD0023,543.25,573.41,FWV
DD0024,0.0,20.0,OB
DD0024,20.0,462.0,HWS
DD0024,462.0,585.75,VCL
DD0024,585.75,641.42,FWV
DD0025,0.0,12.5,OB
DD0025,12.5,530.0,HWS
DD0025,530.0,652.5,VCL
DD0025,652.5,718.1,FWV
DD0026,0.0,7.25,OB
DD0026,7.25,598.75,HWS
DD0026,598.75,720.0,VCL
DD0026,720.0,848.97,FWV
DD0027,0.0,10.0,OB
DD0027,10.0,747.75,HWS
DD0027,747.75,861.25,VCL
DD0027,861.25,958.12,FWV
DD0028,0.0,5.0,OB
DD0028,5.0,56.25,VCL
DD0028,56.25,88.09,FWV
DD0029,0.0,4.5,OB
DD0029,4.5,122.75,VCL
DD0029,122.75,202.19,FWV
DD0030,0.0,2.75,OB
DD0030,2.75,39.75,HWS
DD0030,39.75,176.25,VCL
DD0030,176.25,179.5,SMS
DD0030,179.5,180.75,VCL
DD0030,180.75,254.35,FWV
DD0031,0.0,3.25,OB
DD0031,3.25,139.0,HWS
DD0031,139.0,258.5,VCL
DD0031,258.5,261.5,SMS
DD0031,261.5,263.25,VCL
DD0031,263.25,335.17,FWV
DD0032,0.0,8.5,OB
DD0032,8.5,186.5,HWS
DD0032,186.5,313.75,VCL
DD0032,313.75,348.98,FWV
DD0033,0.0,4.25,OB
DD0033,4.25,5.25,HWS
DD0033,5.25,6.0,OB
DD0033,6.0,277.75,HWS
DD0033,277.75,399.25,VCL
DD0033,399.25,424.43,FWV
DD0034,0.0,5.25,OB
DD0034,5.25,299.5,HWS
DD0034,299.5,434.25,VCL
DD0034,434.25,533.55,FWV
DD0035,0.0,11.0,OB
DD0035,11.0,382.75,HWS
DD0035,382.75,508.0,VCL
DD0035,508.0,574.49,FWV
DD0036,0.0,13.0,OB
DD0036,13.0,420.75,HWS
DD0036,420.75,551.75,VCL
DD0036,551.75,595.3,FWV
DD0037,0.0,12.75,OB
DD0037,12.75,460.75,HWS
DD0037,460.75,595.0,VCL
DD0037,595.0,694.49,FWV
DD0038,0.0,11.0,OB
DD0038,11.0,551.0,HWS
DD0038,551.0,677.75,VCL
DD0038,677.75,773.45,FWV
DD0039,0.0,8.5,OB
DD0039,8.5,583.25,HWS
DD0039,583.25,715.5,VCL
DD0039,715.5,792.18,FWV
DD0040,0.0,6.5,OB
DD0040,6.5,56.5,VCL
DD0040,56.5,70.84,FWV
DD0041,0.0,8.0,OB
DD0041,8.0,8.75,HWS
DD0041,8.75,9.25,VCL
DD0041,9.25,9.75,OB
DD0041,9.75,129.5,VCL
DD0041,129.5,135.25,SMS
DD0041,135.25,138.0,VCL
DD0041,138.0,184.12,FWV
DD0042,0.0,5.75,OB
DD0042,5.75,113.25,HWS
DD0042,113.25,226.25,VCL
DD0042,226.25,236.0,SMS
DD0042,236.0,288.36,FWV
DD0043,0.0,9.5,OB
DD0043,9.5,204.0,HWS
DD0043,204.0,316.5,VCL
DD0043,316.5,320.0,SMS
DD0043,320.0,322.5,VCL
DD0043,322.5,377.52,FWV
DD0044,0.0,3.75,OB
DD0044,3.75,261.25,HWS
DD0044,261.25,390.5,VCL
DD0044,390.5,487.85,FWV
DD0045,0.0,7.0,OB
DD0045,7.0,389.25,HWS
DD0045,389.25,506.25,VCL
DD0045,506.25,546.75,FWV
DD0046,0.0,12.0,OB
DD0046,12.0,451.5,HWS
DD0046,451.5,574.5,VCL
DD0046,574.5,683.33,FWV
DD0047,0.0,17.0,OB
DD0047,17.0,528.75,HWS
DD0047,528.75,555.5,VCL
DD0047,555.5,557.5,SMS
DD0047,557.5,649.5,VCL
DD0047,649.5,699.94,FWV
DD0048,0.0,9.25,OB
DD0048,9.25,585.75,HWS
DD0048,585.75,710.0,VCL
DD0048,710.0,803.62,FWV
DD0049,0.0,8.0,OB
DD0049,8.0,50.25,VCL
DD0049,50.25,68.17,FWV
DD0050,0.0,8.5,OB
DD0050,8.5,126.25,VCL
DD0050,126.25,136.25,SMS
DD0050,136.25,136.5,VCL
DD0050,136.5,189.53,FWV
DD0051,0.0,7.0,OB
DD0051,7.0,93.5,HWS
DD0051,93.5,211.25,VCL
DD0051,211.25,213.5,SMS
DD0051,213.5,224.75,MS
DD0051,224.75,227.25,SMS
DD0051,227.25,263.36,FWV
DD0052,0.0,14.75,OB
DD0052,14.75,165.75,HWS
DD0052,165.75,293.5,VCL
DD0052,293.5,302.75,SMS
DD0052,302.75,385.88,FWV
DD0053,0.0,10.5,OB
DD0053,10.5,279.25,HWS
DD0053,279.25,400.5,VCL
DD0053,400.5,434.35,FWV
DD0054,0.0,6.25,OB
DD0054,6.25,417.0,HWS
DD0054,417.0,543.75,VCL
DD0054,543.75,643.01,FWV
DD0055,0.0,5.75,OB
DD0055,5.75,6.5,HWS
DD0055,6.5,6.75,OB
DD0055,6.75,599.25,HWS
DD0055,599.25,620.0,VCL
DD0055,620.0,626.0,SMS
DD0055,626.0,714.0,VCL
DD0055,714.0,812.56,FWV
DD0056,0.0,3.5,OB
DD0056,3.5,54.5,VCL
DD0056,54.5,99.5,FWV
DD0057,0.0,9.5,OB
DD0057,9.5,114.75,VCL
DD0057,114.75,129.0,SMS
DD0057,129.0,195.03,FWV
DD0058,0.0,12.0,OB
DD0058,12.0,46.0,HWS
DD0058,46.0,173.75,VCL
DD0058,173.75,175.75,SMS
DD0058,175.75,185.25,MS
DD0058,185.25,187.25,SMS
DD0058,187.25,192.75,STR
DD0058,192.75,263.17,FWV
DD0059,0.0,8.0,OB
DD0059,8.0,113.75,HWS
DD0059,113.75,238.0,VCL
DD0059,238.0,240.25,SMS
DD0059,240.25,250.75,MS
DD0059,250.75,253.0,SMS
DD0059,253.0,258.0,STR
DD0059,258.0,322.33,FWV
DD0060,0.0,9.0,OB
DD0060,9.0,260.0,HWS
DD0060,260.0,384.75,VCL
DD0060,384.75,416.52,FWV
DD0061,0.0,13.75,OB
DD0061,13.75,14.0,HWS
DD0061,14.0,15.75,OB
DD0061,15.75,430.75,HWS
DD0061,430.75,549.75,VCL
DD0061,549.75,600.97,FWV
DD0062,0.0,14.5,OB
DD0062,14.5,475.0,HWS
DD0062,475.0,501.25,VCL
DD0062,501.25,506.5,SMS
DD0062,506.5,594.5,VCL
DD0062,594.5,699.52,FWV
DD0063,0.0,9.5,OB
DD0063,9.5,552.5,HWS
DD0063,552.5,574.5,VCL
DD0063,574.5,575.5,SMS
DD0063,575.5,579.5,MS
DD0063,579.5,580.25,SMS
DD0063,580.25,670.5,VCL
DD0063,670.5,782.01,FWV
DD0064,0.0,3.75,OB
DD0064,3.75,4.0,HWS
DD0064,4.0,5.0,OB
DD0064,5.0,587.5,HWS
DD0064,587.5,605.5,VCL
DD0064,605.5,610.5,SMS
DD0064,610.5,709.0,VCL
DD0064,709.0,801.65,FWV
DD0065,0.0,5.0,OB
DD0065,5.0,111.0,VCL
DD0065,111.0,114.75,SMS
DD0065,114.75,124.89,MS
DD0066,0.0,19.25,OB
DD0066,19.25,20.25,HWS
DD0066,20.25,21.25,OB
DD0066,21.25,66.0,HWS
DD0066,66.0,185.25,VCL
DD0066,185.25,187.75,SMS
DD0066,187.75,198.75,MS
DD0066,198.75,201.0,SMS
DD0066,201.0,215.75,STR
DD0066,215.75,264.77,FWV
DD0067,0.0,12.75,OB
DD0067,12.75,129.25,HWS
DD0067,129.25,249.25,VCL
DD0067,249.25,250.75,SMS
DD0067,250.75,258.0,MS
DD0067,258.0,259.75,SMS
DD0067,259.75,273.0,STR
DD0067,273.0,273.51,FWV
DD0068,0.0,11.25,OB
DD0068,11.25,290.25,HWS
DD0068,290.25,403.25,VCL
DD0068,403.25,408.0,SMS
DD0068,408.0,408.25,VCL
DD0068,408.25,457.68,FWV
DD0069,0.0,9.0,OB
DD0069,9.0,293.0,HWS
DD0069,293.0,422.75,VCL
DD0069,422.75,495.89,FWV
DD0070,0.0,8.5,OB
DD0070,8.5,378.25,HWS
DD0070,378.25,410.5,VCL
DD0070,410.5,411.25,SMS
DD0070,411.25,506.0,VCL
DD0070,506.0,602.66,FWV
DD0071,0.0,8.25,OB
DD0071,8.25,549.25,HWS
DD0071,549.25,573.5,VCL
DD0071,573.5,574.5,SMS
DD0071,574.5,579.5,MS
DD0071,579.5,580.5,SMS
DD0071,580.5,588.25,STR
DD0071,588.25,664.5,VCL
DD0071,664.5,748.9,FWV
DD0072,0.0,12.0,OB
DD0072,12.0,633.0,HWS
DD0072,633.0,651.75,VCL
DD0072,651.75,652.75,SMS
DD0072,652.75,657.75,MS
DD0072,657.75,658.75,SMS
DD0072,658.75,662.75,STR
DD0072,662.75,747.75,VCL
DD0072,747.75,857.17,FWV
DD0073,0.0,6.0,OB
DD0073,6.0,51.0,VCL
DD0073,51.0,55.5,FWV
DD0073,55.5,70.25,SMS
DD0073,70.25,96.49,FWV
DD0074,0.0,6.5,OB
DD0074,6.5,113.75,VCL
DD0074,113.75,117.5,SMS
DD0074,117.5,120.87,MS
DD0075,0.0,18.25,OB
DD0075,18.25,73.5,HWS
DD0075,73.5,186.5,VCL
DD0075,186.5,189.75,SMS
DD0075,189.75,204.0,MS
DD0075,204.0,207.0,SMS
DD0075,207.0,224.25,STR
DD0075,224.25,248.94,FWV
DD0076,0.0,13.75,OB
DD0076,13.75,124.5,HWS
DD0076,124.5,240.5,VCL
DD0076,240.5,242.5,SMS
DD0076,242.5,252.0,MS
DD0076,252.0,254.0,SMS
DD0076,254.0,272.0,STR
DD0076,272.0,307.74,FWV
DD0077,0.0,3.5,OB
DD0077,3.5,215.25,HWS
DD0077,215.25,323.25,VCL
DD0077,323.25,325.25,SMS
DD0077,325.25,334.25,MS
DD0077,334.25,336.25,SMS
DD0077,336.25,343.25,STR
DD0077,343.25,346.36,FWV
DD0078,0.0,14.5,OB
DD0078,14.5,15.5,HWS
DD0078,15.5,16.0,OB
DD0078,16.0,280.75,HWS
DD0078,280.75,389.25,VCL
DD0078,389.25,397.25,SMS
DD0078,397.25,399.25,VCL
DD0078,399.25,451.2,FWV
DD0079,0.0,7.0,OB
DD0079,7.0,282.25,HWS
DD0079,282.25,426.0,VCL
DD0079,426.0,507.87,FWV
DD0080,0.0,10.75,OB
DD0080,10.75,447.5,HWS
DD0080,447.5,477.75,VCL
DD0080,477.75,480.75,SMS
DD0080,480.75,562.25,VCL
DD0080,562.25,651.46,FWV
DD0081,0.0,14.5,OB
DD0081,14.5,439.0,HWS
DD0081,439.0,469.5,VCL
DD0081,469.5,471.25,SMS
DD0081,471.25,479.25,MS
DD0081,479.25,481.0,SMS
DD0081,481.0,490.25,STR
DD0081,490.25,567.25,VCL
DD0081,567.25,632.25,FWV
DD0082,0.0,8.0,OB
DD0082,8.0,496.75,HWS
DD0082,496.75,522.5,VCL
DD0082,522.5,523.75,SMS
DD0082,523.75,530.0,MS
DD0082,530.0,531.25,SMS
DD0082,531.25,542.25,STR
DD0082,542.25,623.0,VCL
DD0082,623.0,679.03,FWV
DD0083,0.0,14.25,OB
DD0083,14.25,557.0,HWS
DD0083,557.0,575.25,VCL
DD0083,575.25,577.25,SMS
DD0083,577.25,586.25,MS
DD0083,586.25,588.0,SMS
DD0083,588.0,597.5,STR
DD0083,597.5,683.5,VCL
DD0083,683.5,775.16,FWV
DD0084,0.0,12.25,OB
DD0084,12.25,615.5,HWS
DD0084,615.5,632.25,VCL
DD0084,632.25,637.75,SMS
DD0084,637.75,743.0,VCL
DD0084,743.0,796.63,FWV
DD0085,0.0,6.5,OB
DD0085,6.5,51.25,VCL
DD0085,51.25,52.5,FWV
DD0085,52.5,66.25,SMS
DD0085,66.25,109.36,FWV
DD0086,0.0,11.0,OB
DD0086,11.0,135.5,VCL
DD0086,135.5,140.0,SMS
DD0086,140.0,162.25,MS
DD0086,162.25,167.25,SMS
DD0086,167.25,194.25,STR
DD0086,194.25,227.28,FWV
DD0087,0.0,10.75,OB
DD0087,10.75,107.5,HWS
DD0087,107.5,230.75,VCL
DD0087,230.75,234.5,SMS
DD0087,234.5,251.0,MS
DD0087,251.0,254.5,SMS
DD0087,254.5,257.84,STR
DD0088,0.0,5.75,OB
DD0088,5.75,237.75,HWS
DD0088,237.75,348.0,VCL
DD0088,348.0,350.0,SMS
DD0088,350.0,355.75,MS
DD0088,355.75,360.75,SMS
DD0088,360.75,364.0,VCL
DD0088,364.0,389.7,FWV
DD0089,0.0,10.0,OB
DD0089,10.0,11.0,HWS
DD0089,11.0,12.0,OB
DD0089,12.0,390.25,HWS
DD0089,390.25,505.5,VCL
DD0089,505.5,566.12,FWV
DD0090,0.0,2.0,OB
DD0090,2.0,408.75,HWS
DD0090,408.75,441.25,VCL
DD0090,441.25,443.5,SMS
DD0090,443.5,454.0,MS
DD0090,454.0,456.5,SMS
DD0090,456.5,467.25,STR
DD0090,467.25,544.25,VCL
DD0090,544.25,585.3,FWV
DD0091,0.0,8.5,OB
DD0091,8.5,621.0,HWS
DD0091,621.0,634.0,VCL
DD0091,634.0,636.0,SMS
DD0091,636.0,638.75,MS
DD0091,638.75,647.0,SMS
DD0091,647.0,747.0,VCL
DD0091,747.0,801.06,FWV
DD0092,0.0,11.75,OB
DD0092,11.75,41.0,VCL
DD0092,41.0,55.0,SMS
DD0092,55.0,75.94,FWV
DD0093,0.0,12.5,OB
DD0093,12.5,110.0,VCL
DD0093,110.0,115.0,SMS
DD0093,115.0,140.0,MS
DD0093,140.0,146.0,SMS
DD0093,146.0,174.0,STR
DD0093,174.0,189.18,FWV
DD0094,0.0,13.5,OB
DD0094,13.5,97.75,HWS
DD0094,97.75,198.75,VCL
DD0094,198.75,204.25,SMS
DD0094,204.25,227.5,MS
DD0094,227.5,232.25,SMS
DD0094,232.25,257.5,STR
DD0094,257.5,263.43,FWV
DD0095,0.0,14.25,OB
DD0095,14.25,213.25,HWS
DD0095,213.25,313.0,VCL
DD0095,313.0,315.75,SMS
DD0095,315.75,327.75,MS
DD0095,327.75,330.0,SMS
DD0095,330.0,344.0,STR
DD0095,344.0,367.72,FWV
DD0096,0.0,7.5,OB
DD0096,7.5,9.0,HWS
DD0096,9.0,11.25,OB
DD0096,11.25,281.25,HWS
DD0096,281.25,388.5,VCL
DD0096,388.5,394.5,SMS
DD0096,394.5,402.0,VCL
DD0096,402.0,482.17,FWV
DD0097,0.0,8.0,OB
DD0097,8.0,345.75,HWS
DD0097,345.75,472.25,VCL
DD0097,472.25,493.16,FWV
DD0098,0.0,7.5,OB
DD0098,7.5,409.25,HWS
DD0098,409.25,435.0,VCL
DD0098,435.0,437.5,SMS
DD0098,437.5,449.75,MS
DD0098,449.75,452.25,SMS
DD0098,452.25,469.0,STR
DD0098,469.0,542.25,VCL
DD0098,542.25,638.61,FWV
DD0099,0.0,17.5,OB
DD0099,17.5,532.5,HWS
DD0099,532.5,549.25,VCL
DD0099,549.25,551.5,SMS
DD0099,551.5,562.5,MS
DD0099,562.5,564.75,SMS
DD0099,564.75,585.75,STR
DD0099,585.75,655.75,VCL
DD0099,655.75,696.45,FWV
DD0100,0.0,10.5,OB
DD0100,10.5,10.75,HWS
DD0100,10.75,12.0,OB
DD0100,12.0,630.25,HWS
DD0100,630.25,642.25,VCL
DD0100,642.25,644.5,SMS
DD0100,644.5,655.25,MS
DD0100,655.25,657.5,SMS
DD0100,657.5,665.75,STR
DD0100,665.75,749.75,VCL
DD0100,749.75,839.2,FWV
DD0101,0.0,13.5,OB
DD0101,13.5,36.0,VCL
DD0101,36.0,52.5,SMS
DD0101,52.5,86.2,FWV
DD0102,0.0,11.75,OB
DD0102,11.75,112.75,VCL
DD0102,112.75,117.25,SMS
DD0102,117.25,139.25,MS
DD0102,139.25,144.25,SMS
DD0102,144.25,166.5,STR
DD0102,166.5,191.4,FWV
DD0103,0.0,8.5,OB
DD0103,8.5,71.25,HWS
DD0103,71.25,190.0,VCL
DD0103,190.0,194.75,SMS
DD0103,194.75,214.25,MS
DD0103,214.25,218.0,SMS
DD0103,218.0,245.5,STR
DD0103,245.5,281.32,FWV
DD0104,0.0,5.75,OB
DD0104,5.75,163.0,HWS
DD0104,163.0,280.25,VCL
DD0104,280.25,282.0,SMS
DD0104,282.0,289.75,MS
DD0104,289.75,291.5,SMS
DD0104,291.5,305.25,STR
DD0104,305.25,343.6,FWV
DD0105,0.0,12.25,OB
DD0105,12.25,232.5,HWS
DD0105,232.5,311.0,VCL
DD0105,311.0,311.75,SMS
DD0105,311.75,354.5,VCL
DD0105,354.5,359.0,SMS
DD0105,359.0,369.75,VCL
DD0105,369.75,385.43,FWV
DD0106,0.0,11.5,OB
DD0106,11.5,395.75,HWS
DD0106,395.75,417.25,VCL
DD0106,417.25,421.25,SMS
DD0106,421.25,464.0,VCL
DD0106,464.0,468.75,SMS
DD0106,468.75,514.75,VCL
DD0106,514.75,573.88,FWV
DD0107,0.0,16.25,OB
DD0107,16.25,480.25,HWS
DD0107,480.25,499.25,VCL
DD0107,499.25,500.5,SMS
DD0107,500.5,506.5,MS
DD0107,506.5,507.75,SMS
DD0107,507.75,511.25,STR
DD0107,511.25,593.5,VCL
DD0107,593.5,648.14,FWV
DD0108,0.0,11.25,OB
DD0108,11.25,567.25,HWS
DD0108,567.25,582.5,VCL
DD0108,582.5,584.0,SMS
DD0108,584.0,590.25,MS
DD0108,590.25,591.5,SMS
DD0108,591.5,616.5,STR
DD0108,616.5,685.5,VCL
DD0108,685.5,730.54,FWV
DD0109,0.0,10.75,OB
DD0109,10.75,576.75,HWS
DD0109,576.75,589.75,VCL
DD0109,589.75,591.5,SMS
DD0109,591.5,600.0,MS
DD0109,600.0,601.75,SMS
DD0109,601.75,615.0,STR
DD0109,615.0,700.5,VCL
DD0109,700.5,749.73,FWV
DD0110,0.0,12.75,OB
DD0110,12.75,13.5,VCL
DD0110,13.5,14.25,OB
DD0110,14.25,37.25,VCL
DD0110,37.25,51.0,SMS
DD0110,51.0,114.84,FWV
DD0111,0.0,13.0,OB
DD0111,13.0,110.25,VCL
DD0111,110.25,115.0,SMS
DD0111,115.0,138.5,MS
DD0111,138.5,143.75,SMS
DD0111,143.75,168.75,STR
DD0111,168.75,206.82,FWV
DD0112,0.0,3.75,OB
DD0112,3.75,101.75,HWS
DD0112,101.75,207.0,VCL
DD0112,207.0,210.5,SMS
DD0112,210.5,225.25,MS
DD0112,225.25,228.25,SMS
DD0112,228.25,233.34,STR
DD0113,0.0,12.25,OB
DD0113,12.25,185.0,HWS
DD0113,185.0,257.0,VCL
DD0113,257.0,263.25,SMS
DD0113,263.25,297.5,VCL
DD0113,297.5,299.5,SMS
DD0113,299.5,309.0,MS
DD0113,309.0,311.0,SMS
DD0113,311.0,322.0,STR
DD0113,322.0,345.68,FWV
DD0114,0.0,11.25,OB
DD0114,11.25,277.75,HWS
DD0114,277.75,344.75,VCL
DD0114,344.75,352.75,SMS
DD0114,352.75,385.0,VCL
DD0114,385.0,391.0,SMS
DD0114,391.0,398.5,VCL
DD0114,398.5,459.45,FWV
DD0115,0.0,1.0,OB
DD0115,1.0,491.75,HWS
DD0115,491.75,506.75,VCL
DD0115,506.75,508.5,SMS
DD0115,508.5,516.75,MS
DD0115,516.75,518.5,SMS
DD0115,518.5,547.75,STR
DD0115,547.75,622.75,VCL
DD0115,622.75,708.36,FWV
DD0116,0.0,15.25,OB
DD0116,15.25,617.0,HWS
DD0116,617.0,628.5,VCL
DD0116,628.5,630.5,SMS
DD0116,630.5,639.5,MS
DD0116,639.5,641.5,SMS
DD0116,641.5,651.25,STR
DD0116,651.25,736.75,VCL
DD0116,736.75,807.03,FWV
DD0117,0.0,7.0,OB
DD0117,7.0,94.0,VCL
DD0117,94.0,98.0,SMS
DD0117,98.0,121.5,MS
DD0117,121.5,127.5,SMS
DD0117,127.5,133.95,STR
DD0118,0.0,8.75,OB
DD0118,8.75,62.75,HWS
DD0118,62.75,165.75,VCL
DD0118,165.75,171.0,SMS
DD0118,171.0,195.0,MS
DD0118,195.0,199.75,SMS
DD0118,199.75,224.25,STR
DD0118,224.25,235.76,FWV
DD0119,0.0,7.0,OB
DD0119,7.0,104.25,HWS
DD0119,104.25,183.0,VCL
DD0119,183.0,187.5,SMS
DD0119,187.5,224.75,VCL
DD0119,224.75,229.0,SMS
DD0119,229.0,248.75,MS
DD0119,248.75,252.75,SMS
DD0119,252.75,272.25,STR
DD0119,272.25,323.38,FWV
DD0120,0.0,17.5,OB
DD0120,17.5,186.5,HWS
DD0120,186.5,258.5,VCL
DD0120,258.5,265.5,SMS
DD0120,265.5,298.0,VCL
DD0120,298.0,301.0,SMS
DD0120,301.0,315.0,MS
DD0120,315.0,318.0,SMS
DD0120,318.0,325.0,STR
DD0120,325.0,358.43,FWV
DD0121,0.0,14.0,OB
DD0121,14.0,236.0,HWS
DD0121,236.0,306.0,VCL
DD0121,306.0,307.5,SMS
DD0121,307.5,315.0,MS
DD0121,315.0,316.5,SMS
DD0121,316.5,349.25,VCL
DD0121,349.25,364.0,SMS
DD0121,364.0,366.5,VCL
DD0121,366.5,429.19,FWV
DD0122,0.0,11.25,OB
DD0122,11.25,320.0,HWS
DD0122,320.0,382.5,VCL
DD0122,382.5,384.75,SMS
DD0122,384.75,395.75,MS
DD0122,395.75,398.25,SMS
DD0122,398.25,443.5,VCL
DD0122,443.5,541.58,FWV
DD0123,0.0,15.0,OB
DD0123,15.0,366.25,HWS
DD0123,366.25,383.5,VCL
DD0123,383.5,385.0,SMS
DD0123,385.0,392.75,MS
DD0123,392.75,394.5,SMS
DD0123,394.5,437.25,VCL
DD0123,437.25,449.25,SMS
DD0123,449.25,499.25,VCL
DD0123,499.25,523.24,FWV
DD0124,0.0,15.0,OB
DD0124,15.0,509.0,HWS
DD0124,509.0,522.0,VCL
DD0124,522.0,524.0,SMS
DD0124,524.0,533.75,MS
DD0124,533.75,535.75,SMS
DD0124,535.75,555.75,STR
DD0124,555.75,572.75,VCL
DD0124,572.75,578.75,SMS
DD0124,578.75,623.75,VCL
DD0124,623.75,657.51,FWV
DD0125,0.0,9.0,OB
DD0125,9.0,601.0,HWS
DD0125,601.0,616.25,VCL
DD0125,616.25,618.25,SMS
DD0125,618.25,626.0,MS
DD0125,626.0,627.5,SMS
DD0125,627.5,731.25,VCL
DD0125,731.25,781.37,FWV
DD0126,0.0,12.0,OB
DD0126,12.0,38.75,VCL
DD0126,38.75,43.75,SMS
DD0126,43.75,48.25,VCL
DD0126,48.25,115.02,FWV
DD0127,0.0,9.5,OB
DD0127,9.5,118.25,VCL
DD0127,118.25,121.75,SMS
DD0127,121.75,140.5,MS
DD0127,140.5,145.0,SMS
DD0127,145.0,162.0,STR
DD0127,162.0,171.76,FWV
DD0128,0.0,9.25,OB
DD0128,9.25,83.0,HWS
DD0128,83.0,154.0,VCL
DD0128,154.0,157.5,SMS
DD0128,157.5,192.0,VCL
DD0128,192.0,197.75,SMS
DD0128,197.75,223.25,MS
DD0128,223.25,228.5,SMS
DD0128,228.5,248.0,STR
DD0128,248.0,251.19,FWV
DD0129,0.0,15.75,OB
DD0129,15.75,163.25,HWS
DD0129,163.25,232.0,VCL
DD0129,232.0,233.75,SMS
DD0129,233.75,242.0,MS
DD0129,242.0,244.0,SMS
DD0129,244.0,245.5,STR
DD0129,245.5,274.0,VCL
DD0129,274.0,278.5,SMS
DD0129,278.5,299.25,MS
DD0129,299.25,303.75,SMS
DD0129,303.75,308.5,STR
DD0129,308.5,366.26,FWV
DD0130,0.0,23.0,OB
DD0130,23.0,275.25,HWS
DD0130,275.25,335.75,VCL
DD0130,335.75,337.75,SMS
DD0130,337.75,346.5,MS
DD0130,346.5,348.5,SMS
DD0130,348.5,356.0,STR
DD0130,356.0,378.5,VCL
DD0130,378.5,396.5,SMS
DD0130,396.5,487.69,FWV
DD0131,0.0,16.75,OB
DD0131,16.75,406.75,HWS
DD0131,406.75,424.5,VCL
DD0131,424.5,427.0,SMS
DD0131,427.0,439.25,MS
DD0131,439.25,442.0,SMS
DD0131,442.0,464.0,STR
DD0131,464.0,477.0,VCL
DD0131,477.0,484.0,SMS
DD0131,484.0,540.0,VCL
DD0131,540.0,621.86,FWV
DD0132,0.0,9.75,OB
DD0132,9.75,486.75,HWS
DD0132,486.75,504.25,VCL
DD0132,504.25,506.5,SMS
DD0132,506.5,517.0,MS
DD0132,517.0,519.0,SMS
DD0132,519.0,547.25,STR
DD0132,547.25,612.5,VCL
DD0132,612.5,663.91,FWV
DD0133,0.0,10.25,OB
DD0133,10.25,556.5,HWS
DD0133,556.5,577.25,VCL
DD0133,577.25,579.25,SMS
DD0133,579.25,588.5,MS
DD0133,588.5,590.5,SMS
DD0133,590.5,603.25,STR
DD0133,603.25,685.5,VCL
DD0133,685.5,735.46,FWV
DD0134,0.0,3.75,OB
DD0134,3.75,4.5,VCL
DD0134,4.5,5.75,OB
DD0134,5.75,46.0,VCL
DD0134,46.0,105.98,FWV
DD0135,0.0,8.0,OB
DD0135,8.0,114.0,HWS
DD0135,114.0,173.25,VCL
DD0135,173.25,183.0,SMS
DD0135,183.0,209.5,VCL
DD0135,209.5,214.0,SMS
DD0135,214.0,224.0,MS
DD0135,224.0,249.0,DYK
DD0135,249.0,251.5,STR
DD0135,251.5,266.07,FWV
DD0136,0.0,11.0,OB
DD0136,11.0,157.75,HWS
DD0136,157.75,223.0,VCL
DD0136,223.0,225.75,SMS
DD0136,225.75,239.0,MS
DD0136,239.0,241.75,SMS
DD0136,241.75,250.75,STR
DD0136,250.75,271.5,VCL
DD0136,271.5,274.75,SMS
DD0136,274.75,289.75,MS
DD0136,289.75,293.0,SMS
DD0136,293.0,295.0,STR
DD0136,295.0,368.48,FWV
DD0137,0.0,9.5,OB
DD0137,9.5,229.75,HWS
DD0137,229.75,292.75,VCL
DD0137,292.75,296.25,SMS
DD0137,296.25,312.0,MS
DD0137,312.0,315.5,SMS
DD0137,315.5,336.25,STR
DD0137,336.25,369.75,VCL
DD0137,369.75,382.95,FWV
DD0138,0.0,4.5,OB
DD0138,4.5,481.0,HWS
DD0138,481.0,499.0,VCL
DD0138,499.0,501.5,SMS
DD0138,501.5,513.5,MS
DD0138,513.5,516.0,SMS
DD0138,516.0,535.0,STR
DD0138,535.0,537.75,VCL
DD0138,537.75,539.0,SMS
DD0138,539.0,545.25,MS
DD0138,545.25,546.5,SMS
DD0138,546.5,599.25,VCL
DD0138,599.25,672.16,FWV
DD0139,0.0,7.0,OB
DD0139,7.0,481.75,HWS
DD0139,481.75,501.0,VCL
DD0139,501.0,503.5,SMS
DD0139,503.5,515.75,MS
DD0139,515.75,518.5,SMS
DD0139,518.5,546.25,STR
DD0139,546.25,613.25,VCL
DD0139,613.25,700.5,FWV
DD0140,0.0,6.25,OB
DD0140,6.25,684.5,HWS
DD0140,684.5,702.75,VCL
DD0140,702.75,705.25,SMS
DD0140,705.25,716.75,MS
DD0140,716.75,719.0,SMS
DD0140,719.0,724.0,STR
DD0140,724.0,801.0,VCL
DD0140,801.0,889.93,FWV
DD0141,0.0,1.75,OB
DD0141,1.75,47.25,VCL
DD0141,47.25,47.41,FWV
DD0142,0.0,2.25,OB
DD0142,2.25,20.5,HWS
DD0142,20.5,127.5,VCL
DD0142,127.5,131.0,SMS
DD0142,131.0,146.75,MS
DD0142,146.75,150.25,SMS
DD0142,150.25,151.0,VCL
DD0142,151.0,212.52,FWV
DD0143,0.0,10.5,OB
DD0143,10.5,142.5,HWS
DD0143,142.5,153.5,VCL
DD0143,153.5,181.0,DYK
DD0143,181.0,200.0,VCL
DD0143,200.0,202.25,SMS
DD0143,202.25,213.75,MS
DD0143,213.75,216.25,SMS
DD0143,216.25,218.75,STR
DD0143,218.75,242.5,VCL
DD0143,242.5,245.0,SMS
DD0143,245.0,255.5,MS
DD0143,255.5,257.5,SMS
DD0143,257.5,261.75,STR
DD0143,261.75,263.25,VCL
DD0143,263.25,292.28,FWV
DD0144,0.0,12.0,OB
DD0144,12.0,207.5,HWS
DD0144,207.5,274.0,VCL
DD0144,274.0,276.5,SMS
DD0144,276.5,288.5,MS
DD0144,288.5,291.0,SMS
DD0144,291.0,315.75,STR
DD0144,315.75,331.25,VCL
DD0144,331.25,336.0,SMS
DD0144,336.0,336.25,VCL
DD0144,336.25,372.0,DYK
DD0144,372.0,410.01,FWV
DD0145,0.0,19.0,OB
DD0145,19.0,326.0,HWS
DD0145,326.0,382.25,VCL
DD0145,382.25,385.5,SMS
DD0145,385.5,400.75,MS
DD0145,400.75,404.25,SMS
DD0145,404.25,425.25,STR
DD0145,425.25,455.0,VCL
DD0145,455.0,484.25,FWV
DD0145,484.25,511.07,DYK
DD0146,0.0,8.0,OB
DD0146,8.0,476.5,HWS
DD0146,476.5,496.25,VCL
DD0146,496.25,499.25,SMS
DD0146,499.25,513.0,MS
DD0146,513.0,516.0,SMS
DD0146,516.0,539.75,STR
DD0146,539.75,611.5,VCL
DD0146,611.5,681.14,FWV
DD0147,0.0,6.25,OB
DD0147,6.25,620.5,HWS
DD0147,620.5,642.0,VCL
DD0147,642.0,654.0,SMS
DD0147,654.0,746.25,VCL
DD0147,746.25,818.34,FWV
DD0148,0.0,9.5,OB
DD0148,9.5,46.5,VCL
DD0148,46.5,85.01,FWV
DD0149,0.0,5.25,OB
DD0149,5.25,13.25,HWS
DD0149,13.25,130.0,VCL
DD0149,130.0,140.0,SMS
DD0149,140.0,145.25,MS
DD0149,145.25,148.0,SMS
DD0149,148.0,151.25,VCL
DD0149,151.25,156.25,FWV
DD0150,0.0,0.75,OB
DD0150,0.75,36.0,HWS
DD0150,36.0,64.75,DYK
DD0150,64.75,157.5,HWS
DD0150,157.5,213.0,VCL
DD0150,213.0,214.75,SMS
DD0150,214.75,223.5,MS
DD0150,223.5,225.25,SMS
DD0150,225.25,233.0,STR
DD0150,233.0,257.5,VCL
DD0150,257.5,268.25,SMS
DD0150,268.25,275.75,VCL
DD0150,275.75,328.26,FWV
DD0151,0.0,12.5,OB
DD0151,12.5,422.5,HWS
DD0151,422.5,442.0,VCL
DD0151,442.0,443.75,SMS
DD0151,443.75,452.0,MS
DD0151,452.0,453.75,SMS
DD0151,453.75,468.5,STR
DD0151,468.5,486.0,VCL
DD0151,486.0,488.0,SMS
DD0151,488.0,497.0,MS
DD0151,497.0,499.0,SMS
DD0151,499.0,552.25,VCL
DD0151,552.25,595.25,FWV
DD0151,595.25,620.65,DYK
DD0152,0.0,1.25,OB
DD0152,1.25,501.25,HWS
DD0152,501.25,521.25,VCL
DD0152,521.25,524.0,SMS
DD0152,524.0,537.25,MS
DD0152,537.25,540.25,SMS
DD0152,540.25,559.75,STR
DD0152,559.75,635.75,VCL
DD0152,635.75,738.93,FWV
DD0153,0.0,7.25,OB
DD0153,7.25,669.0,HWS
DD0153,669.0,790.5,VCL
DD0153,790.5,854.0,FWV
DD0153,854.0,856.94,DYK
DD0154,0.0,7.0,OB
DD0154,7.0,7.25,VCL
DD0154,7.25,8.5,OB
DD0154,8.5,47.0,VCL
DD0154,47.0,53.77,FWV
DD0155,0.0,5.5,OB
DD0155,5.5,125.5,VCL
DD0155,125.5,127.5,SMS
DD0155,127.5,134.5,VCL
DD0155,134.5,206.95,FWV
DD0156,0.0,3.0,OB
DD0156,3.0,81.25,HWS
DD0156,81.25,142.5,VCL
DD0156,142.5,150.25,SMS
DD0156,150.25,195.25,VCL
DD0156,195.25,207.0,SMS
DD0156,207.0,214.0,VCL
DD0156,214.0,227.97,FWV
DD0157,0.0,8.75,OB
DD0157,8.75,187.75,HWS
DD0157,187.75,248.5,VCL
DD0157,248.5,250.25,SMS
DD0157,250.25,258.75,MS
DD0157,258.75,260.5,SMS
DD0157,260.5,283.25,STR
DD0157,283.25,300.5,VCL
DD0157,300.5,302.25,SMS
DD0157,302.25,312.0,VCL
DD0157,312.0,330.04,FWV
DD0158,0.0,14.5,OB
DD0158,14.5,193.25,HWS
DD0158,193.25,219.0,DYK
DD0158,219.0,299.0,HWS
DD0158,299.0,355.5,VCL
DD0158,355.5,359.25,SMS
DD0158,359.25,377.75,MS
DD0158,377.75,382.0,SMS
DD0158,382.0,410.5,STR
DD0158,410.5,418.0,VCL
DD0158,418.0,506.56,FWV
DD0159,0.0,16.75,OB
DD0159,16.75,277.25,HWS
DD0159,277.25,303.75,DYK
DD0159,303.75,361.0,HWS
DD0159,361.0,415.75,VCL
DD0159,415.75,420.25,SMS
DD0159,420.25,440.0,MS
DD0159,440.0,443.75,SMS
DD0159,443.75,464.5,STR
DD0159,464.5,480.0,VCL
DD0159,480.0,525.68,FWV
DD0160,0.0,8.5,OB
DD0160,8.5,407.25,HWS
DD0160,407.25,433.5,DYK
DD0160,433.5,439.5,VCL
DD0160,439.5,440.75,SMS
DD0160,440.75,446.75,MS
DD0160,446.75,448.0,SMS
DD0160,448.0,489.75,VCL
DD0160,489.75,491.25,SMS
DD0160,491.25,498.0,MS
DD0160,498.0,499.5,SMS
DD0160,499.5,505.5,STR
DD0160,505.5,547.75,VCL
DD0160,547.75,646.13,FWV
DD0161,0.0,7.0,OB
DD0161,7.0,542.0,HWS
DD0161,542.0,557.25,VCL
DD0161,557.25,559.0,SMS
DD0161,559.0,568.0,MS
DD0161,568.0,569.75,SMS
DD0161,569.75,584.5,STR
DD0161,584.5,607.5,VCL
DD0161,607.5,610.75,SMS
DD0161,610.75,617.75,VCL
DD0161,617.75,642.0,DYK
DD0161,642.0,661.5,VCL
DD0161,661.5,755.91,FWV
DD0162,0.0,8.0,OB
DD0162,8.0,555.25,HWS
DD0162,555.25,577.75,VCL
DD0162,577.75,579.5,SMS
DD0162,579.5,587.75,MS
DD0162,587.75,589.25,SMS
DD0162,589.25,626.5,VCL
DD0162,626.5,652.75,DYK
DD0162,652.75,688.75,VCL
DD0162,688.75,759.04,FWV
DD0163,0.0,7.25,OB
DD0163,7.25,53.0,VCL
DD0163,53.0,98.66,FWV
DD0164,0.0,1.0,OB
DD0164,1.0,117.75,VCL
DD0164,117.75,171.97,FWV
DD0165,0.0,11.25,OB
DD0165,11.25,58.75,HWS
DD0165,58.75,118.75,VCL
DD0165,118.75,122.25,SMS
DD0165,122.25,174.75,VCL
DD0165,174.75,179.5,SMS
DD0165,179.5,186.75,VCL
DD0165,186.75,245.39,FWV
DD0166,0.0,5.75,OB
DD0166,5.75,220.0,HWS
DD0166,220.0,276.5,VCL
DD0166,276.5,278.25,SMS
DD0166,278.25,286.0,MS
DD0166,286.0,287.75,SMS
DD0166,287.75,308.25,STR
DD0166,308.25,337.75,VCL
DD0166,337.75,409.23,FWV
DD0167,0.0,0.5,OB
DD0167,0.5,232.75,HWS
DD0167,232.75,299.0,VCL
DD0167,299.0,301.5,SMS
DD0167,301.5,313.75,MS
DD0167,313.75,316.5,SMS
DD0167,316.5,346.75,STR
DD0167,346.75,365.0,VCL
DD0167,365.0,445.04,FWV
DD0168,0.0,9.0,OB
DD0168,9.0,60.25,HWS
DD0168,60.25,94.75,DYK
DD0168,94.75,314.5,HWS
DD0168,314.5,377.25,VCL
DD0168,377.25,380.0,SMS
DD0168,380.0,393.0,MS
DD0168,393.0,396.0,SMS
DD0168,396.0,420.25,STR
DD0168,420.25,438.5,VCL
DD0168,438.5,513.7,FWV
DD0169,0.0,8.75,OB
DD0169,8.75,233.25,HWS
DD0169,233.25,262.75,DYK
DD0169,262.75,388.0,HWS
DD0169,388.0,409.25,VCL
DD0169,409.25,412.75,SMS
DD0169,412.75,451.25,VCL
DD0169,451.25,454.0,SMS
DD0169,454.0,465.5,MS
DD0169,465.5,467.75,SMS
DD0169,467.75,480.0,STR
DD0169,480.0,511.75,VCL
DD0169,511.75,535.74,FWV
DD0170,0.0,7.75,OB
DD0170,7.75,171.5,HWS
DD0170,171.5,216.75,DYK
DD0170,216.75,407.25,HWS
DD0170,407.25,427.5,VCL
DD0170,427.5,429.0,SMS
DD0170,429.0,437.5,MS
DD0170,437.5,439.25,SMS
DD0170,439.25,480.25,VCL
DD0170,480.25,482.25,SMS
DD0170,482.25,490.5,MS
DD0170,490.5,492.0,SMS
DD0170,492.0,544.75,VCL
DD0170,544.75,575.06,FWV
DD0171,0.0,13.5,OB
DD0171,13.5,436.5,HWS
DD0171,436.5,461.0,DYK
DD0171,461.0,537.25,HWS
DD0171,537.25,555.75,VCL
DD0171,555.75,557.5,SMS
DD0171,557.5,565.25,MS
DD0171,565.25,567.0,SMS
DD0171,567.0,570.0,STR
DD0171,570.0,606.0,VCL
DD0171,606.0,606.5,SMS
DD0171,606.5,656.5,VCL
DD0171,656.5,707.21,FWV
DD0172,0.0,15.5,OB
DD0172,15.5,597.5,HWS
DD0172,597.5,623.0,DYK
DD0172,623.0,627.5,HWS
DD0172,627.5,752.75,VCL
DD0172,752.75,844.61,FWV
DD0173,0.0,4.5,OB
DD0173,4.5,48.75,VCL
DD0173,48.75,107.38,FWV
DD0174,0.0,5.0,OB
DD0174,5.0,11.75,HWS
DD0174,11.75,136.0,VCL
DD0174,136.0,190.01,FWV
DD0175,0.0,3.75,OB
DD0175,3.75,4.0,HWS
DD0175,4.0,5.25,OB
DD0175,5.25,116.25,HWS
DD0175,116.25,171.75,VCL
DD0175,171.75,179.5,SMS
DD0175,179.5,236.0,VCL
DD0175,236.0,254.05,FWV
DD0176,0.0,12.5,OB
DD0176,12.5,139.75,HWS
DD0176,139.75,173.5,DYK
DD0176,173.5,414.25,HWS
DD0176,414.25,438.75,VCL
DD0176,438.75,445.0,SMS
DD0176,445.0,479.5,VCL
DD0176,479.5,481.25,SMS
DD0176,481.25,490.0,MS
DD0176,490.0,491.75,SMS
DD0176,491.75,493.0,STR
DD0176,493.0,540.0,VCL
DD0176,540.0,592.55,FWV
DD0177,0.0,1.25,OB
DD0177,1.25,282.75,HWS
DD0177,282.75,316.25,DYK
DD0177,316.25,489.75,HWS
DD0177,489.75,513.5,VCL
DD0177,513.5,515.0,SMS
DD0177,515.0,522.5,MS
DD0177,522.5,524.0,SMS
DD0177,524.0,619.75,VCL
DD0177,619.75,653.54,FWV
DD0178,0.0,8.5,OB
DD0178,8.5,468.25,HWS
DD0178,468.25,498.25,DYK
DD0178,498.25,561.5,HWS
DD0178,561.5,586.75,VCL
DD0178,586.75,593.25,SMS
DD0178,593.25,688.25,VCL
DD0178,688.25,737.95,FWV
DD0179,0.0,2.5,OB
DD0179,2.5,49.75,VCL
DD0179,49.75,114.73,FWV
DD0180,0.0,4.0,OB
DD0180,4.0,33.75,HWS
DD0180,33.75,158.5,VCL
DD0180,158.5,165.43,FWV
DD0181,0.0,8.75,OB
DD0181,8.75,141.25,HWS
DD0181,141.25,198.75,VCL
DD0181,198.75,200.0,SMS
DD0181,200.0,205.5,MS
DD0181,205.5,206.75,SMS
DD0181,206.75,262.75,VCL
DD0181,262.75,348.59,FWV
DD0182,0.0,6.25,OB
DD0182,6.25,215.5,HWS
DD0182,215.5,280.0,VCL
DD0182,280.0,281.25,SMS
DD0182,281.25,286.75,MS
DD0182,286.75,287.75,SMS
DD0182,287.75,305.5,STR
DD0182,305.5,348.0,VCL
DD0182,348.0,379.22,FWV
DD0183,0.0,17.0,OB
DD0183,17.0,389.25,HWS
DD0183,389.25,449.0,VCL
DD0183,449.0,449.75,SMS
DD0183,449.75,453.5,MS
DD0183,453.5,454.25,SMS
DD0183,454.25,464.0,STR
DD0183,464.0,504.0,VCL
DD0183,504.0,555.52,FWV
DD0184,0.0,18.5,OB
DD0184,18.5,419.5,HWS
DD0184,419.5,447.75,VCL
DD0184,447.75,450.75,SMS
DD0184,450.75,489.75,VCL
DD0184,489.75,495.75,SMS
DD0184,495.75,549.0,VCL
DD0184,549.0,605.28,FWV
DD0185,0.0,9.75,OB
DD0185,9.75,216.25,HWS
DD0185,216.25,243.75,DYK
DD0185,243.75,539.0,HWS
DD0185,539.0,568.25,VCL
DD0185,568.25,573.5,SMS
DD0185,573.5,663.5,VCL
DD0185,663.5,745.38,FWV
DD0186,0.0,15.75,OB
DD0186,15.75,349.5,HWS
DD0186,349.5,378.0,DYK
DD0186,378.0,605.5,HWS
DD0186,605.5,730.5,VCL
DD0186,730.5,814.5,FWV
DD0187,0.0,134.0,VCL
DD0187,134.0,155.38,FWV
DD0188,0.0,3.5,OB
DD0188,3.5,101.25,HWS
DD0188,101.25,225.25,VCL
DD0188,225.25,283.3,FWV
DD0189,0.0,13.25,OB
DD0189,13.25,192.25,HWS
DD0189,192.25,249.75,VCL
DD0189,249.75,251.25,SMS
DD0189,251.25,257.75,MS
DD0189,257.75,259.25,SMS
DD0189,259.25,314.25,VCL
DD0189,314.25,389.31,FWV
DD0190,0.0,11.25,OB
DD0190,11.25,228.75,HWS
DD0190,228.75,298.75,VCL
DD0190,298.75,300.0,SMS
DD0190,300.0,305.75,MS
DD0190,305.75,307.0,SMS
DD0190,307.0,318.0,STR
DD0190,318.0,370.75,VCL
DD0190,370.75,420.78,FWV
DD0191,0.0,7.75,OB
DD0191,7.75,314.25,HWS
DD0191,314.25,384.25,VCL
DD0191,384.25,385.25,SMS
DD0191,385.25,390.25,MS
DD0191,390.25,391.5,SMS
DD0191,391.5,396.0,STR
DD0191,396.0,447.0,VCL
DD0191,447.0,529.95,FWV
DD0192,0.0,18.5,OB
DD0192,18.5,429.25,HWS
DD0192,429.25,500.0,VCL
DD0192,500.0,503.75,SMS
DD0192,503.75,554.25,VCL
DD0192,554.25,629.4,FWV
DD0193,0.0,17.5,OB
DD0193,17.5,25.5,DYK
DD0193,25.5,478.5,HWS
DD0193,478.5,507.75,VCL
DD0193,507.75,516.5,SMS
DD0193,516.5,610.5,VCL
DD0193,610.5,663.9,FWV
DD0194,0.0,49.75,VCL
DD0194,49.75,51.94,FWV
DD0195,0.0,4.0,OB
DD0195,4.0,30.0,HWS
DD0195,30.0,176.5,VCL
DD0195,176.5,218.65,FWV
DD0196,0.0,5.75,OB
DD0196,5.75,130.5,HWS
DD0196,130.5,255.75,VCL
DD0196,255.75,297.9,FWV
DD0197,0.0,8.0,OB
DD0197,8.0,180.25,HWS
DD0197,180.25,242.5,VCL
DD0197,242.5,251.0,SMS
DD0197,251.0,252.25,MS
DD0197,252.25,253.75,SMS
DD0197,253.75,312.5,VCL
DD0197,312.5,354.49,FWV
DD0198,0.0,13.75,OB
DD0198,13.75,255.0,HWS
DD0198,255.0,313.5,VCL
DD0198,313.5,315.25,SMS
DD0198,315.25,323.0,MS
DD0198,323.0,324.75,SMS
DD0198,324.75,376.5,VCL
DD0198,376.5,463.4,FWV
DD0199,0.0,17.75,OB
DD0199,17.75,298.0,HWS
DD0199,298.0,367.75,VCL
DD0199,367.75,378.25,SMS
DD0199,378.25,431.25,VCL
DD0199,431.25,502.07,FWV
DD0200,0.0,17.5,OB
DD0200,17.5,366.25,HWS
DD0200,366.25,439.75,VCL
DD0200,439.75,446.0,SMS
DD0200,446.0,497.25,VCL
DD0200,497.25,526.35,FWV
DD0201,0.0,20.0,OB
DD0201,20.0,402.5,HWS
DD0201,402.5,541.0,VCL
DD0201,541.0,607.69,FWV
DD0202,0.0,15.75,OB
DD0202,15.75,149.0,HWS
DD0202,149.0,173.75,DYK
DD0202,173.75,631.5,HWS
DD0202,631.5,746.25,VCL
DD0202,746.25,852.19,FWV
DD0203,0.0,3.25,OB
DD0203,3.25,53.75,VCL
DD0203,53.75,89.69,FWV
DD0204,0.0,4.75,OB
DD0204,4.75,66.75,HWS
DD0204,66.75,188.75,VCL
DD0204,188.75,240.59,FWV
DD0205,0.0,10.5,OB
DD0205,10.5,143.5,HWS
DD0205,143.5,264.0,VCL
DD0205,264.0,319.27,FWV
DD0206,0.0,18.25,OB
DD0206,18.25,227.5,HWS
DD0206,227.5,285.75,VCL
DD0206,285.75,292.5,SMS
DD0206,292.5,345.0,VCL
DD0206,345.0,413.94,FWV
DD0207,0.0,17.5,OB
DD0207,17.5,304.0,HWS
DD0207,304.0,375.5,VCL
DD0207,375.5,382.5,SMS
DD0207,382.5,435.5,VCL
DD0207,435.5,484.87,FWV
DD0208,0.0,16.5,OB
DD0208,16.5,339.5,HWS
DD0208,339.5,422.75,VCL
DD0208,422.75,426.0,SMS
DD0208,426.0,482.0,VCL
DD0208,482.0,503.42,FWV
DD0209,0.0,23.75,OB
DD0209,23.75,415.75,HWS
DD0209,415.75,550.0,VCL
DD0209,550.0,636.89,FWV
DD0210,0.0,15.75,OB
DD0210,15.75,532.5,HWS
DD0210,532.5,653.75,VCL
DD0210,653.75,741.54,FWV
DD0211,0.0,9.0,OB
DD0211,9.0,55.5,HWS
DD0211,55.5,83.25,DYK
DD0211,83.25,630.75,HWS
DD0211,630.75,748.0,VCL
DD0211,748.0,806.3,FWV
DD0212,0.0,7.75,OB
DD0212,7.75,8.25,DYK
DD0212,8.25,644.25,HWS
DD0212,644.25,765.75,VCL
DD0212,765.75,821.9,FWV
DD0213,0.0,4.25,OB
DD0213,4.25,10.25,HWS
DD0213,10.25,138.75,VCL
DD0213,138.75,199.27,FWV
DD0214,0.0,9.75,OB
DD0214,9.75,114.5,HWS
DD0214,114.5,234.0,VCL
DD0214,234.0,257.35,FWV
DD0215,0.0,8.25,OB
DD0215,8.25,152.5,HWS
DD0215,152.5,293.0,VCL
DD0215,293.0,333.96,FWV
DD0216,0.0,15.0,OB
DD0216,15.0,228.0,HWS
DD0216,228.0,374.25,VCL
DD0216,374.25,463.11,FWV
DD0217,0.0,22.25,OB
DD0217,22.25,313.0,HWS
DD0217,313.0,451.5,VCL
DD0217,451.5,517.79,FWV
DD0218,0.0,15.0,OB
DD0218,15.0,397.0,HWS
DD0218,397.0,527.5,VCL
DD0218,527.5,622.78,FWV
DD0219,0.0,22.75,OB
DD0219,22.75,491.25,HWS
DD0219,491.25,618.75,VCL
DD0219,618.75,710.85,FWV
DD0220,0.0,4.5,OB
DD0220,4.5,638.75,HWS
DD0220,638.75,755.5,VCL
DD0220,755.5,828.27,FWV
DD0221,0.0,2.0,OB
DD0221,2.0,23.5,HWS
DD0221,23.5,143.0,VCL
DD0221,143.0,204.86,FWV
DD0222,0.0,3.25,OB
DD0222,3.25,77.5,HWS
DD0222,77.5,217.75,VCL
DD0222,217.75,252.83,FWV
DD0223,0.0,15.0,OB
DD0223,15.0,197.25,HWS
DD0223,197.25,319.25,VCL
DD0223,319.25,376.79,FWV
DD0224,0.0,21.0,OB
DD0224,21.0,262.5,HWS
DD0224,262.5,389.75,VCL
DD0224,389.75,477.09,FWV
DD0225,0.0,17.25,OB
DD0225,17.25,318.5,HWS
DD0225,318.5,453.75,VCL
DD0225,453.75,508.82,FWV
DD0226,0.0,16.0,OB
DD0226,16.0,439.25,HWS
DD0226,439.25,560.75,VCL
DD0226,560.75,588.88,FWV
DD0227,0.0,13.5,OB
DD0227,13.5,14.5,HWS
DD0227,14.5,15.5,OB
DD0227,15.5,526.25,HWS
DD0227,526.25,643.25,VCL
DD0227,643.25,751.35,FWV
DD0228,0.0,8.5,OB
DD0228,8.5,595.25,HWS
DD0228,595.25,719.75,VCL
DD0228,719.75,756.35,FWV
DD0229,0.0,119.0,VCL
DD0229,119.0,171.33,FWV
DD0230,0.0,14.0,OB
DD0230,14.0,207.5,HWS
DD0230,207.5,330.25,VCL
DD0230,330.25,414.29,FWV
DD0231,0.0,10.0,OB
DD0231,10.0,249.0,HWS
DD0231,249.0,376.25,VCL
DD0231,376.25,448.38,FWV
DD0232,0.0,15.25,OB
DD0232,15.25,331.0,HWS
DD0232,331.0,455.5,VCL
DD0232,455.5,499.81,FWV
DD0233,0.0,17.0,OB
DD0233,17.0,405.75,HWS
DD0233,405.75,540.75,VCL
DD0233,540.75,612.88,FWV
DD0234,0.0,14.25,OB
DD0234,14.25,584.0,HWS
DD0234,584.0,698.75,VCL
DD0234,698.75,745.54,FWV
DD0235,0.0,13.5,OB
DD0235,13.5,514.5,HWS
DD0235,514.5,649.5,VCL
DD0235,649.5,771.39,FWV
DD0236,0.0,11.5,OB
DD0236,11.5,693.25,HWS
DD0236,693.25,809.5,VCL
DD0236,809.5,909.84,FWV
DD0237,0.0,7.25,OB
DD0237,7.25,56.0,VCL
DD0237,56.0,136.87,FWV
DD0238,0.0,6.75,OB
DD0238,6.75,38.0,HWS
DD0238,38.0,181.25,VCL
DD0238,181.25,234.35,FWV
DD0239,0.0,6.75,OB
DD0239,6.75,221.75,HWS
DD0239,221.75,339.0,VCL
DD0239,339.0,417.66,FWV
DD0240,0.0,6.0,OB
DD0240,6.0,258.25,HWS
DD0240,258.25,382.0,VCL
DD0240,382.0,407.59,FWV
DD0241,0.0,19.25,OB
DD0241,19.25,339.5,HWS
DD0241,339.5,460.25,VCL
DD0241,460.25,490.14,FWV
DD0242,0.0,12.0,OB
DD0242,12.0,403.0,HWS
DD0242,403.0,532.25,VCL
DD0242,532.25,645.76,FWV
DD0243,0.0,16.0,OB
DD0243,16.0,632.25,HWS
DD0243,632.25,747.5,VCL
DD0243,747.5,803.03,FWV
DD0244,0.0,18.75,OB
DD0244,18.75,702.5,HWS
DD0244,702.5,818.75,VCL
DD0244,818.75,879.42,FWV
RC0001,0.0,3.5,OB
RC0001,3.5,63.88,VCL
RC0002,0.0,6.0,OB
RC0002,6.0,105.5,VCL
RC0002,105.5,139.74,FWV
RC0003,0.0,6.0,OB
RC0003,6.0,95.67,VCL
RC0004,0.0,2.25,OB
RC0004,2.25,65.83,VCL
RC0005,0.0,10.5,OB
RC0005,10.5,74.5,VCL
RC0005,74.5,77.5,SMS
RC0005,77.5,93.25,MS
RC0005,93.25,97.0,SMS
RC0005,97.0,99.04,STR
RC0006,0.0,10.25,OB
RC0006,10.25,91.04,VCL
RC0007,0.0,4.25,OB
RC0007,4.25,63.5,VCL
RC0007,63.5,66.25,SMS
RC0007,66.25,80.5,MS
RC0007,80.5,84.0,SMS
RC0007,84.0,84.5,STR
RC0007,84.5,116.64,FWV
RC0008,0.0,3.75,OB
RC0008,3.75,4.5,VCL
RC0008,4.5,4.75,OB
RC0008,4.75,63.6,VCL
RC0009,0.0,9.0,OB
RC0009,9.0,74.58,VCL
RC0010,0.0,6.5,OB
RC0010,6.5,83.25,VCL
RC0010,83.25,91.75,SMS
RC0010,91.75,128.48,FWV
RC0011,0.0,1.75,OB
RC0011,1.75,73.25,VCL
RC0011,73.25,100.28,FWV
RC0012,0.0,8.5,OB
RC0012,8.5,60.42,VCL
RC0013,0.0,7.75,OB
RC0013,7.75,53.5,VCL
RC0013,53.5,65.75,SMS
RC0013,65.75,69.0,MS
RC0013,69.0,72.0,SMS
RC0013,72.0,135.19,FWV
RC0014,0.0,13.0,OB
RC0014,13.0,13.75,VCL
RC0014,13.75,14.5,OB
RC0014,14.5,81.0,VCL
RC0014,81.0,83.5,SMS
RC0014,83.5,96.25,MS
RC0014,96.25,99.25,SMS
RC0014,99.25,103.75,STR
RC0014,103.75,128.41,FWV
RC0015,0.0,3.5,OB
RC0015,3.5,86.0,VCL
RC0015,86.0,128.71,FWV
RC0016,0.0,10.5,OB
RC0016,10.5,11.5,VCL
RC0016,11.5,12.5,OB
RC0016,12.5,77.5,VCL
RC0016,77.5,80.25,SMS
RC0016,80.25,85.46,MS
RC0017,0.0,1.75,OB
RC0017,1.75,71.75,VCL
RC0017,71.75,83.3,FWV
RC0018,0.0,1.5,OB
RC0018,1.5,75.5,VCL
RC0018,75.5,83.75,SMS
RC0018,83.75,130.57,FWV
RC0019,0.0,6.25,OB
RC0019,6.25,58.5,VCL
RC0019,58.5,60.38,SMS
RC0020,0.0,6.25,OB
RC0020,6.25,81.5,VCL
RC0020,81.5,97.5,SMS
RC0020,97.5,99.0,MS
RC0020,99.0,102.5,SMS
RC0020,102.5,107.12,FWV
RC0021,0.0,4.25,OB
RC0021,4.25,80.25,VCL
RC0021,80.25,124.99,FWV
RC0022,0.0,3.0,OB
RC0022,3.0,84.5,VCL
RC0022,84.5,130.8,FWV
RC0023,0.0,3.75,OB
RC0023,3.75,96.5,VCL
RC0023,96.5,114.32,FWV
RC0024,0.0,8.25,OB
RC0024,8.25,100.88,VCL
RC0025,0.0,5.0,OB
RC0025,5.0,87.02,VCL
RC0026,0.0,5.75,OB
RC0026,5.75,95.75,VCL
RC0026,95.75,109.37,FWV
RC0027,0.0,1.0,OB
RC0027,1.0,90.0,VCL
RC0027,90.0,126.92,FWV
RC0028,0.0,90.75,VCL
RC0028,90.75,124.35,FWV
RC0029,0.0,5.5,OB
RC0029,5.5,87.0,VCL
RC0029,87.0,105.25,SMS
RC0029,105.25,105.5,VCL
RC0029,105.5,117.7,FWV
RC0030,0.0,0.25,OB
RC0030,0.25,112.25,VCL
RC0030,112.25,122.63,FWV
RC0031,0.0,2.25,OB
RC0031,2.25,3.0,VCL
RC0031,3.0,4.25,OB
RC0031,4.25,97.5,VCL
RC0031,97.5,118.59,FWV
RC0032,0.0,5.0,OB
RC0032,5.0,63.97,VCL
RC0033,0.0,10.5,OB
RC0033,10.5,74.01,VCL
RC0034,0.0,5.25,OB
RC0034,5.25,104.5,VCL
RC0034,104.5,108.25,SMS
RC0034,108.25,127.25,MS
RC0034,127.25,131.5,SMS
RC0034,131.5,135.5,STR
RC0034,135.5,139.49,FWV
RC0035,0.0,1.0,OB
RC0035,1.0,73.25,VCL
RC0035,73.25,79.0,SMS
RC0035,79.0,112.62,FWV
RC0036,0.0,82.5,VCL
RC0036,82.5,92.23,FWV
RC0037,0.0,6.25,OB
RC0037,6.25,96.5,VCL
RC0037,96.5,109.75,SMS
RC0037,109.75,112.5,VCL
RC0037,112.5,136.61,FWV
RC0038,0.0,64.5,VCL
RC0038,64.5,72.75,SMS
RC0038,72.75,78.0,VCL
RC0038,78.0,83.43,FWV
RC0039,0.0,10.0,OB
RC0039,10.0,75.75,VCL
RC0039,75.75,79.25,SMS
RC0039,79.25,85.5,MS
RC0039,85.5,116.75,DYK
RC0039,116.75,139.35,FWV
RC0040,0.0,3.0,OB
RC0040,3.0,61.75,VCL
RC0040,61.75,71.5,SMS
RC0040,71.5,75.75,VCL
RC0040,75.75,118.24,FWV
RC0041,0.0,6.75,OB
RC0041,6.75,85.0,VCL
RC0041,85.0,118.16,FWV
RC0042,0.0,8.75,OB
RC0042,8.75,56.75,VCL
RC0042,56.75,60.75,SMS
RC0042,60.75,62.65,MS
RC0043,0.0,0.5,OB
RC0043,0.5,112.75,VCL
RC0043,112.75,113.69,FWV
RC0044,0.0,8.0,OB
RC0044,8.0,62.73,VCL
RC0045,0.0,6.0,OB
RC0045,6.0,63.44,VCL
