HOLE_ID,X,Y,Z,LENGTH,TYPE
UD0001,8279.6,14625.4,905.2,395.04,DD
UD0002,8311.8,14630.2,905.9,434.32,DD
UD0003,8420.2,14640.7,906.4,605.0,DD
UD0004,8279.9,14633.8,906.2,455.12,DD
UD0005,8208.8,14616.4,902.8,310.39,DD
UD0006,8312.3,14641.7,907.4,509.31,DD
UD0007,8306.7,14656.9,909.3,398.42,DD
UD0008,8104.7,14635.3,900.3,169.21,DD
UD0009,8372.2,14700.6,914.7,512.72,DD
UD0010,8246.6,14645.5,907.2,419.35,DD
UD0011,8404.7,14682.5,912.4,582.16,DD
UD0012,8256.9,14668.2,910.0,327.66,DD
UD0013,8472.9,14721.6,918.0,652.49,DD
UD0014,8305.8,14713.8,915.6,477.55,DD
UD0015,8283.2,14708.4,914.7,435.79,DD
UD0016,8401.8,14720.5,917.1,589.58,DD
UD0017,8091.1,14661.3,902.0,159.48,DD
UD0018,8155.6,14694.7,908.7,275.18,DD
UD0019,8353.9,14759.2,920.2,543.08,DD
UD0020,8148.5,14735.6,910.9,250.85,DD
UD0021,8195.9,14712.7,912.2,298.38,DD
UD0022,8231.1,14734.6,915.3,399.08,DD
UD0023,8187.0,14764.7,914.7,337.06,DD
UD0024,8256.8,14778.7,918.8,392.32,DD
UD0025,8241.9,14772.8,918.0,445.34,DD
UD0026,8141.5,14750.0,911.1,249.71,DD
UD0027,8328.5,14793.0,921.8,469.52,DD
UD0028,8276.4,14841.7,921.3,477.88,DD
UD0029,8154.4,14804.5,913.1,325.39,DD
UD0030,8154.6,14791.2,913.0,263.91,DD
UD0031,8289.5,14822.2,921.5,528.25,DD
UD0032,8133.0,14827.8,910.9,225.86,DD
UD0033,8061.3,14841.5,902.6,142.39,DD
UD0034,8472.1,14888.7,929.2,687.94,DD
UD0035,8166.0,14849.8,913.6,321.33,DD
UD0036,8359.2,14876.2,924.8,592.76,DD
UD0037,8199.8,14839.1,916.6,420.36,DD
UD0038,8074.1,14855.3,903.4,152.63,DD
UD0039,8186.0,14875.6,914.7,371.84,DD
UD0040,8109.1,14875.9,906.5,204.23,DD
UD0041,8370.0,14936.0,924.9,548.22,DD
UD0042,8094.3,14901.5,903.1,235.09,DD
UD0043,8273.3,14965.5,919.1,466.01,DD
UD0044,8054.0,14912.4,897.0,171.17,DD
UD0045,8435.5,14990.0,926.6,655.54,DD
UD0046,8421.0,14998.5,925.9,620.87,DD
UD0047,8107.7,14952.9,901.7,235.1,DD
UD0048,8163.0,14951.9,909.0,302.44,DD
UD0049,8235.3,14972.1,915.9,442.49,DD
UD0050,8049.7,14940.7,894.3,171.81,DD
UD0051,8195.1,15003.0,910.6,424.51,DD
UD0052,8211.4,15011.1,912.1,387.02,DD
UD0053,8045.1,14994.1,890.1,141.91,DD
UD0054,8384.6,15052.5,923.7,661.9,DD
UD0055,8302.7,15027.9,919.7,572.82,DD
UD0056,8339.5,15029.4,921.9,560.06,DD
UD0057,8077.5,15024.0,893.4,194.38,DD
UD0058,8275.0,15058.9,917.1,513.41,DD
UD0059,8116.4,15032.6,898.9,282.96,DD
UD0060,8413.8,15091.4,924.5,655.3,DD
UD0061,8028.4,15021.0,886.3,175.9,DD
UD0062,8278.0,15077.8,917.1,541.27,DD
UD0063,8154.3,15100.8,902.9,389.06,DD
UD0064,8126.7,15079.0,899.2,251.67,DD
UD0065,8237.1,15097.4,913.1,552.13,DD
UD0066,8331.4,15127.7,920.7,625.65,DD
UD0067,8170.3,15086.6,905.2,357.35,DD
UD0068,8025.6,15085.2,884.4,132.09,DD
UD0069,8229.4,15155.0,912.1,518.4,DD
UD0070,8062.0,15121.0,889.6,220.85,DD
UD0071,8027.2,15097.8,884.6,161.8,DD
UD0072,8360.2,15170.8,922.4,593.53,DD
UD0073,8203.9,15147.9,909.2,417.82,DD
UD0074,8265.9,15205.5,916.0,589.0,DD
UD0075,8131.5,15171.1,900.2,341.33,DD
UD0076,8334.7,15184.3,921.1,614.53,DD
UD0077,8067.3,15161.6,891.3,269.52,DD
UD0078,8201.4,15175.1,909.1,473.99,DD
UD0079,8352.1,15236.3,922.1,652.45,DD
UD0080,8208.4,15227.8,910.4,428.36,DD
UD0081,8253.8,15238.7,915.0,573.29,DD
UD0082,8018.6,15174.8,885.7,154.51,DD
UD0083,8201.7,15215.7,909.6,416.39,DD
UD0084,8291.0,15237.5,918.1,498.69,DD
UD0085,8191.9,15213.9,908.4,518.61,DD
UD0086,8004.0,15221.7,886.9,134.97,DD
UD0087,8286.7,15278.7,917.6,502.93,DD
UD0088,8119.9,15247.4,900.9,321.35,DD
UD0089,8280.1,15265.7,917.2,584.14,DD
UD0090,8041.1,15214.0,890.3,190.21,DD
UD0091,8091.1,15236.7,897.2,251.29,DD
UD0092,8183.6,15258.9,908.2,429.23,DD
UD0093,8074.1,15278.3,897.4,252.41,DD
UD0094,8027.9,15277.6,893.0,216.41,DD
UD0095,8133.2,15286.3,903.7,344.79,DD
UD0096,8337.7,15321.5,920.1,639.39,DD
UD0097,8282.8,15362.2,915.5,516.59,DD
UD0098,8221.1,15351.7,911.7,494.44,DD
UD0099,8096.2,15314.0,901.2,299.46,DD
UD0100,7979.0,15306.2,891.1,176.75,DD
UD0101,8122.5,15325.8,903.9,394.13,DD
UD0102,8110.1,15318.8,902.6,351.89,DD
UD0103,8264.8,15385.6,913.5,555.21,DD
UD0104,8204.5,15387.1,910.0,475.6,DD
UD0105,8118.4,15345.3,904.1,306.71,DD
UD0106,8264.8,15395.8,913.1,532.13,DD
UD0107,8270.9,15384.4,913.9,556.48,DD
UD0108,8171.0,15408.4,907.9,481.64,DD
UD0109,8084.6,15405.4,903.5,300.97,DD
UD0110,8269.5,15420.6,912.1,587.84,DD
UD0111,8278.1,15437.8,911.4,573.16,DD
UD0112,8072.0,15396.3,902.6,295.0,DD
UD0113,8022.8,15381.2,899.1,235.79,DD
UD0114,7981.2,15377.7,896.4,137.68,DD
UD0115,8209.7,15451.2,908.2,559.12,DD
UD0116,8090.8,15431.9,904.4,341.5,DD
UD0117,8326.1,15490.1,909.0,592.62,DD
UD0118,7993.1,15425.7,899.8,197.93,DD
CH00001,8053.9,14765.8,840.0,3.23,CH
CH00002,8053.7,14768.8,840.0,3.26,CH
CH00003,8053.4,14771.8,840.0,4.43,CH
CH00004,8053.1,14774.8,840.0,3.27,CH
CH00005,8052.7,14777.8,840.0,3.3,CH
CH00006,8052.3,14780.8,840.0,3.43,CH
CH00007,8052.5,14783.8,840.0,4.36,CH
CH00008,8052.4,14786.9,840.0,3.87,CH
CH00009,8051.5,14789.8,840.0,4.55,CH
CH00010,8051.9,14792.9,840.0,4.06,CH
CH00011,8051.5,14795.8,840.0,3.78,CH
CH00012,8051.0,14798.8,840.0,4.59,CH
CH00013,8051.5,14801.9,840.0,4.22,CH
CH00014,8050.6,14804.8,840.0,4.44,CH
CH00015,8050.4,14807.8,840.0,4.42,CH
CH00016,8051.0,14811.0,840.0,4.57,CH
CH00017,8050.8,14814.0,840.0,4.12,CH
CH00018,8050.5,14817.0,840.0,4.48,CH
CH00019,8049.8,14819.9,840.0,4.38,CH
CH00020,8049.7,14822.9,840.0,4.12,CH
CH00021,8049.3,14825.9,840.0,4.71,CH
CH00022,8048.7,14828.9,840.0,4.79,CH
CH00023,8048.4,14831.9,840.0,3.94,CH
CH00024,8047.6,14834.8,840.0,4.41,CH
CH00025,8047.2,14837.7,840.0,4.76,CH
CH00026,8046.5,14840.7,840.0,3.65,CH
CH00027,8046.4,14843.7,840.0,3.35,CH
CH00028,8045.6,14846.6,840.0,4.37,CH
CH00029,8045.2,14849.6,840.0,3.97,CH
CH00030,8045.3,14852.6,840.0,4.84,CH
CH00031,8044.2,14855.5,840.0,4.67,CH
CH00032,8044.0,14858.5,840.0,3.68,CH
CH00033,8043.6,14861.5,840.0,4.02,CH
CH00034,8043.3,14864.5,840.0,4.15,CH
CH00035,8042.9,14867.4,840.0,3.87,CH
CH00036,8042.0,14870.3,840.0,3.69,CH
CH00037,8041.8,14873.3,840.0,4.74,CH
CH00038,8041.3,14876.3,840.0,4.28,CH
CH00039,8041.0,14879.3,840.0,3.67,CH
CH00040,8040.3,14882.2,840.0,3.62,CH
CH00041,8040.3,14885.3,840.0,3.74,CH
CH00042,8040.1,14888.3,840.0,4.43,CH
CH00043,8038.9,14891.1,840.0,4.35,CH
CH00044,8038.8,14894.1,840.0,4.24,CH
CH00045,8038.2,14897.1,840.0,4.48,CH
CH00046,8038.0,14900.1,840.0,4.43,CH
CH00047,8037.9,14903.1,840.0,3.52,CH
CH00048,8037.4,14906.1,840.0,4.06,CH
CH00049,8037.1,14909.1,840.0,3.92,CH
CH00050,8036.0,14911.9,840.0,3.81,CH
CH00051,8036.0,14915.0,840.0,4.4,CH
CH00052,8035.6,14917.9,840.0,3.27,CH
CH00053,8035.0,14920.9,840.0,4.42,CH
CH00054,8034.9,14923.9,840.0,4.36,CH
CH00055,8033.5,14926.7,840.0,3.97,CH
CH00056,8033.4,14929.7,840.0,4.62,CH
CH00057,8032.8,14932.7,840.0,4.51,CH
CH00058,8032.5,14935.7,840.0,3.53,CH
CH00059,8031.9,14938.6,840.0,4.08,CH
CH00060,8030.9,14941.5,840.0,4.37,CH
CH00061,8030.9,14944.5,840.0,4.58,CH
CH00062,8029.5,14947.3,840.0,4.16,CH
CH00063,8028.8,14950.2,840.0,4.61,CH
CH00064,8028.3,14953.2,840.0,4.34,CH
CH00065,8027.6,14956.1,840.0,4.94,CH
CH00066,8027.7,14959.2,840.0,5.07,CH
CH00067,8027.1,14962.1,840.0,5.35,CH
CH00068,8025.7,14964.9,840.0,4.93,CH
CH00069,8025.3,14967.9,840.0,4.76,CH
CH00070,8024.7,14970.8,840.0,5.08,CH
CH00071,8023.6,14973.7,840.0,4.22,CH
CH00072,8023.4,14976.7,840.0,5.26,CH
CH00073,8022.5,14979.6,840.0,4.7,CH
CH00074,8022.1,14982.6,840.0,4.61,CH
CH00075,8021.8,14985.6,840.0,5.51,CH
CH00076,8021.5,14988.6,840.0,5.46,CH
CH00077,8020.9,14991.5,840.0,4.24,CH
CH00078,8019.8,14994.4,840.0,5.06,CH
CH00079,8020.1,14997.4,840.0,5.13,CH
CH00080,8018.9,15000.3,840.0,4.08,CH
CH00081,8019.0,15003.3,840.0,4.71,CH
CH00082,8018.3,15006.3,840.0,4.17,CH
CH00083,8017.8,15009.2,840.0,4.78,CH
CH00084,8017.3,15012.2,840.0,4.23,CH
CH00085,8016.8,15015.2,840.0,5.28,CH
CH00086,8016.8,15018.2,840.0,5.11,CH
CH00087,8016.7,15021.2,840.0,4.89,CH
CH00088,8016.4,15024.2,840.0,4.25,CH
CH00089,8015.7,15027.1,840.0,4.7,CH
CH00090,8015.0,15030.1,840.0,4.83,CH
CH00091,8014.7,15033.1,840.0,4.26,CH
CH00092,8014.1,15036.0,840.0,4.42,CH
CH00093,8013.9,15039.0,840.0,4.13,CH
CH00094,8013.7,15042.0,840.0,3.73,CH
CH00095,8013.1,15045.0,840.0,4.54,CH
CH00096,8013.1,15048.0,840.0,3.77,CH
CH00097,8012.7,15051.0,840.0,4.27,CH
CH00098,8012.3,15054.0,840.0,4.05,CH
CH00099,8010.9,15056.8,840.0,4.07,CH
CH00100,8010.7,15059.8,840.0,3.8,CH
CH00101,8010.7,15062.8,840.0,4.39,CH
CH00102,8009.9,15065.7,840.0,4.2,CH
CH00103,8009.3,15068.7,840.0,3.99,CH
CH00104,8008.7,15071.6,840.0,5.12,CH
CH00105,8008.2,15074.5,840.0,4.48,CH
CH00106,8007.7,15077.5,840.0,4.41,CH
CH00107,8007.5,15080.5,840.0,5.17,CH
CH00108,8006.4,15083.4,840.0,5.21,CH
CH00109,8006.2,15086.4,840.0,6.09,CH
CH00110,8006.0,15089.4,840.0,6.05,CH
CH00111,8005.1,15092.3,840.0,5.61,CH
CH00112,8004.4,15095.2,840.0,5.52,CH
CH00113,8003.8,15098.1,840.0,6.53,CH
CH00114,8003.7,15101.2,840.0,6.43,CH
CH00115,8002.3,15104.0,840.0,6.5,CH
CH00116,8002.2,15107.0,840.0,4.95,CH
CH00117,8000.9,15109.8,840.0,5.51,CH
CH00118,8000.5,15112.8,840.0,5.85,CH
CH00119,8000.3,15115.8,840.0,4.68,CH
CH00120,7999.2,15118.7,840.0,5.72,CH
CH00121,7998.8,15121.6,840.0,4.88,CH
CH00122,7998.0,15124.5,840.0,4.78,CH
CH00123,7997.3,15127.5,840.0,4.8,CH
CH00124,7997.1,15130.5,840.0,5.14,CH
CH00125,7996.3,15133.4,840.0,5.05,CH
CH00126,7996.6,15136.5,840.0,4.15,CH
CH00127,7995.7,15139.4,840.0,4.37,CH
CH00128,7995.1,15142.3,840.0,4.59,CH
CH00129,7995.2,15145.4,840.0,5.19,CH
CH00130,7994.8,15148.4,840.0,4.68,CH
CH00131,7994.2,15151.3,840.0,4.99,CH
CH00132,7993.8,15154.3,840.0,4.94,CH
CH00133,7993.4,15157.2,840.0,5.96,CH
CH00134,7993.4,15160.3,840.0,6.35,CH
CH00135,7993.0,15163.3,840.0,5.61,CH
CH00136,7993.0,15166.3,840.0,6.09,CH
CH00137,7993.3,15169.4,840.0,7.26,CH
CH00138,7993.0,15172.4,840.0,7.47,CH
CH00139,7992.4,15175.3,840.0,7.35,CH
CH00140,7991.8,15178.3,840.0,8.21,CH
CH00141,7992.1,15181.4,840.0,7.66,CH
CH00142,7991.1,15184.2,840.0,7.51,CH
CH00143,7991.4,15187.4,840.0,7.59,CH
CH00144,7990.5,15190.2,840.0,7.73,CH
CH00145,7989.6,15193.1,840.0,7.94,CH
CH00146,7988.9,15196.1,840.0,7.91,CH
CH00147,7989.1,15199.1,840.0,7.51,CH
CH00148,7988.6,15202.1,840.0,7.37,CH
CH00149,7987.4,15204.9,840.0,6.84,CH
CH00150,7987.3,15208.0,840.0,7.19,CH
CH00151,7986.5,15210.9,840.0,6.56,CH
CH00152,7985.6,15213.7,840.0,5.54,CH
CH00153,7985.0,15216.7,840.0,5.99,CH
CH00154,7984.8,15219.7,840.0,6.14,CH
CH00155,7984.1,15222.6,840.0,6.15,CH
CH00156,7983.0,15225.5,840.0,5.91,CH
CH00157,7982.8,15228.5,840.0,5.81,CH
CH00158,7981.7,15231.3,840.0,4.7,CH
CH00159,7981.7,15234.4,840.0,5.67,CH
CH00160,7981.1,15237.3,840.0,4.16,CH
CH00161,7980.6,15240.3,840.0,4.16,CH
CH00162,8001.9,14823.7,840.0,3.47,CH
CH00163,8001.4,14826.6,840.0,4.0,CH
CH00164,8001.1,14829.6,840.0,3.2,CH
CH00165,8001.5,14832.7,840.0,3.62,CH
CH00166,8000.7,14835.6,840.0,3.02,CH
CH00167,8000.4,14838.6,840.0,3.21,CH
CH00168,8000.0,14841.6,840.0,4.32,CH
CH00169,8000.0,14844.6,840.0,3.53,CH
CH00170,7999.4,14847.6,840.0,4.43,CH
CH00171,7998.6,14850.5,840.0,3.93,CH
CH00172,7998.1,14853.4,840.0,3.9,CH
CH00173,7997.9,14856.4,840.0,4.39,CH
CH00174,7996.7,14859.3,840.0,3.31,CH
CH00175,7996.4,14862.3,840.0,3.1,CH
CH00176,7995.7,14865.2,840.0,3.51,CH
CH00177,7994.9,14868.1,840.0,4.59,CH
CH00178,7994.4,14871.1,840.0,3.59,CH
CH00179,7993.9,14874.0,840.0,3.77,CH
CH00180,7992.8,14876.9,840.0,4.71,CH
CH00181,7992.4,14879.9,840.0,4.53,CH
CH00182,7991.5,14882.7,840.0,4.36,CH
CH00183,7991.2,14885.7,840.0,4.82,CH
CH00184,7990.2,14888.6,840.0,3.67,CH
CH00185,7990.2,14891.7,840.0,3.56,CH
CH00186,7990.0,14894.7,840.0,4.65,CH
CH00187,7989.3,14897.6,840.0,4.61,CH
CH00188,7988.6,14900.5,840.0,3.54,CH
CH00189,7988.0,14903.4,840.0,4.43,CH
CH00190,7988.0,14906.5,840.0,4.61,CH
CH00191,7987.4,14909.4,840.0,4.07,CH
CH00192,7987.2,14912.4,840.0,4.7,CH
CH00193,7986.7,14915.4,840.0,4.8,CH
CH00194,7986.5,14918.4,840.0,3.99,CH
CH00195,7986.8,14921.5,840.0,3.68,CH
CH00196,7986.2,14924.5,840.0,3.32,CH
CH00197,7986.2,14927.5,840.0,4.02,CH
CH00198,7986.0,14930.5,840.0,4.01,CH
CH00199,7985.5,14933.5,840.0,3.97,CH
CH00200,7986.1,14936.6,840.0,3.78,CH
CH00201,7985.3,14939.5,840.0,4.15,CH
CH00202,7985.1,14942.5,840.0,4.23,CH
CH00203,7985.2,14945.6,840.0,3.9,CH
CH00204,7984.6,14948.5,840.0,4.24,CH
CH00205,7984.1,14951.5,840.0,4.48,CH
CH00206,7983.6,14954.5,840.0,3.59,CH
CH00207,7983.3,14957.5,840.0,3.93,CH
CH00208,7983.2,14960.5,840.0,4.31,CH
CH00209,7982.4,14963.4,840.0,4.35,CH
CH00210,7982.1,14966.4,840.0,3.65,CH
CH00211,7981.7,14969.4,840.0,4.27,CH
CH00212,7981.2,14972.3,840.0,4.45,CH
CH00213,7979.9,14975.1,840.0,5.14,CH
CH00214,7980.0,14978.2,840.0,4.8,CH
CH00215,7978.7,14981.0,840.0,4.61,CH
CH00216,7978.2,14984.0,840.0,5.32,CH
CH00217,7977.3,14986.9,840.0,4.53,CH
CH00218,7976.8,14989.8,840.0,4.1,CH
CH00219,7975.6,14992.7,840.0,4.22,CH
CH00220,7974.4,14995.5,840.0,3.86,CH
CH00221,7974.0,14998.5,840.0,3.74,CH
CH00222,7973.3,15001.4,840.0,4.9,CH
CH00223,7972.3,15004.3,840.0,4.77,CH
CH00224,7971.6,15007.2,840.0,4.91,CH
CH00225,7970.1,15010.0,840.0,4.86,CH
CH00226,7969.6,15012.9,840.0,4.52,CH
CH00227,7968.7,15015.8,840.0,4.05,CH
CH00228,7968.3,15018.8,840.0,3.99,CH
CH00229,7967.3,15021.7,840.0,3.41,CH
CH00230,7966.3,15024.5,840.0,4.36,CH
CH00231,7966.1,15027.5,840.0,4.63,CH
CH00232,7964.8,15030.3,840.0,4.79,CH
CH00233,7964.4,15033.3,840.0,4.56,CH
CH00234,7963.7,15036.3,840.0,4.58,CH
CH00235,7962.8,15039.1,840.0,3.74,CH
CH00236,7961.5,15042.0,840.0,3.38,CH
CH00237,7960.8,15044.9,840.0,4.14,CH
CH00238,7960.1,15047.8,840.0,4.35,CH
CH00239,7959.3,15050.7,840.0,4.12,CH
CH00240,7959.0,15053.7,840.0,4.55,CH
CH00241,7958.1,15056.6,840.0,4.33,CH
CH00242,7957.2,15059.5,840.0,3.78,CH
CH00243,7956.2,15062.3,840.0,4.41,CH
CH00244,7955.8,15065.3,840.0,4.28,CH
CH00245,7955.1,15068.2,840.0,4.01,CH
CH00246,7954.1,15071.1,840.0,3.62,CH
CH00247,7952.9,15074.0,840.0,4.25,CH
CH00248,7952.9,15077.0,840.0,3.15,CH
CH00249,7952.0,15079.9,840.0,4.12,CH
CH00250,7951.4,15082.8,840.0,3.88,CH
CH00251,7950.1,15085.6,840.0,4.59,CH
CH00252,7949.2,15088.5,840.0,4.26,CH
CH00253,7948.9,15091.5,840.0,4.33,CH
CH00254,7948.0,15094.4,840.0,3.9,CH
CH00255,7947.8,15097.4,840.0,4.72,CH
CH00256,7946.8,15100.3,840.0,4.29,CH
CH00257,7946.8,15103.3,840.0,4.92,CH
CH00258,7946.5,15106.3,840.0,4.18,CH
CH00259,7945.7,15109.2,840.0,4.32,CH
CH00260,7945.0,15112.1,840.0,4.5,CH
CH00261,7944.5,15115.1,840.0,3.73,CH
CH00262,7943.9,15118.1,840.0,4.46,CH
CH00263,7943.2,15121.0,840.0,4.49,CH
CH00264,7943.6,15124.1,840.0,4.12,CH
CH00265,7943.2,15127.1,840.0,4.69,CH
CH00266,7942.1,15129.9,840.0,3.58,CH
CH00267,7942.7,15133.1,840.0,3.32,CH
CH00268,7941.5,15135.9,840.0,4.69,CH
CH00269,7941.1,15138.9,840.0,3.59,CH
CH00270,7941.2,15141.9,840.0,3.95,CH
CH00271,7941.0,15145.0,840.0,4.31,CH
CH00272,7940.3,15147.9,840.0,3.38,CH
CH00273,7940.2,15150.9,840.0,4.36,CH
CH00274,7939.9,15153.9,840.0,3.48,CH
CH00275,7939.2,15156.8,840.0,4.1,CH
CH00276,7938.6,15159.8,840.0,3.55,CH
CH00277,7938.8,15162.8,840.0,3.17,CH
CH00278,7937.6,15165.7,840.0,3.6,CH
CH00279,8060.2,14766.9,820.0,3.85,CH
CH00280,8059.2,14769.8,820.0,3.76,CH
CH00281,8059.6,14772.9,820.0,4.72,CH
CH00282,8059.4,14775.9,820.0,3.48,CH
CH00283,8058.6,14778.8,820.0,4.06,CH
CH00284,8058.2,14781.8,820.0,4.59,CH
CH00285,8057.8,14784.8,820.0,4.66,CH
CH00286,8058.1,14787.9,820.0,4.3,CH
CH00287,8057.8,14790.9,820.0,3.8,CH
CH00288,8057.3,14793.8,820.0,4.91,CH
CH00289,8057.6,14796.9,820.0,3.93,CH
CH00290,8056.5,14799.8,820.0,5.19,CH
CH00291,8057.0,14802.9,820.0,4.87,CH
CH00292,8056.0,14805.8,820.0,4.57,CH
CH00293,8056.5,14808.9,820.0,4.63,CH
CH00294,8055.4,14811.8,820.0,4.46,CH
CH00295,8055.0,14814.7,820.0,5.33,CH
CH00296,8054.8,14817.8,820.0,4.36,CH
CH00297,8054.4,14820.7,820.0,4.7,CH
CH00298,8054.3,14823.8,820.0,3.92,CH
CH00299,8054.2,14826.8,820.0,3.86,CH
CH00300,8053.3,14829.7,820.0,3.71,CH
CH00301,8052.6,14832.6,820.0,4.82,CH
CH00302,8052.6,14835.6,820.0,4.56,CH
CH00303,8052.1,14838.6,820.0,4.29,CH
CH00304,8051.5,14841.5,820.0,4.35,CH
CH00305,8050.6,14844.4,820.0,4.0,CH
CH00306,8050.6,14847.5,820.0,4.12,CH
CH00307,8050.3,14850.5,820.0,4.67,CH
CH00308,8049.9,14853.4,820.0,4.26,CH
CH00309,8049.3,14856.4,820.0,4.76,CH
CH00310,8048.5,14859.3,820.0,3.91,CH
CH00311,8048.1,14862.3,820.0,4.69,CH
CH00312,8047.8,14865.3,820.0,3.56,CH
CH00313,8047.2,14868.2,820.0,3.79,CH
CH00314,8047.4,14871.3,820.0,3.89,CH
CH00315,8046.7,14874.2,820.0,3.65,CH
CH00316,8045.7,14877.1,820.0,4.96,CH
CH00317,8045.8,14880.1,820.0,3.68,CH
CH00318,8045.5,14883.1,820.0,3.91,CH
CH00319,8045.0,14886.1,820.0,3.94,CH
CH00320,8044.5,14889.0,820.0,4.09,CH
CH00321,8044.9,14892.2,820.0,4.64,CH
CH00322,8044.6,14895.1,820.0,3.67,CH
CH00323,8043.6,14898.0,820.0,4.01,CH
CH00324,8043.9,14901.1,820.0,4.07,CH
CH00325,8043.6,14904.1,820.0,3.26,CH
CH00326,8043.0,14907.1,820.0,4.02,CH
CH00327,8042.5,14910.0,820.0,4.03,CH
CH00328,8042.6,14913.1,820.0,4.25,CH
CH00329,8042.1,14916.0,820.0,3.15,CH
CH00330,8041.7,14919.0,820.0,3.18,CH
CH00331,8040.7,14921.9,820.0,3.62,CH
CH00332,8040.7,14924.9,820.0,4.54,CH
CH00333,8040.3,14927.9,820.0,3.66,CH
CH00334,8039.7,14930.8,820.0,3.65,CH
CH00335,8039.9,14933.9,820.0,3.69,CH
CH00336,8039.3,14936.9,820.0,3.81,CH
CH00337,8038.5,14939.8,820.0,3.5,CH
CH00338,8038.0,14942.7,820.0,3.51,CH
CH00339,8037.4,14945.7,820.0,4.54,CH
CH00340,8036.6,14948.6,820.0,3.82,CH
CH00341,8036.9,14951.7,820.0,4.84,CH
CH00342,8036.0,14954.6,820.0,4.24,CH
CH00343,8035.4,14957.5,820.0,4.72,CH
CH00344,8034.5,14960.4,820.0,5.05,CH
CH00345,8033.9,14963.3,820.0,5.41,CH
CH00346,8034.3,14966.4,820.0,4.91,CH
CH00347,8032.9,14969.3,820.0,5.52,CH
CH00348,8032.4,14972.2,820.0,6.12,CH
CH00349,8031.8,14975.1,820.0,4.96,CH
CH00350,8031.8,14978.2,820.0,5.52,CH
CH00351,8031.0,14981.1,820.0,5.48,CH
CH00352,8030.1,14984.0,820.0,5.03,CH
CH00353,8029.9,14987.0,820.0,6.14,CH
CH00354,8029.0,14989.9,820.0,6.01,CH
CH00355,8028.6,14992.9,820.0,4.9,CH
CH00356,8027.9,14995.8,820.0,5.03,CH
CH00357,8027.2,14998.7,820.0,5.18,CH
CH00358,8026.6,15001.6,820.0,5.62,CH
CH00359,8026.1,15004.6,820.0,5.81,CH
CH00360,8025.0,15007.5,820.0,5.68,CH
CH00361,8024.9,15010.5,820.0,5.71,CH
CH00362,8024.1,15013.4,820.0,5.65,CH
CH00363,8023.5,15016.3,820.0,5.21,CH
CH00364,8022.7,15019.2,820.0,4.49,CH
CH00365,8022.3,15022.2,820.0,4.21,CH
CH00366,8021.9,15025.2,820.0,4.88,CH
CH00367,8021.9,15028.2,820.0,4.28,CH
CH00368,8021.2,15031.2,820.0,4.38,CH
CH00369,8021.0,15034.2,820.0,4.63,CH
CH00370,8020.2,15037.1,820.0,4.72,CH
CH00371,8020.2,15040.1,820.0,3.85,CH
CH00372,8019.6,15043.1,820.0,4.32,CH
CH00373,8018.7,15045.9,820.0,4.3,CH
CH00374,8018.2,15048.9,820.0,3.84,CH
CH00375,8017.7,15051.9,820.0,4.15,CH
CH00376,8017.1,15054.8,820.0,3.49,CH
CH00377,8016.9,15057.8,820.0,4.31,CH
CH00378,8016.9,15060.9,820.0,4.35,CH
CH00379,8016.6,15063.9,820.0,4.32,CH
CH00380,8016.0,15066.8,820.0,5.12,CH
CH00381,8015.4,15069.7,820.0,4.51,CH
CH00382,8015.5,15072.8,820.0,4.15,CH
CH00383,8014.8,15075.7,820.0,4.72,CH
CH00384,8014.1,15078.6,820.0,5.6,CH
CH00385,8013.4,15081.6,820.0,4.58,CH
CH00386,8012.8,15084.5,820.0,5.5,CH
CH00387,8012.3,15087.5,820.0,5.11,CH
CH00388,8012.5,15090.5,820.0,5.73,CH
CH00389,8011.5,15093.4,820.0,5.46,CH
CH00390,8010.3,15096.3,820.0,5.5,CH
CH00391,8009.9,15099.2,820.0,5.67,CH
CH00392,8010.0,15102.3,820.0,5.42,CH
CH00393,8009.3,15105.2,820.0,5.25,CH
CH00394,8007.9,15108.0,820.0,4.31,CH
CH00395,8008.1,15111.1,820.0,4.67,CH
CH00396,8007.1,15114.0,820.0,4.59,CH
CH00397,8006.1,15116.8,820.0,4.86,CH
CH00398,8006.4,15119.9,820.0,4.24,CH
CH00399,8005.9,15122.9,820.0,3.99,CH
CH00400,8004.9,15125.8,820.0,4.1,CH
CH00401,8004.2,15128.7,820.0,4.5,CH
CH00402,8004.2,15131.7,820.0,3.38,CH
CH00403,8003.5,15134.7,820.0,3.78,CH
CH00404,8003.1,15137.6,820.0,4.28,CH
CH00405,8002.8,15140.6,820.0,3.75,CH
CH00406,8002.9,15143.7,820.0,3.67,CH
CH00407,8002.5,15146.7,820.0,4.67,CH
CH00408,8002.2,15149.7,820.0,4.07,CH
CH00409,8001.7,15152.6,820.0,4.25,CH
CH00410,8001.8,15155.7,820.0,3.5,CH
CH00411,8001.1,15158.6,820.0,3.89,CH
CH00412,8001.0,15161.6,820.0,4.97,CH
CH00413,8000.5,15164.6,820.0,4.96,CH
CH00414,8000.3,15167.6,820.0,4.13,CH
CH00415,8000.6,15170.7,820.0,4.52,CH
CH00416,8000.3,15173.7,820.0,4.31,CH
CH00417,7999.6,15176.6,820.0,5.6,CH
CH00418,7999.1,15179.6,820.0,5.76,CH
CH00419,7999.6,15182.7,820.0,6.27,CH
CH00420,7999.0,15185.6,820.0,6.17,CH
CH00421,7999.0,15188.7,820.0,6.95,CH
CH00422,7998.3,15191.6,820.0,6.87,CH
CH00423,7997.7,15194.6,820.0,6.32,CH
CH00424,7997.1,15197.5,820.0,7.89,CH
CH00425,7997.5,15200.6,820.0,6.62,CH
CH00426,7996.8,15203.5,820.0,7.7,CH
CH00427,7996.2,15206.5,820.0,7.23,CH
CH00428,7995.7,15209.4,820.0,6.63,CH
CH00429,7994.7,15212.3,820.0,6.85,CH
CH00430,7993.9,15215.2,820.0,7.53,CH
CH00431,7993.2,15218.1,820.0,6.85,CH
CH00432,7992.2,15221.0,820.0,7.22,CH
CH00433,7991.6,15223.9,820.0,5.66,CH
CH00434,7991.5,15227.0,820.0,5.38,CH
CH00435,7990.6,15229.9,820.0,5.52,CH
CH00436,7989.8,15232.8,820.0,5.99,CH
CH00437,7989.3,15235.7,820.0,4.62,CH
CH00438,7988.1,15238.5,820.0,4.73,CH
CH00439,7988.0,15241.6,820.0,5.36,CH
CH00440,8006.7,14797.1,820.0,3.51,CH
CH00441,8007.2,14800.2,820.0,4.01,CH
CH00442,8006.4,14803.1,820.0,2.97,CH
CH00443,8006.4,14806.2,820.0,3.54,CH
CH00444,8005.9,14809.1,820.0,3.82,CH
CH00445,8005.8,14812.2,820.0,4.31,CH
CH00446,8005.3,14815.1,820.0,3.45,CH
CH00447,8005.5,14818.2,820.0,3.31,CH
CH00448,8005.1,14821.2,820.0,4.1,CH
CH00449,8005.6,14824.3,820.0,4.32,CH
CH00450,8004.6,14827.2,820.0,4.16,CH
CH00451,8004.8,14830.2,820.0,4.27,CH
CH00452,8004.7,14833.3,820.0,3.89,CH
CH00453,8004.2,14836.2,820.0,3.99,CH
CH00454,8004.2,14839.3,820.0,3.29,CH
CH00455,8004.0,14842.3,820.0,3.47,CH
CH00456,8002.8,14845.1,820.0,3.19,CH
CH00457,8002.2,14848.1,820.0,3.37,CH
CH00458,8002.1,14851.1,820.0,3.55,CH
CH00459,8001.7,14854.1,820.0,3.09,CH
CH00460,8000.7,14857.0,820.0,4.38,CH
CH00461,8000.3,14859.9,820.0,4.19,CH
CH00462,8000.0,14862.9,820.0,4.48,CH
CH00463,7998.9,14865.8,820.0,3.51,CH
CH00464,7998.2,14868.7,820.0,4.05,CH
CH00465,7997.6,14871.6,820.0,3.74,CH
CH00466,7997.5,14874.7,820.0,3.65,CH
CH00467,7996.6,14877.5,820.0,4.35,CH
CH00468,7996.4,14880.6,820.0,3.5,CH
CH00469,7995.2,14883.4,820.0,3.96,CH
CH00470,7994.6,14886.3,820.0,5.1,CH
CH00471,7994.2,14889.3,820.0,4.97,CH
CH00472,7993.7,14892.3,820.0,4.11,CH
CH00473,7993.0,14895.2,820.0,4.6,CH
CH00474,7992.9,14898.2,820.0,5.36,CH
CH00475,7991.8,14901.1,820.0,4.75,CH
CH00476,7991.4,14904.1,820.0,5.36,CH
CH00477,7991.4,14907.1,820.0,5.45,CH
CH00478,7991.2,14910.1,820.0,4.95,CH
CH00479,7991.1,14913.1,820.0,5.32,CH
CH00480,7990.9,14916.1,820.0,4.36,CH
CH00481,7990.8,14919.2,820.0,3.85,CH
CH00482,7990.4,14922.2,820.0,4.1,CH
CH00483,7990.4,14925.2,820.0,4.47,CH
CH00484,7990.2,14928.2,820.0,3.7,CH
CH00485,7989.8,14931.2,820.0,3.62,CH
CH00486,7989.9,14934.3,820.0,3.58,CH
CH00487,7989.5,14937.2,820.0,4.76,CH
CH00488,7989.4,14940.2,820.0,4.32,CH
CH00489,7988.8,14943.2,820.0,4.49,CH
CH00490,7988.8,14946.2,820.0,4.37,CH
CH00491,7988.7,14949.3,820.0,3.94,CH
CH00492,7988.4,14952.3,820.0,4.08,CH
CH00493,7988.6,14955.3,820.0,3.37,CH
CH00494,7987.6,14958.2,820.0,4.76,CH
CH00495,7987.2,14961.2,820.0,4.54,CH
CH00496,7986.8,14964.2,820.0,3.81,CH
CH00497,7986.8,14967.2,820.0,4.8,CH
CH00498,7986.2,14970.2,820.0,4.57,CH
CH00499,7985.2,14973.0,820.0,4.38,CH
CH00500,7984.7,14976.0,820.0,4.04,CH
CH00501,7984.1,14978.9,820.0,5.23,CH
CH00502,7983.2,14981.8,820.0,4.58,CH
CH00503,7982.3,14984.7,820.0,4.87,CH
CH00504,7981.7,14987.6,820.0,4.55,CH
CH00505,7981.5,14990.6,820.0,5.09,CH
CH00506,7979.8,14993.4,820.0,5.47,CH
CH00507,7978.9,14996.3,820.0,5.35,CH
CH00508,7978.5,14999.3,820.0,4.68,CH
CH00509,7977.3,15002.1,820.0,4.75,CH
CH00510,7976.2,15004.9,820.0,4.0,CH
CH00511,7975.5,15007.9,820.0,4.6,CH
CH00512,7974.7,15010.8,820.0,4.96,CH
CH00513,7973.3,15013.6,820.0,4.47,CH
CH00514,7973.5,15016.6,820.0,4.37,CH
CH00515,7972.0,15019.4,820.0,4.89,CH
CH00516,7971.7,15022.4,820.0,3.77,CH
CH00517,7970.4,15025.2,820.0,3.61,CH
CH00518,7970.0,15028.2,820.0,4.59,CH
CH00519,7969.5,15031.2,820.0,4.89,CH
CH00520,7968.6,15034.1,820.0,3.56,CH
CH00521,7968.2,15037.0,820.0,4.75,CH
CH00522,7967.0,15039.9,820.0,3.95,CH
CH00523,7966.5,15042.8,820.0,4.6,CH
CH00524,7966.1,15045.8,820.0,4.36,CH
CH00525,7965.7,15048.8,820.0,3.9,CH
CH00526,7964.7,15051.6,820.0,3.48,CH
CH00527,7963.6,15054.5,820.0,3.72,CH
CH00528,7963.2,15057.5,820.0,3.95,CH
CH00529,7962.6,15060.4,820.0,3.8,CH
CH00530,7962.4,15063.4,820.0,4.27,CH
CH00531,7961.2,15066.3,820.0,3.32,CH
CH00532,7960.4,15069.2,820.0,4.25,CH
CH00533,7959.6,15072.1,820.0,3.95,CH
CH00534,7959.3,15075.1,820.0,4.71,CH
CH00535,7958.3,15077.9,820.0,4.75,CH
CH00536,7957.5,15080.9,820.0,4.48,CH
CH00537,7957.8,15083.9,820.0,3.67,CH
CH00538,7956.5,15086.8,820.0,3.74,CH
CH00539,7956.5,15089.8,820.0,5.0,CH
CH00540,7955.4,15092.7,820.0,5.07,CH
CH00541,7955.1,15095.6,820.0,3.78,CH
CH00542,7953.9,15098.5,820.0,4.66,CH
CH00543,7953.6,15101.5,820.0,4.0,CH
CH00544,7953.2,15104.5,820.0,4.59,CH
CH00545,7953.0,15107.5,820.0,5.15,CH
CH00546,7952.5,15110.4,820.0,4.69,CH
CH00547,7951.4,15113.3,820.0,4.87,CH
CH00548,7951.2,15116.3,820.0,4.34,CH
CH00549,7950.4,15119.2,820.0,4.18,CH
CH00550,7950.6,15122.3,820.0,3.7,CH
CH00551,7950.4,15125.3,820.0,4.34,CH
CH00552,7949.3,15128.1,820.0,4.04,CH
CH00553,7949.1,15131.1,820.0,4.22,CH
CH00554,7949.2,15134.2,820.0,3.73,CH
CH00555,7948.7,15137.2,820.0,4.58,CH
CH00556,7948.5,15140.2,820.0,3.65,CH
CH00557,7948.2,15143.2,820.0,4.51,CH
CH00558,7947.8,15146.2,820.0,3.4,CH
CH00559,7947.6,15149.2,820.0,3.63,CH
CH00560,7947.6,15152.2,820.0,4.49,CH
CH00561,7947.3,15155.2,820.0,3.51,CH
CH00562,7946.3,15158.1,820.0,3.36,CH
CH00563,7945.6,15161.0,820.0,3.74,CH
CH00564,7945.2,15164.0,820.0,3.89,CH
CH00565,7945.3,15167.0,820.0,4.07,CH
CH00566,7944.7,15170.0,820.0,3.5,CH
CH00567,7944.0,15172.9,820.0,3.14,CH
CH00568,7943.1,15175.8,820.0,3.94,CH
CH00569,7942.9,15178.8,820.0,4.09,CH
CH00570,7942.4,15181.8,820.0,4.17,CH
CH00571,7941.1,15184.6,820.0,3.17,CH
CH00572,7941.2,15187.6,820.0,4.04,CH
CH00573,7940.1,15190.5,820.0,3.1,CH
CH00574,7939.5,15193.4,820.0,3.15,CH
CH00575,8066.1,14768.0,800.0,4.83,CH
CH00576,8066.1,14771.0,800.0,5.34,CH
CH00577,8065.5,14773.9,800.0,5.36,CH
CH00578,8065.5,14777.0,800.0,4.74,CH
CH00579,8065.4,14780.0,800.0,5.52,CH
CH00580,8064.7,14782.9,800.0,5.09,CH
CH00581,8064.4,14785.9,800.0,4.39,CH
CH00582,8063.9,14788.9,800.0,4.54,CH
CH00583,8063.4,14791.9,800.0,4.44,CH
CH00584,8063.4,14794.9,800.0,5.42,CH
CH00585,8062.8,14797.8,800.0,4.52,CH
CH00586,8063.0,14800.9,800.0,5.59,CH
CH00587,8061.8,14803.7,800.0,5.15,CH
CH00588,8061.5,14806.8,800.0,5.74,CH
CH00589,8061.4,14809.8,800.0,4.63,CH
CH00590,8061.3,14812.8,800.0,4.73,CH
CH00591,8060.5,14815.7,800.0,4.97,CH
CH00592,8059.7,14818.6,800.0,5.04,CH
CH00593,8059.8,14821.7,800.0,4.57,CH
CH00594,8059.1,14824.6,800.0,5.35,CH
CH00595,8058.5,14827.5,800.0,5.39,CH
CH00596,8057.7,14830.4,800.0,4.3,CH
CH00597,8057.3,14833.4,800.0,5.48,CH
CH00598,8056.4,14836.3,800.0,4.67,CH
CH00599,8056.5,14839.4,800.0,4.54,CH
CH00600,8055.5,14842.2,800.0,5.4,CH
CH00601,8055.7,14845.3,800.0,5.33,CH
CH00602,8054.9,14848.2,800.0,5.34,CH
CH00603,8054.8,14851.2,800.0,5.32,CH
CH00604,8054.5,14854.2,800.0,5.08,CH
CH00605,8054.2,14857.3,800.0,5.3,CH
CH00606,8053.5,14860.2,800.0,4.46,CH
CH00607,8053.5,14863.2,800.0,4.46,CH
CH00608,8052.6,14866.1,800.0,5.18,CH
CH00609,8052.2,14869.1,800.0,4.85,CH
CH00610,8052.6,14872.2,800.0,4.68,CH
CH00611,8051.9,14875.1,800.0,5.13,CH
CH00612,8051.9,14878.2,800.0,5.54,CH
CH00613,8052.1,14881.2,800.0,4.49,CH
CH00614,8051.4,14884.2,800.0,5.23,CH
CH00615,8050.9,14887.1,800.0,4.78,CH
CH00616,8051.2,14890.2,800.0,3.89,CH
CH00617,8050.6,14893.2,800.0,3.83,CH
CH00618,8050.3,14896.2,800.0,4.76,CH
CH00619,8050.1,14899.2,800.0,3.77,CH
CH00620,8050.0,14902.2,800.0,4.11,CH
CH00621,8049.6,14905.2,800.0,4.68,CH
CH00622,8049.7,14908.2,800.0,3.17,CH
CH00623,8048.9,14911.1,800.0,4.35,CH
CH00624,8048.6,14914.1,800.0,3.27,CH
CH00625,8048.4,14917.1,800.0,3.51,CH
CH00626,8048.0,14920.1,800.0,4.07,CH
CH00627,8047.7,14923.1,800.0,3.52,CH
CH00628,8047.8,14926.2,800.0,3.2,CH
CH00629,8047.1,14929.1,800.0,3.26,CH
CH00630,8047.0,14932.1,800.0,3.46,CH
CH00631,8046.3,14935.0,800.0,3.44,CH
CH00632,8045.7,14938.0,800.0,3.94,CH
CH00633,8045.7,14941.0,800.0,4.54,CH
CH00634,8045.6,14944.1,800.0,3.36,CH
CH00635,8044.4,14946.9,800.0,4.35,CH
CH00636,8044.3,14949.9,800.0,4.4,CH
CH00637,8044.3,14953.0,800.0,4.6,CH
CH00638,8043.1,14955.8,800.0,4.23,CH
CH00639,8042.8,14958.8,800.0,3.91,CH
CH00640,8042.0,14961.7,800.0,4.59,CH
CH00641,8042.0,14964.8,800.0,4.92,CH
CH00642,8040.8,14967.6,800.0,4.95,CH
CH00643,8040.8,14970.6,800.0,4.87,CH
CH00644,8040.3,14973.6,800.0,5.29,CH
CH00645,8039.9,14976.6,800.0,4.95,CH
CH00646,8039.2,14979.5,800.0,6.28,CH
CH00647,8038.0,14982.3,800.0,6.11,CH
CH00648,8038.1,14985.4,800.0,5.62,CH
CH00649,8037.4,14988.3,800.0,5.51,CH
CH00650,8036.6,14991.2,800.0,6.47,CH
CH00651,8036.0,14994.2,800.0,6.01,CH
CH00652,8034.5,14996.9,800.0,6.28,CH
CH00653,8034.5,15000.0,800.0,5.39,CH
CH00654,8033.2,15002.8,800.0,6.83,CH
CH00655,8033.2,15005.9,800.0,6.26,CH
CH00656,8031.9,15008.7,800.0,6.0,CH
CH00657,8031.2,15011.6,800.0,6.26,CH
CH00658,8030.8,15014.6,800.0,6.32,CH
CH00659,8029.6,15017.4,800.0,5.42,CH
CH00660,8029.0,15020.3,800.0,4.72,CH
CH00661,8028.7,15023.3,800.0,4.65,CH
CH00662,8027.2,15026.1,800.0,5.35,CH
CH00663,8026.9,15029.1,800.0,4.48,CH
CH00664,8026.4,15032.1,800.0,5.28,CH
CH00665,8025.4,15034.9,800.0,4.87,CH
CH00666,8025.6,15038.0,800.0,3.81,CH
CH00667,8024.3,15040.8,800.0,4.54,CH
CH00668,8023.9,15043.8,800.0,4.6,CH
CH00669,8023.9,15046.9,800.0,4.86,CH
CH00670,8023.2,15049.8,800.0,4.4,CH
CH00671,8022.4,15052.7,800.0,4.07,CH
CH00672,8022.1,15055.7,800.0,4.84,CH
CH00673,8021.6,15058.7,800.0,3.54,CH
CH00674,8021.4,15061.6,800.0,3.86,CH
CH00675,8020.7,15064.6,800.0,4.87,CH
CH00676,8020.5,15067.6,800.0,4.14,CH
CH00677,8020.0,15070.5,800.0,3.93,CH
CH00678,8019.6,15073.5,800.0,4.68,CH
CH00679,8019.2,15076.5,800.0,5.52,CH
CH00680,8018.7,15079.5,800.0,4.94,CH
CH00681,8018.3,15082.4,800.0,5.53,CH
CH00682,8017.7,15085.4,800.0,5.55,CH
CH00683,8017.3,15088.4,800.0,5.27,CH
CH00684,8016.7,15091.3,800.0,4.52,CH
CH00685,8016.1,15094.2,800.0,4.69,CH
CH00686,8015.8,15097.2,800.0,5.51,CH
CH00687,8015.4,15100.2,800.0,4.33,CH
CH00688,8014.6,15103.1,800.0,4.59,CH
CH00689,8014.3,15106.1,800.0,4.67,CH
CH00690,8013.5,15109.0,800.0,4.66,CH
CH00691,8012.9,15111.9,800.0,5.0,CH
CH00692,8012.1,15114.8,800.0,4.37,CH
CH00693,8011.7,15117.8,800.0,3.45,CH
CH00694,8011.2,15120.8,800.0,3.32,CH
CH00695,8011.3,15123.8,800.0,4.27,CH
CH00696,8010.0,15126.7,800.0,3.89,CH
CH00697,8009.9,15129.7,800.0,3.67,CH
CH00698,8009.3,15132.6,800.0,4.42,CH
CH00699,8008.7,15135.6,800.0,3.36,CH
CH00700,8008.8,15138.6,800.0,3.43,CH
CH00701,8008.3,15141.6,800.0,4.31,CH
CH00702,8008.0,15144.6,800.0,4.29,CH
CH00703,8007.9,15147.6,800.0,4.07,CH
CH00704,8007.7,15150.6,800.0,3.84,CH
CH00705,8007.5,15153.6,800.0,3.42,CH
CH00706,8006.6,15156.5,800.0,4.41,CH
CH00707,8007.1,15159.7,800.0,3.23,CH
CH00708,8006.9,15162.7,800.0,3.13,CH
CH00709,8006.0,15165.6,800.0,3.54,CH
CH00710,8006.7,15168.7,800.0,3.33,CH
CH00711,8005.6,15171.6,800.0,3.39,CH
CH00712,8006.0,15174.7,800.0,4.91,CH
CH00713,8005.5,15177.7,800.0,4.32,CH
CH00714,8005.0,15180.6,800.0,4.72,CH
CH00715,8004.9,15183.6,800.0,4.92,CH
CH00716,8004.5,15186.6,800.0,5.87,CH
CH00717,8004.8,15189.7,800.0,6.02,CH
CH00718,8004.1,15192.6,800.0,6.01,CH
CH00719,8004.6,15195.8,800.0,6.48,CH
CH00720,8004.2,15198.7,800.0,7.19,CH
CH00721,8003.3,15201.6,800.0,7.54,CH
CH00722,8003.4,15204.7,800.0,8.18,CH
CH00723,8002.6,15207.6,800.0,7.93,CH
CH00724,8001.8,15210.5,800.0,7.26,CH
CH00725,8001.2,15213.4,800.0,8.22,CH
CH00726,8000.3,15216.3,800.0,6.89,CH
CH00727,8000.2,15219.4,800.0,8.05,CH
CH00728,7999.4,15222.3,800.0,7.35,CH
CH00729,7998.1,15225.1,800.0,6.96,CH
CH00730,7997.5,15228.0,800.0,6.79,CH
CH00731,7996.9,15231.0,800.0,6.02,CH
CH00732,7996.1,15233.9,800.0,6.13,CH
CH00733,7994.8,15236.7,800.0,5.32,CH
CH00734,7994.7,15239.7,800.0,5.79,CH
CH00735,7993.6,15242.6,800.0,4.82,CH
CH00736,8013.4,14776.9,800.0,3.97,CH
CH00737,8012.8,14779.9,800.0,4.61,CH
CH00738,8012.4,14782.8,800.0,3.79,CH
CH00739,8011.7,14785.8,800.0,3.27,CH
CH00740,8011.5,14788.8,800.0,3.28,CH
CH00741,8011.4,14791.8,800.0,4.15,CH
CH00742,8011.1,14794.8,800.0,3.14,CH
CH00743,8011.0,14797.8,800.0,3.57,CH
CH00744,8010.9,14800.9,800.0,3.71,CH
CH00745,8009.9,14803.7,800.0,3.59,CH
CH00746,8010.3,14806.8,800.0,4.0,CH
CH00747,8010.1,14809.9,800.0,3.57,CH
CH00748,8009.4,14812.8,800.0,2.93,CH
CH00749,8010.0,14815.9,800.0,4.03,CH
CH00750,8010.0,14819.0,800.0,3.73,CH
CH00751,8009.2,14821.9,800.0,3.95,CH
CH00752,8009.6,14825.0,800.0,4.31,CH
CH00753,8009.2,14828.0,800.0,3.62,CH
CH00754,8009.2,14831.0,800.0,3.03,CH
CH00755,8008.7,14834.0,800.0,2.94,CH
CH00756,8008.4,14837.0,800.0,4.1,CH
CH00757,8007.5,14839.9,800.0,3.79,CH
CH00758,8007.9,14843.0,800.0,4.0,CH
CH00759,8007.7,14846.0,800.0,3.98,CH
CH00760,8007.0,14848.9,800.0,4.24,CH
CH00761,8006.0,14851.8,800.0,3.76,CH
CH00762,8005.7,14854.8,800.0,4.31,CH
CH00763,8004.9,14857.7,800.0,3.94,CH
CH00764,8004.5,14860.7,800.0,3.51,CH
CH00765,8003.7,14863.6,800.0,3.79,CH
CH00766,8003.3,14866.5,800.0,4.18,CH
CH00767,8002.2,14869.4,800.0,4.55,CH
CH00768,8002.0,14872.4,800.0,4.2,CH
CH00769,8001.5,14875.4,800.0,3.71,CH
CH00770,8000.5,14878.2,800.0,3.9,CH
CH00771,7999.8,14881.2,800.0,4.72,CH
CH00772,7999.3,14884.1,800.0,4.29,CH
CH00773,7998.8,14887.1,800.0,4.74,CH
CH00774,7998.2,14890.0,800.0,5.3,CH
CH00775,7997.2,14892.9,800.0,5.42,CH
CH00776,7996.5,14895.8,800.0,4.92,CH
CH00777,7996.5,14898.9,800.0,4.77,CH
CH00778,7995.5,14901.7,800.0,5.86,CH
CH00779,7994.9,14904.7,800.0,4.96,CH
CH00780,7994.8,14907.7,800.0,5.78,CH
CH00781,7994.3,14910.7,800.0,4.86,CH
CH00782,7993.6,14913.6,800.0,4.27,CH
CH00783,7993.0,14916.5,800.0,5.17,CH
CH00784,7993.2,14919.6,800.0,4.71,CH
CH00785,7993.2,14922.6,800.0,4.36,CH
CH00786,7992.2,14925.5,800.0,4.0,CH
CH00787,7992.1,14928.5,800.0,4.41,CH
CH00788,7992.1,14931.6,800.0,4.26,CH
CH00789,7991.8,14934.6,800.0,4.48,CH
CH00790,7992.3,14937.7,800.0,4.46,CH
CH00791,7992.1,14940.7,800.0,3.78,CH
CH00792,7992.0,14943.8,800.0,4.62,CH
CH00793,7991.7,14946.7,800.0,4.4,CH
CH00794,7991.0,14949.7,800.0,3.56,CH
CH00795,7991.2,14952.7,800.0,4.93,CH
CH00796,7990.6,14955.7,800.0,4.45,CH
CH00797,7990.4,14958.7,800.0,4.58,CH
CH00798,7990.5,14961.8,800.0,4.4,CH
CH00799,7990.2,14964.8,800.0,4.5,CH
CH00800,7989.6,14967.7,800.0,4.45,CH
CH00801,7989.4,14970.7,800.0,5.0,CH
CH00802,7989.1,14973.7,800.0,4.94,CH
CH00803,7988.2,14976.6,800.0,5.47,CH
CH00804,7987.7,14979.5,800.0,5.55,CH
CH00805,7986.7,14982.4,800.0,5.04,CH
CH00806,7986.3,14985.4,800.0,4.28,CH
CH00807,7985.1,14988.2,800.0,4.39,CH
CH00808,7984.2,14991.1,800.0,4.95,CH
CH00809,7983.4,14994.0,800.0,5.06,CH
CH00810,7982.4,14996.9,800.0,5.27,CH
CH00811,7982.2,14999.9,800.0,5.4,CH
CH00812,7981.2,15002.8,800.0,5.29,CH
CH00813,7980.2,15005.7,800.0,4.1,CH
CH00814,7978.8,15008.4,800.0,4.72,CH
CH00815,7978.3,15011.4,800.0,4.66,CH
CH00816,7977.2,15014.3,800.0,4.11,CH
CH00817,7976.7,15017.2,800.0,4.52,CH
CH00818,7975.5,15020.0,800.0,4.52,CH
CH00819,7975.4,15023.1,800.0,3.88,CH
CH00820,7974.3,15025.9,800.0,5.15,CH
CH00821,7973.5,15028.8,800.0,4.22,CH
CH00822,7972.4,15031.7,800.0,4.4,CH
CH00823,7972.6,15034.8,800.0,5.0,CH
CH00824,7971.2,15037.6,800.0,4.24,CH
CH00825,7971.1,15040.6,800.0,4.61,CH
CH00826,7970.5,15043.5,800.0,4.4,CH
CH00827,7969.8,15046.5,800.0,5.01,CH
CH00828,7969.2,15049.4,800.0,3.96,CH
CH00829,7968.7,15052.4,800.0,4.89,CH
CH00830,7968.3,15055.3,800.0,4.84,CH
CH00831,7967.2,15058.2,800.0,4.64,CH
CH00832,7967.0,15061.2,800.0,5.03,CH
CH00833,7966.8,15064.2,800.0,4.6,CH
CH00834,7965.4,15067.0,800.0,4.41,CH
CH00835,7965.0,15070.0,800.0,4.95,CH
CH00836,7965.0,15073.0,800.0,5.14,CH
CH00837,7963.8,15075.9,800.0,4.58,CH
CH00838,7963.7,15078.9,800.0,4.82,CH
CH00839,7963.2,15081.8,800.0,5.15,CH
CH00840,7962.5,15084.8,800.0,5.34,CH
CH00841,7961.8,15087.7,800.0,4.29,CH
CH00842,7961.5,15090.7,800.0,4.77,CH
CH00843,7961.3,15093.7,800.0,5.43,CH
CH00844,7960.0,15096.5,800.0,4.64,CH
CH00845,7960.0,15099.6,800.0,5.12,CH
CH00846,7959.8,15102.6,800.0,4.67,CH
CH00847,7958.4,15105.4,800.0,4.73,CH
CH00848,7958.4,15108.4,800.0,4.71,CH
CH00849,7958.2,15111.4,800.0,4.58,CH
CH00850,7957.5,15114.4,800.0,4.82,CH
CH00851,7957.0,15117.3,800.0,4.89,CH
CH00852,7956.7,15120.3,800.0,3.99,CH
CH00853,7956.6,15123.3,800.0,3.84,CH
CH00854,7955.8,15126.2,800.0,4.44,CH
CH00855,7956.0,15129.3,800.0,3.73,CH
CH00856,7955.4,15132.3,800.0,4.75,CH
CH00857,7954.8,15135.2,800.0,4.09,CH
CH00858,7954.9,15138.3,800.0,3.85,CH
CH00859,7955.1,15141.3,800.0,3.67,CH
CH00860,7954.6,15144.3,800.0,4.81,CH
CH00861,7954.4,15147.3,800.0,3.89,CH
CH00862,7954.0,15150.3,800.0,5.02,CH
CH00863,7953.2,15153.2,800.0,4.66,CH
CH00864,7953.6,15156.3,800.0,4.32,CH
CH00865,7952.7,15159.2,800.0,4.55,CH
CH00866,7952.6,15162.2,800.0,4.7,CH
CH00867,7952.1,15165.2,800.0,4.15,CH
CH00868,7951.3,15168.1,800.0,3.54,CH
CH00869,7950.8,15171.1,800.0,4.69,CH
CH00870,7950.3,15174.0,800.0,4.27,CH
CH00871,7949.7,15177.0,800.0,3.38,CH
CH00872,7948.6,15179.8,800.0,4.15,CH
CH00873,7947.9,15182.7,800.0,3.28,CH
CH00874,7947.2,15185.7,800.0,4.58,CH
CH00875,7946.7,15188.6,800.0,3.57,CH
CH00876,7945.8,15191.5,800.0,3.44,CH
CH00877,7945.6,15194.5,800.0,3.8,CH
CH00878,7944.1,15197.3,800.0,3.35,CH
CH00879,7943.5,15200.2,800.0,3.31,CH
CH00880,7942.7,15203.1,800.0,3.73,CH
CH00881,7941.9,15206.0,800.0,3.75,CH
CH00882,7941.0,15208.9,800.0,4.16,CH
CH00883,7940.3,15211.9,800.0,3.39,CH
CH00884,7939.2,15214.7,800.0,3.69,CH
CH00885,8072.7,14769.1,780.0,5.29,CH
CH00886,8072.7,14772.2,780.0,4.99,CH
CH00887,8072.1,14775.1,780.0,5.12,CH
CH00888,8072.3,14778.2,780.0,5.54,CH
CH00889,8071.4,14781.1,780.0,5.88,CH
CH00890,8071.0,14784.0,780.0,6.17,CH
CH00891,8070.6,14787.0,780.0,5.15,CH
CH00892,8070.8,14790.1,780.0,5.75,CH
CH00893,8069.8,14793.0,780.0,5.71,CH
CH00894,8069.0,14795.9,780.0,6.09,CH
CH00895,8069.0,14798.9,780.0,5.77,CH
CH00896,8068.8,14801.9,780.0,5.69,CH
CH00897,8068.1,14804.9,780.0,6.85,CH
CH00898,8067.3,14807.8,780.0,6.2,CH
CH00899,8066.5,14810.7,780.0,5.98,CH
CH00900,8066.5,14813.7,780.0,5.61,CH
CH00901,8065.6,14816.6,780.0,6.75,CH
CH00902,8064.9,14819.5,780.0,6.13,CH
CH00903,8064.0,14822.4,780.0,5.54,CH
CH00904,8063.5,14825.4,780.0,6.18,CH
CH00905,8063.0,14828.3,780.0,6.4,CH
CH00906,8062.2,14831.2,780.0,6.5,CH
CH00907,8061.6,14834.2,780.0,5.22,CH
CH00908,8061.8,14837.3,780.0,5.48,CH
CH00909,8060.8,14840.1,780.0,6.36,CH
CH00910,8060.2,14843.1,780.0,5.17,CH
CH00911,8059.7,14846.0,780.0,5.28,CH
CH00912,8059.2,14849.0,780.0,5.49,CH
CH00913,8058.9,14852.0,780.0,5.32,CH
CH00914,8058.8,14855.0,780.0,6.0,CH
CH00915,8059.3,14858.1,780.0,6.1,CH
CH00916,8058.6,14861.1,780.0,5.97,CH
CH00917,8059.0,14864.2,780.0,7.06,CH
CH00918,8058.6,14867.2,780.0,6.84,CH
CH00919,8058.9,14870.3,780.0,7.46,CH
CH00920,8058.3,14873.2,780.0,7.67,CH
CH00921,8058.2,14876.2,780.0,6.64,CH
CH00922,8058.1,14879.3,780.0,6.75,CH
CH00923,8058.0,14882.3,780.0,6.99,CH
CH00924,8057.8,14885.3,780.0,6.37,CH
CH00925,8057.5,14888.3,780.0,5.58,CH
CH00926,8057.1,14891.3,780.0,5.36,CH
CH00927,8056.8,14894.3,780.0,5.16,CH
CH00928,8056.7,14897.3,780.0,5.02,CH
CH00929,8056.3,14900.3,780.0,4.65,CH
CH00930,8056.1,14903.3,780.0,4.94,CH
CH00931,8055.8,14906.3,780.0,4.65,CH
CH00932,8056.3,14909.4,780.0,4.27,CH
CH00933,8056.1,14912.4,780.0,4.36,CH
CH00934,8055.2,14915.3,780.0,3.33,CH
CH00935,8055.5,14918.4,780.0,3.66,CH
CH00936,8054.3,14921.2,780.0,3.25,CH
CH00937,8054.8,14924.4,780.0,3.26,CH
CH00938,8053.6,14927.2,780.0,4.43,CH
CH00939,8053.4,14930.2,780.0,4.53,CH
CH00940,8053.3,14933.2,780.0,4.54,CH
CH00941,8052.4,14936.1,780.0,3.34,CH
CH00942,8052.2,14939.1,780.0,4.83,CH
CH00943,8052.1,14942.2,780.0,4.43,CH
CH00944,8051.8,14945.2,780.0,3.84,CH
CH00945,8050.8,14948.0,780.0,3.75,CH
CH00946,8050.8,14951.1,780.0,3.86,CH
CH00947,8050.4,14954.0,780.0,4.91,CH
CH00948,8049.8,14957.0,780.0,4.92,CH
CH00949,8049.5,14960.0,780.0,4.45,CH
CH00950,8048.5,14962.9,780.0,5.69,CH
CH00951,8047.6,14965.7,780.0,5.82,CH
CH00952,8047.3,14968.7,780.0,5.28,CH
CH00953,8046.8,14971.7,780.0,5.15,CH
CH00954,8046.5,14974.7,780.0,4.88,CH
CH00955,8046.1,14977.7,780.0,5.71,CH
CH00956,8044.9,14980.5,780.0,6.28,CH
CH00957,8045.0,14983.6,780.0,6.27,CH
CH00958,8044.2,14986.5,780.0,5.8,CH
CH00959,8043.3,14989.4,780.0,6.57,CH
CH00960,8042.9,14992.3,780.0,6.13,CH
CH00961,8041.6,14995.1,780.0,6.83,CH
CH00962,8040.9,14998.1,780.0,6.31,CH
CH00963,8040.2,15001.0,780.0,6.8,CH
CH00964,8040.0,15004.0,780.0,6.65,CH
CH00965,8038.4,15006.8,780.0,5.9,CH
CH00966,8038.4,15009.8,780.0,6.07,CH
CH00967,8037.0,15012.6,780.0,5.86,CH
CH00968,8036.0,15015.5,780.0,5.73,CH
CH00969,8035.4,15018.4,780.0,5.19,CH
CH00970,8033.9,15021.2,780.0,5.99,CH
CH00971,8033.7,15024.2,780.0,5.97,CH
CH00972,8032.2,15027.0,780.0,4.44,CH
CH00973,8031.5,15029.9,780.0,5.01,CH
CH00974,8031.0,15032.9,780.0,3.99,CH
CH00975,8029.8,15035.7,780.0,3.81,CH
CH00976,8029.6,15038.7,780.0,5.11,CH
CH00977,8029.0,15041.7,780.0,4.93,CH
CH00978,8027.8,15044.5,780.0,4.79,CH
CH00979,8027.8,15047.6,780.0,4.05,CH
CH00980,8027.4,15050.5,780.0,3.71,CH
CH00981,8026.4,15053.4,780.0,4.03,CH
CH00982,8026.4,15056.4,780.0,4.56,CH
CH00983,8025.5,15059.3,780.0,4.05,CH
CH00984,8025.0,15062.3,780.0,5.41,CH
CH00985,8024.4,15065.2,780.0,5.16,CH
CH00986,8024.9,15068.4,780.0,4.68,CH
CH00987,8024.6,15071.3,780.0,5.54,CH
CH00988,8023.5,15074.2,780.0,5.0,CH
CH00989,8023.0,15077.2,780.0,5.98,CH
CH00990,8023.2,15080.2,780.0,4.83,CH
CH00991,8022.7,15083.2,780.0,4.85,CH
CH00992,8022.6,15086.2,780.0,5.27,CH
CH00993,8021.5,15089.1,780.0,4.79,CH
CH00994,8021.2,15092.1,780.0,5.07,CH
CH00995,8020.6,15095.0,780.0,5.68,CH
CH00996,8020.2,15098.0,780.0,5.64,CH
CH00997,8019.3,15100.9,780.0,5.26,CH
CH00998,8018.8,15103.8,780.0,4.94,CH
CH00999,8018.9,15106.9,780.0,4.62,CH
CH01000,8017.7,15109.7,780.0,5.1,CH
CH01001,8017.2,15112.7,780.0,4.55,CH
CH01002,8016.6,15115.6,780.0,4.97,CH
CH01003,8015.8,15118.5,780.0,4.03,CH
CH01004,8015.9,15121.6,780.0,3.44,CH
CH01005,8014.8,15124.5,780.0,4.45,CH
CH01006,8014.9,15127.5,780.0,4.16,CH
CH01007,8013.7,15130.4,780.0,3.18,CH
CH01008,8013.5,15133.4,780.0,3.4,CH
CH01009,8012.7,15136.3,780.0,4.35,CH
CH01010,8012.7,15139.3,780.0,4.15,CH
CH01011,8012.5,15142.3,780.0,3.83,CH
CH01012,8012.1,15145.3,780.0,3.26,CH
CH01013,8011.5,15148.3,780.0,3.49,CH
CH01014,8011.5,15151.3,780.0,3.2,CH
CH01015,8011.7,15154.4,780.0,3.23,CH
CH01016,8010.8,15157.3,780.0,3.95,CH
CH01017,8010.9,15160.3,780.0,3.04,CH
CH01018,8011.2,15163.4,780.0,3.37,CH
CH01019,8011.0,15166.4,780.0,3.71,CH
CH01020,8010.9,15169.5,780.0,3.15,CH
CH01021,8010.8,15172.5,780.0,3.84,CH
CH01022,8010.1,15175.4,780.0,3.65,CH
CH01023,8009.8,15178.4,780.0,4.66,CH
CH01024,8010.3,15181.5,780.0,5.15,CH
CH01025,8009.6,15184.5,780.0,5.37,CH
CH01026,8009.7,15187.5,780.0,5.2,CH
CH01027,8009.3,15190.5,780.0,6.01,CH
CH01028,8009.7,15193.6,780.0,5.55,CH
CH01029,8008.8,15196.5,780.0,6.53,CH
CH01030,8008.9,15199.6,780.0,7.68,CH
CH01031,8007.9,15202.5,780.0,7.67,CH
CH01032,8007.5,15205.4,780.0,7.99,CH
CH01033,8007.6,15208.5,780.0,8.34,CH
CH01034,8007.0,15211.4,780.0,8.56,CH
CH01035,8005.9,15214.3,780.0,8.29,CH
CH01036,8005.2,15217.2,780.0,7.13,CH
CH01037,8004.1,15220.1,780.0,6.4,CH
CH01038,8003.7,15223.0,780.0,6.55,CH
CH01039,8002.7,15225.9,780.0,6.56,CH
CH01040,8001.4,15228.7,780.0,5.35,CH
CH01041,8000.9,15231.7,780.0,5.89,CH
CH01042,8000.1,15234.6,780.0,6.23,CH
CH01043,7999.2,15237.5,780.0,4.79,CH
CH01044,7998.2,15240.3,780.0,4.65,CH
CH01045,7997.5,15243.3,780.0,4.43,CH
CH01046,8018.4,14762.6,780.0,3.36,CH
CH01047,8018.7,14765.7,780.0,4.45,CH
CH01048,8017.7,14768.6,780.0,4.33,CH
CH01049,8017.8,14771.6,780.0,4.36,CH
CH01050,8017.9,14774.7,780.0,4.37,CH
CH01051,8016.8,14777.5,780.0,4.48,CH
CH01052,8016.6,14780.5,780.0,5.0,CH
CH01053,8016.6,14783.6,780.0,4.96,CH
CH01054,8016.2,14786.6,780.0,4.34,CH
CH01055,8016.6,14789.7,780.0,3.98,CH
CH01056,8016.2,14792.7,780.0,3.72,CH
CH01057,8015.7,14795.6,780.0,4.42,CH
CH01058,8015.2,14798.6,780.0,4.38,CH
CH01059,8015.4,14801.7,780.0,4.24,CH
CH01060,8015.1,14804.6,780.0,4.25,CH
CH01061,8014.8,14807.7,780.0,4.13,CH
CH01062,8014.7,14810.7,780.0,3.47,CH
CH01063,8014.6,14813.7,780.0,3.05,CH
CH01064,8014.6,14816.7,780.0,4.23,CH
CH01065,8014.2,14819.7,780.0,3.24,CH
CH01066,8014.9,14822.9,780.0,3.28,CH
CH01067,8014.0,14825.8,780.0,4.28,CH
CH01068,8013.8,14828.8,780.0,3.94,CH
CH01069,8014.2,14831.9,780.0,3.6,CH
CH01070,8013.2,14834.8,780.0,4.18,CH
CH01071,8013.6,14837.9,780.0,4.15,CH
CH01072,8012.8,14840.8,780.0,3.94,CH
CH01073,8012.2,14843.8,780.0,3.87,CH
CH01074,8012.3,14846.8,780.0,3.97,CH
CH01075,8011.6,14849.7,780.0,4.3,CH
CH01076,8010.9,14852.7,780.0,2.9,CH
CH01077,8010.4,14855.6,780.0,4.27,CH
CH01078,8009.9,14858.6,780.0,3.23,CH
CH01079,8009.8,14861.6,780.0,3.59,CH
CH01080,8009.1,14864.5,780.0,3.81,CH
CH01081,8008.1,14867.4,780.0,3.79,CH
CH01082,8007.4,14870.3,780.0,3.46,CH
CH01083,8006.7,14873.2,780.0,4.62,CH
CH01084,8006.1,14876.2,780.0,4.53,CH
CH01085,8005.2,14879.1,780.0,4.33,CH
CH01086,8004.7,14882.0,780.0,3.93,CH
CH01087,8003.4,14884.8,780.0,3.64,CH
CH01088,8002.7,14887.8,780.0,4.89,CH
CH01089,8002.3,14890.7,780.0,4.99,CH
CH01090,8001.0,14893.6,780.0,4.54,CH
CH01091,8000.6,14896.5,780.0,4.49,CH
CH01092,8000.2,14899.5,780.0,5.1,CH
CH01093,7999.0,14902.4,780.0,4.6,CH
CH01094,7998.3,14905.3,780.0,5.23,CH
CH01095,7997.6,14908.2,780.0,5.29,CH
CH01096,7997.4,14911.2,780.0,4.41,CH
CH01097,7996.9,14914.2,780.0,4.26,CH
CH01098,7996.5,14917.1,780.0,4.7,CH
CH01099,7995.4,14920.0,780.0,4.66,CH
CH01100,7995.4,14923.0,780.0,4.51,CH
CH01101,7995.0,14926.0,780.0,4.06,CH
CH01102,7994.7,14929.0,780.0,4.8,CH
CH01103,7994.2,14932.0,780.0,3.76,CH
CH01104,7994.2,14935.0,780.0,4.22,CH
CH01105,7993.6,14937.9,780.0,4.42,CH
CH01106,7993.6,14941.0,780.0,4.04,CH
CH01107,7993.5,14944.0,780.0,3.72,CH
CH01108,7993.3,14947.0,780.0,3.53,CH
CH01109,7993.6,14950.1,780.0,3.68,CH
CH01110,7992.6,14953.0,780.0,3.43,CH
CH01111,7992.4,14956.0,780.0,3.55,CH
CH01112,7992.8,14959.1,780.0,4.26,CH
CH01113,7992.8,14962.2,780.0,3.67,CH
CH01114,7992.2,14965.1,780.0,4.64,CH
CH01115,7991.6,14968.1,780.0,3.78,CH
CH01116,7991.2,14971.0,780.0,4.91,CH
CH01117,7991.4,14974.1,780.0,4.79,CH
CH01118,7990.1,14976.9,780.0,5.07,CH
CH01119,7989.6,14979.9,780.0,5.16,CH
CH01120,7989.2,14982.9,780.0,4.83,CH
CH01121,7988.3,14985.7,780.0,3.85,CH
CH01122,7988.3,14988.8,780.0,3.67,CH
CH01123,7986.7,14991.6,780.0,4.76,CH
CH01124,7986.0,14994.5,780.0,4.21,CH
CH01125,7985.5,14997.4,780.0,4.48,CH
CH01126,7985.2,15000.4,780.0,4.18,CH
CH01127,7984.2,15003.3,780.0,4.9,CH
CH01128,7982.6,15006.1,780.0,3.94,CH
CH01129,7982.0,15009.0,780.0,4.53,CH
CH01130,7981.1,15011.9,780.0,4.74,CH
CH01131,7980.4,15014.8,780.0,4.8,CH
CH01132,7980.3,15017.9,780.0,5.31,CH
CH01133,7979.0,15020.7,780.0,4.41,CH
CH01134,7978.5,15023.6,780.0,5.49,CH
CH01135,7977.5,15026.5,780.0,5.4,CH
CH01136,7977.1,15029.5,780.0,5.8,CH
CH01137,7976.6,15032.4,780.0,5.51,CH
CH01138,7975.8,15035.3,780.0,4.65,CH
CH01139,7974.6,15038.2,780.0,4.67,CH
CH01140,7974.9,15041.3,780.0,4.83,CH
CH01141,7973.4,15044.1,780.0,4.72,CH
CH01142,7973.2,15047.1,780.0,5.23,CH
CH01143,7973.0,15050.1,780.0,5.07,CH
CH01144,7972.3,15053.0,780.0,4.63,CH
CH01145,7972.0,15056.0,780.0,4.66,CH
CH01146,7970.8,15058.8,780.0,5.12,CH
CH01147,7970.1,15061.7,780.0,4.72,CH
CH01148,7970.2,15064.8,780.0,5.5,CH
CH01149,7969.2,15067.7,780.0,5.61,CH
CH01150,7969.4,15070.8,780.0,4.82,CH
CH01151,7969.1,15073.7,780.0,6.28,CH
CH01152,7968.2,15076.6,780.0,6.07,CH
CH01153,7967.8,15079.6,780.0,5.23,CH
CH01154,7967.4,15082.6,780.0,5.63,CH
CH01155,7966.8,15085.5,780.0,6.0,CH
CH01156,7966.2,15088.5,780.0,6.23,CH
CH01157,7966.2,15091.5,780.0,6.46,CH
CH01158,7965.9,15094.5,780.0,5.73,CH
CH01159,7964.8,15097.4,780.0,6.57,CH
CH01160,7964.2,15100.3,780.0,5.99,CH
CH01161,7963.9,15103.3,780.0,5.46,CH
CH01162,7964.2,15106.4,780.0,5.51,CH
CH01163,7963.2,15109.3,780.0,5.99,CH
CH01164,7962.6,15112.2,780.0,5.75,CH
CH01165,7962.5,15115.2,780.0,4.53,CH
CH01166,7962.6,15118.3,780.0,5.6,CH
CH01167,7961.9,15121.2,780.0,4.32,CH
CH01168,7961.3,15124.2,780.0,5.18,CH
CH01169,7960.9,15127.1,780.0,4.4,CH
CH01170,7961.0,15130.2,780.0,4.04,CH
CH01171,7960.9,15133.2,780.0,4.01,CH
CH01172,7960.6,15136.2,780.0,4.78,CH
CH01173,7960.3,15139.2,780.0,4.15,CH
CH01174,7960.4,15142.3,780.0,4.62,CH
CH01175,7960.2,15145.3,780.0,4.62,CH
CH01176,7959.8,15148.3,780.0,4.67,CH
CH01177,7959.8,15151.3,780.0,4.32,CH
CH01178,7959.2,15154.3,780.0,4.94,CH
CH01179,7959.3,15157.3,780.0,4.74,CH
CH01180,7958.3,15160.2,780.0,4.47,CH
CH01181,7958.3,15163.2,780.0,5.21,CH
CH01182,7958.1,15166.3,780.0,5.14,CH
CH01183,7957.0,15169.1,780.0,4.11,CH
CH01184,7956.8,15172.1,780.0,4.73,CH
CH01185,7955.8,15175.0,780.0,5.09,CH
CH01186,7955.1,15177.9,780.0,4.76,CH
CH01187,7954.3,15180.8,780.0,4.08,CH
CH01188,7954.0,15183.8,780.0,4.82,CH
CH01189,7953.2,15186.7,780.0,4.32,CH
CH01190,7952.2,15189.6,780.0,3.38,CH
CH01191,7951.3,15192.5,780.0,3.5,CH
CH01192,7950.9,15195.4,780.0,3.55,CH
CH01193,7949.8,15198.3,780.0,4.72,CH
CH01194,7948.6,15201.1,780.0,3.63,CH
CH01195,7948.2,15204.1,780.0,4.38,CH
CH01196,7947.1,15207.0,780.0,3.64,CH
CH01197,7946.0,15209.8,780.0,3.91,CH
CH01198,7945.3,15212.7,780.0,4.1,CH
CH01199,7943.8,15215.5,780.0,4.02,CH
CH01200,7943.1,15218.4,780.0,4.46,CH
CH01201,7942.3,15221.3,780.0,3.55,CH
CH01202,7941.3,15224.2,780.0,3.53,CH
CH01203,7940.4,15227.1,780.0,3.41,CH
CH01204,7939.6,15230.0,780.0,2.78,CH
CH01205,8079.5,14770.3,760.0,5.29,CH
CH01206,8078.7,14773.2,760.0,5.79,CH
CH01207,8078.8,14776.3,760.0,6.2,CH
CH01208,8078.1,14779.2,760.0,5.34,CH
CH01209,8078.2,14782.3,760.0,6.18,CH
CH01210,8077.1,14785.1,760.0,5.28,CH
CH01211,8076.8,14788.1,760.0,6.2,CH
CH01212,8076.4,14791.1,760.0,5.35,CH
CH01213,8075.4,14794.0,760.0,6.32,CH
CH01214,8075.3,14797.0,760.0,6.53,CH
CH01215,8074.6,14799.9,760.0,6.05,CH
CH01216,8074.0,14802.9,760.0,6.22,CH
CH01217,8073.9,14805.9,760.0,6.22,CH
CH01218,8073.2,14808.8,760.0,6.83,CH
CH01219,8072.6,14811.7,760.0,6.62,CH
CH01220,8071.3,14814.6,760.0,6.49,CH
CH01221,8070.8,14817.5,760.0,6.88,CH
CH01222,8070.1,14820.5,760.0,6.3,CH
CH01223,8069.3,14823.3,760.0,6.01,CH
CH01224,8068.5,14826.3,760.0,6.6,CH
CH01225,8068.1,14829.2,760.0,5.56,CH
CH01226,8067.5,14832.2,760.0,6.08,CH
CH01227,8066.4,14835.0,760.0,6.28,CH
CH01228,8066.1,14838.0,760.0,6.34,CH
CH01229,8065.0,14840.9,760.0,6.68,CH
CH01230,8065.2,14844.0,760.0,5.54,CH
CH01231,8064.4,14846.9,760.0,6.18,CH
CH01232,8064.4,14849.9,760.0,6.04,CH
CH01233,8063.8,14852.8,760.0,6.4,CH
CH01234,8063.9,14855.9,760.0,7.24,CH
CH01235,8063.8,14858.9,760.0,7.21,CH
CH01236,8063.9,14862.0,760.0,6.49,CH
CH01237,8063.7,14865.0,760.0,8.23,CH
CH01238,8063.8,14868.1,760.0,7.42,CH
CH01239,8064.2,14871.2,760.0,8.06,CH
CH01240,8064.5,14874.3,760.0,8.89,CH
CH01241,8063.9,14877.2,760.0,7.47,CH
CH01242,8064.1,14880.3,760.0,8.44,CH
CH01243,8064.1,14883.4,760.0,7.73,CH
CH01244,8063.4,14886.3,760.0,7.45,CH
CH01245,8063.2,14889.3,760.0,6.37,CH
CH01246,8063.0,14892.3,760.0,6.31,CH
CH01247,8063.2,14895.4,760.0,5.52,CH
CH01248,8063.3,14898.5,760.0,4.74,CH
CH01249,8062.7,14901.4,760.0,4.81,CH
CH01250,8062.2,14904.4,760.0,4.74,CH
CH01251,8061.7,14907.3,760.0,4.54,CH
CH01252,8062.1,14910.4,760.0,4.16,CH
CH01253,8061.9,14913.4,760.0,4.91,CH
CH01254,8061.1,14916.3,760.0,4.25,CH
CH01255,8060.9,14919.4,760.0,4.91,CH
CH01256,8060.5,14922.3,760.0,3.85,CH
CH01257,8060.3,14925.3,760.0,4.82,CH
CH01258,8060.1,14928.3,760.0,4.8,CH
CH01259,8059.4,14931.3,760.0,4.86,CH
CH01260,8058.8,14934.2,760.0,4.8,CH
CH01261,8058.1,14937.1,760.0,4.94,CH
CH01262,8057.4,14940.1,760.0,4.38,CH
CH01263,8057.2,14943.1,760.0,5.64,CH
CH01264,8057.1,14946.1,760.0,4.43,CH
CH01265,8056.5,14949.0,760.0,5.7,CH
CH01266,8056.0,14952.0,760.0,5.65,CH
CH01267,8055.6,14955.0,760.0,5.48,CH
CH01268,8054.9,14957.9,760.0,5.19,CH
CH01269,8054.0,14960.8,760.0,5.51,CH
CH01270,8053.4,14963.7,760.0,6.28,CH
CH01271,8053.0,14966.7,760.0,5.12,CH
CH01272,8052.4,14969.6,760.0,6.11,CH
CH01273,8051.5,14972.5,760.0,6.06,CH
CH01274,8051.2,14975.5,760.0,6.21,CH
CH01275,8050.5,14978.4,760.0,5.14,CH
CH01276,8049.6,14981.3,760.0,5.51,CH
CH01277,8049.0,14984.3,760.0,6.55,CH
CH01278,8048.6,14987.2,760.0,6.26,CH
CH01279,8048.3,14990.2,760.0,5.77,CH
CH01280,8047.3,14993.1,760.0,6.67,CH
CH01281,8046.5,14996.0,760.0,6.01,CH
CH01282,8046.3,14999.0,760.0,5.93,CH
CH01283,8045.2,15001.9,760.0,6.59,CH
CH01284,8044.8,15004.8,760.0,6.96,CH
CH01285,8043.7,15007.7,760.0,6.9,CH
CH01286,8042.9,15010.6,760.0,6.26,CH
CH01287,8042.0,15013.5,760.0,5.77,CH
CH01288,8040.8,15016.3,760.0,5.62,CH
CH01289,8039.8,15019.2,760.0,5.85,CH
CH01290,8038.8,15022.1,760.0,4.77,CH
CH01291,8038.3,15025.0,760.0,4.77,CH
CH01292,8037.3,15027.9,760.0,4.53,CH
CH01293,8036.3,15030.8,760.0,4.43,CH
CH01294,8035.4,15033.7,760.0,5.49,CH
CH01295,8034.1,15036.5,760.0,4.18,CH
CH01296,8033.0,15039.3,760.0,4.68,CH
CH01297,8032.8,15042.3,760.0,5.34,CH
CH01298,8031.5,15045.2,760.0,4.12,CH
CH01299,8031.4,15048.2,760.0,5.39,CH
CH01300,8030.4,15051.1,760.0,5.0,CH
CH01301,8029.7,15054.0,760.0,4.72,CH
CH01302,8030.1,15057.1,760.0,4.55,CH
CH01303,8029.0,15059.9,760.0,5.81,CH
CH01304,8029.0,15063.0,760.0,5.59,CH
CH01305,8028.6,15066.0,760.0,6.08,CH
CH01306,8028.5,15069.0,760.0,6.09,CH
CH01307,8027.8,15071.9,760.0,5.55,CH
CH01308,8027.8,15075.0,760.0,6.71,CH
CH01309,8026.8,15077.8,760.0,6.29,CH
CH01310,8027.1,15080.9,760.0,6.55,CH
CH01311,8026.0,15083.8,760.0,6.64,CH
CH01312,8026.0,15086.8,760.0,6.36,CH
CH01313,8025.6,15089.8,760.0,6.92,CH
CH01314,8025.2,15092.8,760.0,6.01,CH
CH01315,8024.2,15095.7,760.0,7.18,CH
CH01316,8024.3,15098.7,760.0,6.2,CH
CH01317,8024.0,15101.7,760.0,5.42,CH
CH01318,8022.9,15104.6,760.0,6.6,CH
CH01319,8022.2,15107.5,760.0,6.23,CH
CH01320,8021.5,15110.4,760.0,5.17,CH
CH01321,8020.6,15113.3,760.0,4.77,CH
CH01322,8020.3,15116.3,760.0,5.25,CH
CH01323,8019.7,15119.2,760.0,4.5,CH
CH01324,8019.1,15122.2,760.0,4.7,CH
CH01325,8018.1,15125.0,760.0,3.74,CH
CH01326,8018.2,15128.1,760.0,3.98,CH
CH01327,8017.2,15131.0,760.0,3.28,CH
CH01328,8016.9,15134.0,760.0,4.04,CH
CH01329,8016.7,15137.0,760.0,3.4,CH
CH01330,8016.1,15139.9,760.0,3.93,CH
CH01331,8015.9,15142.9,760.0,3.02,CH
CH01332,8015.5,15145.9,760.0,4.17,CH
CH01333,8015.5,15149.0,760.0,3.21,CH
CH01334,8015.4,15152.0,760.0,3.48,CH
CH01335,8014.7,15154.9,760.0,4.19,CH
CH01336,8015.0,15158.0,760.0,3.73,CH
CH01337,8014.2,15160.9,760.0,3.65,CH
CH01338,8014.6,15164.0,760.0,3.12,CH
CH01339,8014.1,15167.0,760.0,4.09,CH
CH01340,8013.8,15170.0,760.0,4.18,CH
CH01341,8013.9,15173.0,760.0,4.25,CH
CH01342,8014.0,15176.1,760.0,4.08,CH
CH01343,8014.1,15179.2,760.0,4.19,CH
CH01344,8013.8,15182.2,760.0,5.24,CH
CH01345,8013.3,15185.1,760.0,5.58,CH
CH01346,8013.7,15188.2,760.0,5.15,CH
CH01347,8013.4,15191.2,760.0,6.56,CH
CH01348,8013.3,15194.3,760.0,6.02,CH
CH01349,8012.5,15197.2,760.0,7.38,CH
CH01350,8012.5,15200.2,760.0,6.74,CH
CH01351,8012.2,15203.2,760.0,7.22,CH
CH01352,8011.6,15206.1,760.0,6.99,CH
CH01353,8010.5,15209.0,760.0,6.77,CH
CH01354,8009.8,15211.9,760.0,7.21,CH
CH01355,8009.4,15214.9,760.0,6.4,CH
CH01356,8008.3,15217.7,760.0,6.91,CH
CH01357,8007.8,15220.7,760.0,6.09,CH
CH01358,8006.1,15223.5,760.0,5.57,CH
CH01359,8005.4,15226.4,760.0,5.79,CH
CH01360,8004.2,15229.2,760.0,5.96,CH
CH01361,8003.7,15232.2,760.0,5.26,CH
CH01362,8002.8,15235.1,760.0,5.63,CH
CH01363,8002.1,15238.0,760.0,5.59,CH
CH01364,8001.4,15240.9,760.0,4.88,CH
CH01365,8000.7,15243.8,760.0,5.04,CH
CH01366,8023.8,14760.5,760.0,3.98,CH
CH01367,8023.0,14763.4,760.0,4.34,CH
CH01368,8022.8,14766.4,760.0,4.13,CH
CH01369,8022.9,14769.5,760.0,4.51,CH
CH01370,8022.1,14772.4,760.0,4.32,CH
CH01371,8022.2,14775.5,760.0,5.1,CH
CH01372,8021.8,14778.4,760.0,3.78,CH
CH01373,8022.4,14781.6,760.0,4.8,CH
CH01374,8022.2,14784.6,760.0,4.77,CH
CH01375,8021.5,14787.5,760.0,4.84,CH
CH01376,8021.8,14790.6,760.0,5.03,CH
CH01377,8021.3,14793.6,760.0,5.25,CH
CH01378,8021.8,14796.7,760.0,4.32,CH
CH01379,8021.2,14799.6,760.0,5.06,CH
CH01380,8021.4,14802.7,760.0,4.81,CH
CH01381,8020.9,14805.7,760.0,4.47,CH
CH01382,8021.2,14808.8,760.0,3.54,CH
CH01383,8021.4,14811.9,760.0,3.96,CH
CH01384,8021.0,14814.8,760.0,4.24,CH
CH01385,8021.0,14817.9,760.0,4.34,CH
CH01386,8020.3,14820.8,760.0,3.25,CH
CH01387,8020.4,14823.9,760.0,3.63,CH
CH01388,8019.7,14826.8,760.0,4.25,CH
CH01389,8019.5,14829.8,760.0,3.58,CH
CH01390,8020.1,14832.9,760.0,3.83,CH
CH01391,8019.2,14835.8,760.0,3.57,CH
CH01392,8019.2,14838.9,760.0,3.19,CH
CH01393,8018.5,14841.8,760.0,3.54,CH
CH01394,8018.0,14844.8,760.0,3.17,CH
CH01395,8018.2,14847.9,760.0,3.08,CH
CH01396,8017.7,14850.8,760.0,3.64,CH
CH01397,8016.7,14853.7,760.0,3.7,CH
CH01398,8016.1,14856.6,760.0,3.1,CH
CH01399,8015.4,14859.5,760.0,3.24,CH
CH01400,8014.4,14862.4,760.0,3.87,CH
CH01401,8014.5,14865.5,760.0,3.79,CH
CH01402,8013.7,14868.4,760.0,4.13,CH
CH01403,8012.2,14871.2,760.0,4.65,CH
CH01404,8011.6,14874.1,760.0,4.62,CH
CH01405,8010.6,14877.0,760.0,3.97,CH
CH01406,8009.5,14879.8,760.0,3.41,CH
CH01407,8008.6,14882.7,760.0,4.59,CH
CH01408,8007.8,14885.6,760.0,4.97,CH
CH01409,8006.9,14888.5,760.0,4.37,CH
CH01410,8006.6,14891.5,760.0,4.22,CH
CH01411,8005.9,14894.4,760.0,4.5,CH
CH01412,8004.6,14897.2,760.0,4.4,CH
CH01413,8004.2,14900.2,760.0,5.46,CH
CH01414,8002.7,14903.0,760.0,4.24,CH
CH01415,8002.3,14906.0,760.0,5.22,CH
CH01416,8001.9,14908.9,760.0,4.74,CH
CH01417,8001.2,14911.9,760.0,5.4,CH
CH01418,8000.2,14914.7,760.0,4.19,CH
CH01419,7999.4,14917.7,760.0,4.17,CH
CH01420,7999.0,14920.6,760.0,4.42,CH
CH01421,7997.8,14923.5,760.0,4.93,CH
CH01422,7997.3,14926.4,760.0,3.94,CH
CH01423,7997.5,14929.5,760.0,3.89,CH
CH01424,7997.0,14932.4,760.0,4.2,CH
CH01425,7996.7,14935.4,760.0,3.78,CH
CH01426,7996.4,14938.4,760.0,3.8,CH
CH01427,7996.1,14941.4,760.0,4.42,CH
CH01428,7995.6,14944.4,760.0,4.42,CH
CH01429,7995.5,14947.4,760.0,3.98,CH
CH01430,7995.4,14950.5,760.0,4.03,CH
CH01431,7995.4,14953.5,760.0,4.37,CH
CH01432,7994.7,14956.4,760.0,4.53,CH
CH01433,7994.3,14959.4,760.0,4.28,CH
CH01434,7994.2,14962.4,760.0,4.03,CH
CH01435,7994.6,14965.5,760.0,4.08,CH
CH01436,7993.9,14968.5,760.0,4.69,CH
CH01437,7994.0,14971.5,760.0,3.61,CH
CH01438,7993.1,14974.4,760.0,3.66,CH
CH01439,7992.7,14977.4,760.0,4.35,CH
CH01440,7992.8,14980.4,760.0,3.82,CH
CH01441,7992.1,14983.4,760.0,4.72,CH
CH01442,7991.2,14986.3,760.0,4.23,CH
CH01443,7990.9,14989.3,760.0,4.71,CH
CH01444,7989.8,14992.1,760.0,3.36,CH
CH01445,7989.9,14995.2,760.0,4.27,CH
CH01446,7989.2,14998.1,760.0,4.73,CH
CH01447,7987.7,15000.9,760.0,3.42,CH
CH01448,7987.1,15003.8,760.0,4.54,CH
CH01449,7986.4,15006.7,760.0,4.57,CH
CH01450,7985.7,15009.7,760.0,3.78,CH
CH01451,7985.3,15012.6,760.0,4.85,CH
CH01452,7984.1,15015.5,760.0,5.19,CH
CH01453,7983.3,15018.4,760.0,4.66,CH
CH01454,7982.5,15021.3,760.0,5.05,CH
CH01455,7982.4,15024.3,760.0,4.69,CH
CH01456,7981.4,15027.2,760.0,5.52,CH
CH01457,7980.8,15030.1,760.0,5.05,CH
CH01458,7980.5,15033.1,760.0,5.18,CH
CH01459,7979.4,15036.0,760.0,5.94,CH
CH01460,7978.5,15038.9,760.0,5.53,CH
CH01461,7978.4,15041.9,760.0,4.64,CH
CH01462,7977.8,15044.8,760.0,4.78,CH
CH01463,7977.2,15047.8,760.0,5.4,CH
CH01464,7976.1,15050.6,760.0,5.04,CH
CH01465,7975.4,15053.5,760.0,5.43,CH
CH01466,7975.1,15056.5,760.0,5.8,CH
CH01467,7975.0,15059.6,760.0,5.1,CH
CH01468,7973.6,15062.4,760.0,6.01,CH
CH01469,7973.1,15065.3,760.0,5.19,CH
CH01470,7973.0,15068.4,760.0,6.02,CH
CH01471,7972.6,15071.3,760.0,5.69,CH
CH01472,7972.1,15074.3,760.0,6.41,CH
CH01473,7971.4,15077.2,760.0,5.6,CH
CH01474,7971.7,15080.3,760.0,6.04,CH
CH01475,7971.1,15083.2,760.0,7.17,CH
CH01476,7970.5,15086.2,760.0,6.02,CH
CH01477,7970.4,15089.2,760.0,6.69,CH
CH01478,7970.1,15092.2,760.0,7.12,CH
CH01479,7969.9,15095.2,760.0,7.39,CH
CH01480,7968.8,15098.1,760.0,7.1,CH
CH01481,7968.4,15101.0,760.0,6.53,CH
CH01482,7968.1,15104.0,760.0,6.76,CH
CH01483,7968.4,15107.1,760.0,7.07,CH
CH01484,7968.2,15110.1,760.0,6.54,CH
CH01485,7967.7,15113.1,760.0,6.23,CH
CH01486,7966.7,15116.0,760.0,6.54,CH
CH01487,7966.8,15119.1,760.0,6.23,CH
CH01488,7967.0,15122.1,760.0,5.83,CH
CH01489,7966.4,15125.1,760.0,6.39,CH
CH01490,7966.3,15128.1,760.0,6.07,CH
CH01491,7966.0,15131.1,760.0,5.14,CH
CH01492,7966.1,15134.1,760.0,5.86,CH
CH01493,7966.1,15137.2,760.0,5.24,CH
CH01494,7965.0,15140.1,760.0,5.29,CH
CH01495,7965.5,15143.2,760.0,5.02,CH
CH01496,7965.6,15146.2,760.0,5.01,CH
CH01497,7964.5,15149.1,760.0,4.52,CH
CH01498,7964.3,15152.1,760.0,4.71,CH
CH01499,7964.5,15155.2,760.0,5.21,CH
CH01500,7964.6,15158.3,760.0,5.86,CH
CH01501,7963.8,15161.2,760.0,4.56,CH
CH01502,7963.8,15164.2,760.0,5.16,CH
CH01503,7962.8,15167.1,760.0,5.62,CH
CH01504,7963.0,15170.2,760.0,4.84,CH
CH01505,7962.0,15173.0,760.0,5.24,CH
CH01506,7961.4,15176.0,760.0,4.62,CH
CH01507,7961.0,15179.0,760.0,4.58,CH
CH01508,7959.9,15181.8,760.0,3.9,CH
CH01509,7958.7,15184.6,760.0,3.8,CH
CH01510,7958.2,15187.6,760.0,3.67,CH
CH01511,7957.6,15190.5,760.0,4.35,CH
CH01512,7955.9,15193.3,760.0,4.07,CH
CH01513,7955.0,15196.2,760.0,4.43,CH
CH01514,7954.1,15199.1,760.0,3.86,CH
CH01515,7953.5,15202.0,760.0,4.34,CH
CH01516,7952.0,15204.8,760.0,3.7,CH
CH01517,7951.6,15207.7,760.0,3.62,CH
CH01518,7950.2,15210.5,760.0,4.49,CH
CH01519,7949.3,15213.4,760.0,4.18,CH
CH01520,7948.6,15216.4,760.0,3.94,CH
CH01521,7947.7,15219.2,760.0,3.75,CH
CH01522,7946.3,15222.0,760.0,4.09,CH
CH01523,7945.0,15224.9,760.0,4.4,CH
CH01524,7944.9,15227.9,760.0,4.17,CH
CH01525,7943.3,15230.7,760.0,2.89,CH
CH01526,7942.9,15233.6,760.0,3.67,CH
CH01527,8084.8,14771.2,740.0,5.62,CH
CH01528,8084.4,14774.2,740.0,5.94,CH
CH01529,8084.3,14777.2,740.0,5.42,CH
CH01530,8083.8,14780.2,740.0,5.42,CH
CH01531,8083.8,14783.3,740.0,5.97,CH
CH01532,8082.9,14786.2,740.0,5.69,CH
CH01533,8082.8,14789.2,740.0,5.61,CH
CH01534,8082.1,14792.1,740.0,5.18,CH
CH01535,8081.4,14795.0,740.0,5.97,CH
CH01536,8080.7,14797.9,740.0,5.79,CH
CH01537,8080.8,14801.0,740.0,5.45,CH
CH01538,8080.0,14803.9,740.0,5.93,CH
CH01539,8078.6,14806.7,740.0,5.35,CH
CH01540,8077.9,14809.6,740.0,5.37,CH
CH01541,8077.8,14812.7,740.0,6.15,CH
CH01542,8077.1,14815.6,740.0,6.25,CH
CH01543,8076.0,14818.4,740.0,5.04,CH
CH01544,8075.2,14821.4,740.0,5.07,CH
CH01545,8074.1,14824.2,740.0,5.57,CH
CH01546,8073.2,14827.1,740.0,4.9,CH
CH01547,8073.3,14830.1,740.0,4.9,CH
CH01548,8072.4,14833.0,740.0,5.18,CH
CH01549,8071.9,14836.0,740.0,6.18,CH
CH01550,8071.3,14838.9,740.0,4.87,CH
CH01551,8070.2,14841.8,740.0,5.88,CH
CH01552,8070.0,14844.8,740.0,5.92,CH
CH01553,8069.0,14847.7,740.0,5.39,CH
CH01554,8068.9,14850.7,740.0,5.47,CH
CH01555,8068.7,14853.7,740.0,5.99,CH
CH01556,8068.4,14856.7,740.0,5.27,CH
CH01557,8068.3,14859.7,740.0,6.03,CH
CH01558,8068.2,14862.8,740.0,6.32,CH
CH01559,8068.3,14865.8,740.0,6.21,CH
CH01560,8068.9,14869.0,740.0,6.39,CH
CH01561,8068.3,14871.9,740.0,6.92,CH
CH01562,8069.1,14875.1,740.0,6.74,CH
CH01563,8069.0,14878.1,740.0,6.35,CH
CH01564,8069.3,14881.2,740.0,7.25,CH
CH01565,8068.5,14884.1,740.0,6.42,CH
CH01566,8068.5,14887.2,740.0,6.87,CH
CH01567,8069.0,14890.3,740.0,6.24,CH
CH01568,8068.9,14893.3,740.0,5.56,CH
CH01569,8068.5,14896.3,740.0,6.34,CH
CH01570,8068.6,14899.4,740.0,4.97,CH
CH01571,8067.8,14902.3,740.0,4.54,CH
CH01572,8067.5,14905.3,740.0,4.45,CH
CH01573,8067.5,14908.3,740.0,4.85,CH
CH01574,8067.0,14911.3,740.0,4.9,CH
CH01575,8066.7,14914.3,740.0,4.79,CH
CH01576,8066.4,14917.3,740.0,3.67,CH
CH01577,8065.6,14920.2,740.0,4.09,CH
CH01578,8065.7,14923.2,740.0,4.0,CH
CH01579,8065.0,14926.2,740.0,3.92,CH
CH01580,8064.7,14929.2,740.0,4.34,CH
CH01581,8063.5,14932.0,740.0,5.03,CH
CH01582,8063.0,14934.9,740.0,5.09,CH
CH01583,8063.0,14938.0,740.0,4.7,CH
CH01584,8062.4,14940.9,740.0,5.8,CH
CH01585,8061.8,14943.9,740.0,5.95,CH
CH01586,8060.8,14946.8,740.0,5.14,CH
CH01587,8060.7,14949.8,740.0,6.3,CH
CH01588,8059.5,14952.6,740.0,5.4,CH
CH01589,8059.4,14955.6,740.0,5.84,CH
CH01590,8058.5,14958.5,740.0,6.57,CH
CH01591,8057.7,14961.4,740.0,6.12,CH
CH01592,8057.4,14964.4,740.0,6.42,CH
CH01593,8056.6,14967.3,740.0,5.62,CH
CH01594,8056.1,14970.3,740.0,5.9,CH
CH01595,8054.8,14973.1,740.0,5.55,CH
CH01596,8054.3,14976.1,740.0,5.57,CH
CH01597,8054.4,14979.1,740.0,5.8,CH
CH01598,8052.9,14981.9,740.0,5.28,CH
CH01599,8053.1,14985.0,740.0,5.91,CH
CH01600,8051.9,14987.8,740.0,5.16,CH
CH01601,8051.3,14990.8,740.0,6.23,CH
CH01602,8051.3,14993.8,740.0,6.64,CH
CH01603,8050.6,14996.7,740.0,6.18,CH
CH01604,8050.4,14999.7,740.0,6.2,CH
CH01605,8049.8,15002.7,740.0,5.86,CH
CH01606,8049.0,15005.6,740.0,6.91,CH
CH01607,8048.1,15008.5,740.0,7.11,CH
CH01608,8047.1,15011.4,740.0,6.32,CH
CH01609,8046.1,15014.2,740.0,6.29,CH
CH01610,8045.0,15017.1,740.0,6.72,CH
CH01611,8044.5,15020.0,740.0,6.46,CH
CH01612,8043.5,15022.9,740.0,6.41,CH
CH01613,8041.9,15025.7,740.0,5.46,CH
CH01614,8041.7,15028.7,740.0,5.02,CH
CH01615,8040.2,15031.5,740.0,5.98,CH
CH01616,8039.6,15034.4,740.0,5.83,CH
CH01617,8038.6,15037.3,740.0,5.3,CH
CH01618,8038.1,15040.2,740.0,5.77,CH
CH01619,8037.1,15043.1,740.0,5.07,CH
CH01620,8036.0,15046.0,740.0,4.59,CH
CH01621,8035.6,15048.9,740.0,4.76,CH
CH01622,8034.4,15051.8,740.0,5.19,CH
CH01623,8034.4,15054.8,740.0,5.37,CH
CH01624,8033.8,15057.8,740.0,5.43,CH
CH01625,8032.9,15060.6,740.0,5.63,CH
CH01626,8032.3,15063.6,740.0,5.75,CH
CH01627,8031.8,15066.5,740.0,4.89,CH
CH01628,8031.6,15069.5,740.0,5.53,CH
CH01629,8031.2,15072.5,740.0,6.28,CH
CH01630,8030.8,15075.5,740.0,6.21,CH
CH01631,8030.4,15078.5,740.0,6.94,CH
CH01632,8030.2,15081.5,740.0,6.03,CH
CH01633,8029.9,15084.5,740.0,6.69,CH
CH01634,8030.3,15087.6,740.0,6.67,CH
CH01635,8029.8,15090.5,740.0,7.69,CH
CH01636,8029.3,15093.5,740.0,7.88,CH
CH01637,8028.5,15096.4,740.0,8.6,CH
CH01638,8028.8,15099.5,740.0,8.53,CH
CH01639,8027.7,15102.4,740.0,7.86,CH
CH01640,8027.1,15105.3,740.0,8.31,CH
CH01641,8027.0,15108.3,740.0,7.12,CH
CH01642,8025.8,15111.2,740.0,7.5,CH
CH01643,8025.6,15114.2,740.0,7.24,CH
CH01644,8024.6,15117.0,740.0,7.02,CH
CH01645,8024.5,15120.1,740.0,5.96,CH
CH01646,8023.1,15122.9,740.0,5.37,CH
CH01647,8022.9,15125.9,740.0,5.33,CH
CH01648,8022.3,15128.8,740.0,5.22,CH
CH01649,8021.6,15131.8,740.0,5.02,CH
CH01650,8021.1,15134.7,740.0,5.33,CH
CH01651,8020.8,15137.7,740.0,4.63,CH
CH01652,8019.7,15140.6,740.0,4.61,CH
CH01653,8019.8,15143.6,740.0,4.86,CH
CH01654,8019.3,15146.6,740.0,3.76,CH
CH01655,8018.7,15149.5,740.0,3.45,CH
CH01656,8018.4,15152.5,740.0,3.98,CH
CH01657,8018.1,15155.5,740.0,4.45,CH
CH01658,8017.7,15158.5,740.0,3.51,CH
CH01659,8017.7,15161.5,740.0,3.7,CH
CH01660,8017.5,15164.5,740.0,4.4,CH
CH01661,8016.8,15167.5,740.0,4.95,CH
CH01662,8016.8,15170.5,740.0,4.59,CH
CH01663,8017.1,15173.6,740.0,4.77,CH
CH01664,8017.3,15176.7,740.0,4.27,CH
CH01665,8016.6,15179.6,740.0,4.73,CH
CH01666,8016.2,15182.6,740.0,4.89,CH
CH01667,8016.8,15185.7,740.0,5.94,CH
CH01668,8016.1,15188.7,740.0,4.86,CH
CH01669,8015.8,15191.7,740.0,5.37,CH
CH01670,8015.3,15194.6,740.0,6.42,CH
CH01671,8015.4,15197.7,740.0,5.79,CH
CH01672,8014.6,15200.6,740.0,6.66,CH
CH01673,8014.0,15203.5,740.0,5.94,CH
CH01674,8014.1,15206.6,740.0,6.47,CH
CH01675,8013.2,15209.5,740.0,6.21,CH
CH01676,8013.0,15212.5,740.0,6.75,CH
CH01677,8012.0,15215.4,740.0,6.49,CH
CH01678,8011.1,15218.2,740.0,6.91,CH
CH01679,8010.0,15221.1,740.0,6.26,CH
CH01680,8009.3,15224.0,740.0,5.76,CH
CH01681,8008.6,15226.9,740.0,6.07,CH
CH01682,8007.8,15229.8,740.0,5.61,CH
CH01683,8006.7,15232.7,740.0,6.19,CH
CH01684,8005.5,15235.5,740.0,6.09,CH
CH01685,8005.0,15238.5,740.0,4.71,CH
CH01686,8004.3,15241.4,740.0,4.64,CH
CH01687,8003.1,15244.2,740.0,5.01,CH
CH01688,8028.7,14761.4,740.0,3.11,CH
CH01689,8028.3,14764.3,740.0,4.17,CH
CH01690,8027.9,14767.3,740.0,4.17,CH
CH01691,8028.3,14770.4,740.0,4.4,CH
CH01692,8028.1,14773.4,740.0,4.37,CH
CH01693,8027.4,14776.4,740.0,4.99,CH
CH01694,8027.9,14779.5,740.0,4.66,CH
CH01695,8027.8,14782.5,740.0,3.96,CH
CH01696,8027.3,14785.5,740.0,5.38,CH
CH01697,8027.6,14788.6,740.0,4.17,CH
CH01698,8027.3,14791.6,740.0,5.63,CH
CH01699,8027.4,14794.6,740.0,4.66,CH
CH01700,8027.2,14797.6,740.0,4.71,CH
CH01701,8027.7,14800.8,740.0,5.19,CH
CH01702,8027.7,14803.8,740.0,5.44,CH
CH01703,8027.5,14806.8,740.0,5.13,CH
CH01704,8027.5,14809.9,740.0,4.08,CH
CH01705,8027.0,14812.8,740.0,4.2,CH
CH01706,8026.9,14815.9,740.0,4.26,CH
CH01707,8026.8,14818.9,740.0,3.56,CH
CH01708,8025.9,14821.8,740.0,3.81,CH
CH01709,8026.0,14824.9,740.0,3.61,CH
CH01710,8025.5,14827.8,740.0,4.13,CH
CH01711,8025.3,14830.8,740.0,3.64,CH
CH01712,8025.2,14833.9,740.0,4.46,CH
CH01713,8025.1,14836.9,740.0,4.17,CH
CH01714,8024.2,14839.8,740.0,3.22,CH
CH01715,8024.6,14842.9,740.0,3.49,CH
CH01716,8023.9,14845.8,740.0,3.74,CH
CH01717,8023.3,14848.7,740.0,3.87,CH
CH01718,8022.6,14851.7,740.0,3.84,CH
CH01719,8022.1,14854.6,740.0,3.93,CH
CH01720,8021.8,14857.6,740.0,4.67,CH
CH01721,8021.2,14860.6,740.0,3.52,CH
CH01722,8020.3,14863.5,740.0,4.29,CH
CH01723,8019.3,14866.3,740.0,4.65,CH
CH01724,8018.4,14869.2,740.0,4.42,CH
CH01725,8018.0,14872.2,740.0,4.31,CH
CH01726,8016.5,14875.0,740.0,4.52,CH
CH01727,8015.7,14877.9,740.0,3.61,CH
CH01728,8014.8,14880.8,740.0,4.71,CH
CH01729,8013.9,14883.7,740.0,4.53,CH
CH01730,8013.7,14886.6,740.0,4.22,CH
CH01731,8012.4,14889.5,740.0,4.3,CH
CH01732,8011.3,14892.3,740.0,4.34,CH
CH01733,8010.2,14895.2,740.0,4.77,CH
CH01734,8009.4,14898.1,740.0,5.33,CH
CH01735,8009.0,14901.1,740.0,5.12,CH
CH01736,8008.0,14903.9,740.0,5.09,CH
CH01737,8006.6,14906.7,740.0,4.75,CH
CH01738,8006.0,14909.7,740.0,5.39,CH
CH01739,8005.1,14912.6,740.0,3.99,CH
CH01740,8003.9,14915.4,740.0,4.79,CH
CH01741,8003.5,14918.4,740.0,5.2,CH
CH01742,8003.0,14921.3,740.0,5.01,CH
CH01743,8001.4,14924.1,740.0,4.19,CH
CH01744,8001.5,14927.2,740.0,3.75,CH
CH01745,8000.9,14930.1,740.0,3.52,CH
CH01746,7999.9,14933.0,740.0,4.68,CH
CH01747,7999.3,14935.9,740.0,3.45,CH
CH01748,7999.4,14939.0,740.0,4.53,CH
CH01749,7998.7,14941.9,740.0,3.96,CH
CH01750,7998.5,14944.9,740.0,4.09,CH
CH01751,7998.5,14947.9,740.0,4.5,CH
CH01752,7997.8,14950.9,740.0,4.13,CH
CH01753,7998.0,14954.0,740.0,4.52,CH
CH01754,7997.5,14956.9,740.0,4.04,CH
CH01755,7997.0,14959.9,740.0,3.72,CH
CH01756,7997.2,14962.9,740.0,3.34,CH
CH01757,7997.1,14966.0,740.0,4.11,CH
CH01758,7997.0,14969.0,740.0,3.45,CH
CH01759,7995.8,14971.9,740.0,3.61,CH
CH01760,7996.2,14975.0,740.0,4.14,CH
CH01761,7995.9,14978.0,740.0,4.25,CH
CH01762,7995.0,14980.8,740.0,3.99,CH
CH01763,7994.6,14983.8,740.0,4.26,CH
CH01764,7994.7,14986.9,740.0,4.01,CH
CH01765,7993.7,14989.7,740.0,4.41,CH
CH01766,7993.7,14992.8,740.0,3.47,CH
CH01767,7993.4,14995.8,740.0,3.88,CH
CH01768,7992.2,14998.6,740.0,3.57,CH
CH01769,7991.7,15001.6,740.0,3.71,CH
CH01770,7991.3,15004.6,740.0,4.28,CH
CH01771,7990.7,15007.5,740.0,3.62,CH
CH01772,7990.5,15010.5,740.0,4.59,CH
CH01773,7989.7,15013.4,740.0,3.79,CH
CH01774,7988.3,15016.2,740.0,4.31,CH
CH01775,7988.5,15019.3,740.0,4.67,CH
CH01776,7986.9,15022.1,740.0,4.99,CH
CH01777,7987.0,15025.1,740.0,4.17,CH
CH01778,7986.2,15028.0,740.0,4.49,CH
CH01779,7984.8,15030.8,740.0,5.1,CH
CH01780,7984.7,15033.9,740.0,4.43,CH
CH01781,7984.2,15036.8,740.0,3.87,CH
CH01782,7983.1,15039.7,740.0,5.28,CH
CH01783,7982.6,15042.6,740.0,4.7,CH
CH01784,7981.7,15045.5,740.0,5.0,CH
CH01785,7981.4,15048.5,740.0,4.84,CH
CH01786,7980.7,15051.4,740.0,4.82,CH
CH01787,7979.8,15054.3,740.0,4.43,CH
CH01788,7978.7,15057.2,740.0,5.28,CH
CH01789,7978.2,15060.1,740.0,4.4,CH
CH01790,7977.4,15063.0,740.0,5.39,CH
CH01791,7977.6,15066.1,740.0,4.41,CH
CH01792,7976.5,15069.0,740.0,5.37,CH
CH01793,7975.9,15071.9,740.0,5.38,CH
CH01794,7976.0,15075.0,740.0,5.76,CH
CH01795,7975.1,15077.9,740.0,5.78,CH
CH01796,7974.9,15080.9,740.0,5.81,CH
CH01797,7974.4,15083.8,740.0,5.33,CH
CH01798,7974.2,15086.8,740.0,6.16,CH
CH01799,7973.6,15089.8,740.0,5.54,CH
CH01800,7973.2,15092.8,740.0,6.41,CH
CH01801,7972.7,15095.7,740.0,5.59,CH
CH01802,7972.6,15098.7,740.0,6.15,CH
CH01803,7971.9,15101.7,740.0,5.8,CH
CH01804,7972.0,15104.7,740.0,6.49,CH
CH01805,7972.1,15107.8,740.0,6.81,CH
CH01806,7971.7,15110.8,740.0,5.93,CH
CH01807,7971.4,15113.8,740.0,6.11,CH
CH01808,7971.1,15116.7,740.0,6.74,CH
CH01809,7971.5,15119.9,740.0,5.62,CH
CH01810,7971.2,15122.9,740.0,5.72,CH
CH01811,7970.5,15125.8,740.0,5.76,CH
CH01812,7970.4,15128.8,740.0,5.86,CH
CH01813,7970.4,15131.9,740.0,5.5,CH
CH01814,7970.4,15134.9,740.0,5.51,CH
CH01815,7970.7,15138.0,740.0,6.6,CH
CH01816,7969.9,15140.9,740.0,5.42,CH
CH01817,7970.2,15144.0,740.0,5.61,CH
CH01818,7969.6,15147.0,740.0,5.48,CH
CH01819,7969.5,15150.0,740.0,6.02,CH
CH01820,7969.7,15153.1,740.0,4.88,CH
CH01821,7969.2,15156.0,740.0,6.16,CH
CH01822,7968.7,15159.0,740.0,5.26,CH
CH01823,7968.8,15162.1,740.0,6.01,CH
CH01824,7968.4,15165.0,740.0,5.06,CH
CH01825,7967.6,15167.9,740.0,5.87,CH
CH01826,7967.0,15170.9,740.0,4.97,CH
CH01827,7966.5,15173.8,740.0,5.09,CH
CH01828,7966.3,15176.8,740.0,5.4,CH
CH01829,7964.9,15179.6,740.0,5.18,CH
CH01830,7964.6,15182.6,740.0,5.37,CH
CH01831,7963.5,15185.5,740.0,4.71,CH
CH01832,7962.7,15188.4,740.0,4.98,CH
CH01833,7961.7,15191.3,740.0,4.85,CH
CH01834,7960.3,15194.1,740.0,4.04,CH
CH01835,7959.5,15197.0,740.0,3.88,CH
CH01836,7958.2,15199.8,740.0,4.53,CH
CH01837,7957.6,15202.7,740.0,3.76,CH
CH01838,7956.1,15205.5,740.0,3.87,CH
CH01839,7954.7,15208.3,740.0,4.63,CH
CH01840,7954.3,15211.3,740.0,3.96,CH
CH01841,7952.9,15214.1,740.0,3.96,CH
CH01842,7952.0,15217.0,740.0,4.33,CH
CH01843,7950.3,15219.7,740.0,3.62,CH
CH01844,7949.4,15222.6,740.0,3.28,CH
CH01845,7948.7,15225.5,740.0,4.44,CH
CH01846,7947.0,15228.3,740.0,3.12,CH
CH01847,7946.5,15231.2,740.0,3.45,CH
CH01848,7945.1,15234.0,740.0,3.92,CH
CH01849,8090.7,14772.3,720.0,5.52,CH
CH01850,8090.5,14775.3,720.0,4.88,CH
CH01851,8090.6,14778.4,720.0,6.02,CH
CH01852,8089.8,14781.3,720.0,6.24,CH
CH01853,8089.7,14784.3,720.0,5.45,CH
CH01854,8089.4,14787.3,720.0,5.63,CH
CH01855,8088.8,14790.2,720.0,6.08,CH
CH01856,8088.1,14793.2,720.0,5.46,CH
CH01857,8087.8,14796.2,720.0,5.83,CH
CH01858,8086.7,14799.0,720.0,4.87,CH
CH01859,8086.6,14802.0,720.0,5.15,CH
CH01860,8085.4,14804.9,720.0,5.98,CH
CH01861,8085.1,14807.9,720.0,4.99,CH
CH01862,8084.6,14810.8,720.0,5.93,CH
CH01863,8083.5,14813.7,720.0,5.71,CH
CH01864,8082.9,14816.6,720.0,5.07,CH
CH01865,8082.5,14819.6,720.0,5.01,CH
CH01866,8081.5,14822.5,720.0,5.8,CH
CH01867,8080.6,14825.3,720.0,5.23,CH
CH01868,8080.0,14828.3,720.0,4.74,CH
CH01869,8079.7,14831.3,720.0,6.06,CH
CH01870,8078.8,14834.2,720.0,6.06,CH
CH01871,8078.5,14837.2,720.0,5.57,CH
CH01872,8077.3,14840.0,720.0,4.96,CH
CH01873,8076.7,14842.9,720.0,4.94,CH
CH01874,8076.2,14845.9,720.0,5.76,CH
CH01875,8075.9,14848.9,720.0,5.2,CH
CH01876,8075.1,14851.8,720.0,5.19,CH
CH01877,8075.3,14854.9,720.0,4.85,CH
CH01878,8074.4,14857.8,720.0,5.95,CH
CH01879,8074.7,14860.9,720.0,5.0,CH
CH01880,8074.5,14863.9,720.0,5.59,CH
CH01881,8074.2,14866.9,720.0,5.2,CH
CH01882,8074.3,14869.9,720.0,4.94,CH
CH01883,8074.2,14873.0,720.0,5.51,CH
CH01884,8073.6,14875.9,720.0,5.1,CH
CH01885,8073.8,14879.0,720.0,5.38,CH
CH01886,8073.8,14882.0,720.0,5.5,CH
CH01887,8073.9,14885.1,720.0,6.27,CH
CH01888,8073.8,14888.1,720.0,5.93,CH
CH01889,8073.8,14891.2,720.0,5.52,CH
CH01890,8073.5,14894.2,720.0,5.54,CH
CH01891,8073.2,14897.2,720.0,5.82,CH
CH01892,8073.0,14900.2,720.0,5.52,CH
CH01893,8073.4,14903.3,720.0,4.57,CH
CH01894,8072.5,14906.2,720.0,4.74,CH
CH01895,8072.0,14909.1,720.0,4.2,CH
CH01896,8072.2,14912.2,720.0,4.4,CH
CH01897,8071.9,14915.2,720.0,4.31,CH
CH01898,8071.0,14918.1,720.0,4.96,CH
CH01899,8070.8,14921.1,720.0,4.79,CH
CH01900,8070.0,14924.0,720.0,4.76,CH
CH01901,8069.6,14927.0,720.0,4.5,CH
CH01902,8069.2,14929.9,720.0,4.75,CH
CH01903,8068.1,14932.8,720.0,4.55,CH
CH01904,8068.0,14935.8,720.0,5.32,CH
CH01905,8067.4,14938.8,720.0,5.07,CH
CH01906,8066.3,14941.6,720.0,5.07,CH
CH01907,8065.7,14944.6,720.0,6.48,CH
CH01908,8065.3,14947.5,720.0,5.22,CH
CH01909,8064.1,14950.4,720.0,5.95,CH
CH01910,8063.5,14953.3,720.0,5.22,CH
CH01911,8062.8,14956.2,720.0,6.27,CH
CH01912,8062.3,14959.2,720.0,5.49,CH
CH01913,8061.3,14962.1,720.0,4.81,CH
CH01914,8060.6,14965.0,720.0,5.55,CH
CH01915,8059.7,14967.9,720.0,4.61,CH
CH01916,8059.0,14970.8,720.0,4.41,CH
CH01917,8058.1,14973.7,720.0,5.53,CH
CH01918,8057.7,14976.7,720.0,5.18,CH
CH01919,8057.6,14979.7,720.0,4.52,CH
CH01920,8057.0,14982.6,720.0,4.69,CH
CH01921,8056.3,14985.6,720.0,4.5,CH
CH01922,8056.1,14988.6,720.0,5.8,CH
CH01923,8055.6,14991.5,720.0,5.14,CH
CH01924,8054.7,14994.4,720.0,6.41,CH
CH01925,8054.4,14997.4,720.0,5.74,CH
CH01926,8053.6,15000.3,720.0,6.29,CH
CH01927,8053.8,15003.4,720.0,5.61,CH
CH01928,8052.3,15006.2,720.0,5.75,CH
CH01929,8052.2,15009.2,720.0,5.74,CH
CH01930,8051.7,15012.2,720.0,6.63,CH
CH01931,8050.6,15015.0,720.0,6.76,CH
CH01932,8049.7,15017.9,720.0,6.91,CH
CH01933,8048.7,15020.8,720.0,6.13,CH
CH01934,8048.1,15023.7,720.0,5.89,CH
CH01935,8047.0,15026.6,720.0,6.22,CH
CH01936,8045.9,15029.4,720.0,5.74,CH
CH01937,8045.2,15032.3,720.0,5.86,CH
CH01938,8043.7,15035.1,720.0,5.82,CH
CH01939,8042.7,15038.0,720.0,4.86,CH
CH01940,8042.6,15041.0,720.0,4.65,CH
CH01941,8041.4,15043.9,720.0,5.56,CH
CH01942,8040.8,15046.8,720.0,5.54,CH
CH01943,8039.7,15049.7,720.0,5.17,CH
CH01944,8038.9,15052.5,720.0,5.43,CH
CH01945,8038.6,15055.5,720.0,4.58,CH
CH01946,8037.2,15058.3,720.0,4.65,CH
CH01947,8036.6,15061.3,720.0,5.21,CH
CH01948,8036.8,15064.4,720.0,5.58,CH
CH01949,8035.7,15067.2,720.0,5.04,CH
CH01950,8035.0,15070.1,720.0,4.48,CH
CH01951,8035.4,15073.3,720.0,5.31,CH
CH01952,8034.5,15076.2,720.0,5.76,CH
CH01953,8034.8,15079.3,720.0,5.07,CH
CH01954,8034.5,15082.2,720.0,6.15,CH
CH01955,8034.2,15085.2,720.0,6.71,CH
CH01956,8034.2,15088.3,720.0,7.19,CH
CH01957,8033.2,15091.2,720.0,7.33,CH
CH01958,8033.5,15094.2,720.0,7.44,CH
CH01959,8033.4,15097.3,720.0,7.89,CH
CH01960,8033.2,15100.3,720.0,8.14,CH
CH01961,8032.3,15103.2,720.0,8.66,CH
CH01962,8032.3,15106.2,720.0,9.36,CH
CH01963,8032.1,15109.2,720.0,9.44,CH
CH01964,8031.6,15112.2,720.0,8.67,CH
CH01965,8030.9,15115.1,720.0,9.27,CH
CH01966,8030.2,15118.0,720.0,9.52,CH
CH01967,8029.6,15121.0,720.0,7.99,CH
CH01968,8028.4,15123.8,720.0,7.89,CH
CH01969,8027.6,15126.7,720.0,7.78,CH
CH01970,8027.3,15129.7,720.0,6.89,CH
CH01971,8026.5,15132.6,720.0,5.82,CH
CH01972,8025.6,15135.5,720.0,5.86,CH
CH01973,8025.2,15138.5,720.0,6.26,CH
CH01974,8024.1,15141.3,720.0,5.34,CH
CH01975,8024.2,15144.4,720.0,5.31,CH
CH01976,8023.3,15147.3,720.0,4.75,CH
CH01977,8022.7,15150.2,720.0,5.3,CH
CH01978,8022.7,15153.3,720.0,3.77,CH
CH01979,8021.8,15156.2,720.0,3.69,CH
CH01980,8021.5,15159.2,720.0,4.36,CH
CH01981,8021.2,15162.2,720.0,4.26,CH
CH01982,8021.0,15165.1,720.0,4.39,CH
CH01983,8020.7,15168.2,720.0,4.71,CH
CH01984,8020.2,15171.1,720.0,4.54,CH
CH01985,8020.6,15174.2,720.0,4.31,CH
CH01986,8020.2,15177.2,720.0,4.59,CH
CH01987,8019.4,15180.1,720.0,4.15,CH
CH01988,8019.0,15183.1,720.0,5.08,CH
CH01989,8019.5,15186.2,720.0,4.91,CH
CH01990,8018.5,15189.1,720.0,5.17,CH
CH01991,8018.7,15192.2,720.0,5.21,CH
CH01992,8018.4,15195.2,720.0,5.91,CH
CH01993,8017.6,15198.1,720.0,4.94,CH
CH01994,8017.6,15201.1,720.0,6.07,CH
CH01995,8016.9,15204.0,720.0,6.28,CH
CH01996,8016.7,15207.0,720.0,6.46,CH
CH01997,8015.5,15209.9,720.0,6.48,CH
CH01998,8015.7,15213.0,720.0,6.33,CH
CH01999,8015.3,15215.9,720.0,6.94,CH
CH02000,8014.2,15218.8,720.0,6.95,CH
CH02001,8013.7,15221.7,720.0,6.6,CH
CH02002,8012.2,15224.5,720.0,7.21,CH
CH02003,8011.6,15227.5,720.0,6.32,CH
CH02004,8010.6,15230.3,720.0,6.92,CH
CH02005,8010.4,15233.4,720.0,6.33,CH
CH02006,8009.8,15236.3,720.0,7.2,CH
CH02007,8008.6,15239.1,720.0,6.1,CH
CH02008,8007.8,15242.0,720.0,5.65,CH
CH02009,8006.9,15244.9,720.0,6.37,CH
CH02010,8034.5,14762.4,720.0,4.32,CH
CH02011,8033.7,14765.3,720.0,4.04,CH
CH02012,8033.3,14768.3,720.0,3.93,CH
CH02013,8033.6,14771.4,720.0,4.14,CH
CH02014,8032.9,14774.3,720.0,4.23,CH
CH02015,8033.2,14777.4,720.0,4.59,CH
CH02016,8032.4,14780.3,720.0,4.74,CH
CH02017,8032.2,14783.3,720.0,4.52,CH
CH02018,8032.3,14786.4,720.0,4.84,CH
CH02019,8032.3,14789.4,720.0,4.11,CH
CH02020,8032.2,14792.4,720.0,4.25,CH
CH02021,8032.0,14795.5,720.0,4.56,CH
CH02022,8032.0,14798.5,720.0,5.21,CH
CH02023,8031.6,14801.5,720.0,4.88,CH
CH02024,8032.4,14804.7,720.0,5.0,CH
CH02025,8032.3,14807.7,720.0,4.4,CH
CH02026,8031.7,14810.6,720.0,4.98,CH
CH02027,8031.8,14813.7,720.0,4.53,CH
CH02028,8031.4,14816.7,720.0,3.81,CH
CH02029,8031.3,14819.7,720.0,4.47,CH
CH02030,8031.0,14822.7,720.0,5.04,CH
CH02031,8030.8,14825.7,720.0,4.36,CH
CH02032,8031.2,14828.8,720.0,4.82,CH
CH02033,8030.2,14831.7,720.0,3.97,CH
CH02034,8030.1,14834.7,720.0,4.21,CH
CH02035,8029.6,14837.7,720.0,3.65,CH
CH02036,8029.3,14840.7,720.0,4.29,CH
CH02037,8029.5,14843.7,720.0,4.18,CH
CH02038,8028.6,14846.6,720.0,4.67,CH
CH02039,8028.6,14849.7,720.0,4.24,CH
CH02040,8027.4,14852.5,720.0,5.02,CH
CH02041,8027.0,14855.5,720.0,4.5,CH
CH02042,8027.1,14858.6,720.0,4.61,CH
CH02043,8026.0,14861.4,720.0,4.7,CH
CH02044,8025.2,14864.3,720.0,3.88,CH
CH02045,8024.9,14867.3,720.0,4.67,CH
CH02046,8023.9,14870.2,720.0,5.18,CH
CH02047,8022.8,14873.0,720.0,4.14,CH
CH02048,8022.6,14876.0,720.0,4.65,CH
CH02049,8021.1,14878.8,720.0,5.38,CH
CH02050,8020.3,14881.7,720.0,4.58,CH
CH02051,8019.0,14884.5,720.0,5.35,CH
CH02052,8018.0,14887.4,720.0,5.33,CH
CH02053,8017.3,14890.3,720.0,5.41,CH
CH02054,8016.7,14893.3,720.0,4.71,CH
CH02055,8015.6,14896.1,720.0,4.22,CH
CH02056,8014.5,14899.0,720.0,4.32,CH
CH02057,8013.5,14901.9,720.0,4.49,CH
CH02058,8012.4,14904.7,720.0,4.66,CH
CH02059,8011.0,14907.5,720.0,5.45,CH
CH02060,8010.0,14910.4,720.0,4.08,CH
CH02061,8009.6,14913.4,720.0,4.36,CH
CH02062,8008.6,14916.2,720.0,4.07,CH
CH02063,8007.9,14919.1,720.0,3.82,CH
CH02064,8007.0,14922.0,720.0,4.22,CH
CH02065,8006.2,14924.9,720.0,4.71,CH
CH02066,8005.2,14927.8,720.0,4.51,CH
CH02067,8004.7,14930.8,720.0,4.18,CH
CH02068,8003.5,14933.6,720.0,4.36,CH
CH02069,8002.9,14936.5,720.0,4.47,CH
CH02070,8002.7,14939.5,720.0,3.92,CH
CH02071,8002.3,14942.5,720.0,4.77,CH
CH02072,8001.4,14945.4,720.0,4.29,CH
CH02073,8001.2,14948.4,720.0,3.84,CH
CH02074,8001.3,14951.5,720.0,4.79,CH
CH02075,8000.2,14954.3,720.0,3.64,CH
CH02076,8000.0,14957.3,720.0,4.82,CH
CH02077,8000.2,14960.4,720.0,4.24,CH
CH02078,7999.4,14963.3,720.0,3.6,CH
CH02079,7999.6,14966.4,720.0,3.33,CH
CH02080,7999.4,14969.4,720.0,3.46,CH
CH02081,7999.4,14972.5,720.0,4.62,CH
CH02082,7999.2,14975.5,720.0,4.28,CH
CH02083,7998.4,14978.4,720.0,3.92,CH
CH02084,7998.0,14981.4,720.0,4.36,CH
CH02085,7997.8,14984.4,720.0,4.28,CH
CH02086,7997.4,14987.4,720.0,3.74,CH
CH02087,7997.4,14990.4,720.0,4.06,CH
CH02088,7997.6,14993.5,720.0,4.65,CH
CH02089,7997.1,14996.4,720.0,4.48,CH
CH02090,7996.6,14999.4,720.0,3.71,CH
CH02091,7996.2,15002.4,720.0,3.58,CH
CH02092,7995.3,15005.3,720.0,4.25,CH
CH02093,7995.5,15008.3,720.0,3.93,CH
CH02094,7994.4,15011.2,720.0,3.75,CH
CH02095,7994.0,15014.2,720.0,4.83,CH
CH02096,7993.3,15017.1,720.0,4.2,CH
CH02097,7992.4,15020.0,720.0,3.89,CH
CH02098,7991.9,15022.9,720.0,3.57,CH
CH02099,7991.2,15025.9,720.0,3.48,CH
CH02100,7991.3,15028.9,720.0,4.74,CH
CH02101,7990.2,15031.8,720.0,3.75,CH
CH02102,7989.5,15034.7,720.0,4.72,CH
CH02103,7989.0,15037.7,720.0,4.46,CH
CH02104,7987.7,15040.5,720.0,4.25,CH
CH02105,7987.3,15043.4,720.0,4.23,CH
CH02106,7986.8,15046.4,720.0,4.12,CH
CH02107,7986.1,15049.3,720.0,4.84,CH
CH02108,7985.2,15052.2,720.0,3.92,CH
CH02109,7984.4,15055.1,720.0,4.82,CH
CH02110,7984.0,15058.1,720.0,4.02,CH
CH02111,7983.0,15061.0,720.0,3.81,CH
CH02112,7982.3,15063.9,720.0,5.04,CH
CH02113,7982.3,15066.9,720.0,3.99,CH
CH02114,7981.3,15069.8,720.0,3.81,CH
CH02115,7980.5,15072.7,720.0,4.26,CH
CH02116,7980.4,15075.8,720.0,5.05,CH
CH02117,7979.6,15078.7,720.0,4.28,CH
CH02118,7978.7,15081.5,720.0,4.13,CH
CH02119,7979.0,15084.6,720.0,4.51,CH
CH02120,7978.0,15087.5,720.0,4.58,CH
CH02121,7978.1,15090.6,720.0,5.15,CH
CH02122,7976.7,15093.4,720.0,5.41,CH
CH02123,7976.4,15096.4,720.0,4.73,CH
CH02124,7976.7,15099.5,720.0,4.76,CH
CH02125,7976.5,15102.5,720.0,5.42,CH
CH02126,7975.5,15105.4,720.0,5.88,CH
CH02127,7975.6,15108.4,720.0,4.71,CH
CH02128,7975.3,15111.4,720.0,5.75,CH
CH02129,7975.5,15114.5,720.0,5.06,CH
CH02130,7974.9,15117.4,720.0,5.55,CH
CH02131,7975.1,15120.5,720.0,5.98,CH
CH02132,7974.7,15123.5,720.0,5.63,CH
CH02133,7974.5,15126.5,720.0,6.45,CH
CH02134,7974.5,15129.5,720.0,6.18,CH
CH02135,7973.9,15132.5,720.0,5.25,CH
CH02136,7974.5,15135.6,720.0,6.31,CH
CH02137,7974.0,15138.6,720.0,6.15,CH
CH02138,7973.7,15141.6,720.0,5.56,CH
CH02139,7973.6,15144.6,720.0,5.59,CH
CH02140,7974.2,15147.8,720.0,4.82,CH
CH02141,7973.5,15150.7,720.0,4.69,CH
CH02142,7973.4,15153.7,720.0,4.72,CH
CH02143,7973.1,15156.7,720.0,4.92,CH
CH02144,7972.6,15159.7,720.0,5.22,CH
CH02145,7972.3,15162.7,720.0,5.16,CH
CH02146,7971.7,15165.6,720.0,6.02,CH
CH02147,7971.1,15168.5,720.0,5.06,CH
CH02148,7970.5,15171.5,720.0,5.78,CH
CH02149,7970.4,15174.5,720.0,4.87,CH
CH02150,7969.3,15177.4,720.0,4.44,CH
CH02151,7968.7,15180.3,720.0,4.82,CH
CH02152,7967.7,15183.2,720.0,5.12,CH
CH02153,7967.3,15186.2,720.0,4.68,CH
CH02154,7966.2,15189.0,720.0,4.3,CH
CH02155,7964.8,15191.8,720.0,4.0,CH
CH02156,7963.6,15194.6,720.0,4.25,CH
CH02157,7962.5,15197.5,720.0,3.93,CH
CH02158,7961.6,15200.4,720.0,4.75,CH
CH02159,7959.9,15203.1,720.0,4.01,CH
CH02160,7959.4,15206.1,720.0,3.87,CH
CH02161,7957.6,15208.8,720.0,4.42,CH
CH02162,7957.0,15211.8,720.0,4.17,CH
CH02163,7955.6,15214.5,720.0,3.91,CH
CH02164,7954.7,15217.4,720.0,4.0,CH
CH02165,7953.2,15220.2,720.0,3.28,CH
CH02166,7952.0,15223.0,720.0,4.52,CH
CH02167,7950.5,15225.8,720.0,3.36,CH
CH02168,7949.5,15228.7,720.0,4.44,CH
CH02169,7948.9,15231.6,720.0,4.28,CH
CH02170,7947.4,15234.4,720.0,4.26,CH
CH02171,8096.5,14773.3,700.0,4.73,CH
CH02172,8096.9,14776.4,700.0,5.34,CH
CH02173,8096.4,14779.4,700.0,5.67,CH
CH02174,8096.7,14782.5,700.0,6.12,CH
CH02175,8095.6,14785.3,700.0,5.91,CH
CH02176,8095.6,14788.4,700.0,5.28,CH
CH02177,8095.5,14791.4,700.0,5.27,CH
CH02178,8094.7,14794.3,700.0,5.22,CH
CH02179,8094.8,14797.4,700.0,4.87,CH
CH02180,8093.9,14800.3,700.0,5.51,CH
CH02181,8093.4,14803.2,700.0,5.79,CH
CH02182,8093.0,14806.2,700.0,5.04,CH
CH02183,8092.3,14809.1,700.0,5.13,CH
CH02184,8091.4,14812.0,700.0,5.38,CH
CH02185,8091.2,14815.0,700.0,5.35,CH
CH02186,8090.2,14817.9,700.0,5.5,CH
CH02187,8089.4,14820.8,700.0,5.79,CH
CH02188,8089.1,14823.8,700.0,5.73,CH
CH02189,8088.2,14826.7,700.0,5.7,CH
CH02190,8088.1,14829.7,700.0,6.41,CH
CH02191,8087.4,14832.6,700.0,6.21,CH
CH02192,8086.3,14835.5,700.0,6.22,CH
CH02193,8085.7,14838.4,700.0,6.47,CH
CH02194,8085.5,14841.4,700.0,6.75,CH
CH02195,8084.7,14844.3,700.0,5.96,CH
CH02196,8084.8,14847.4,700.0,6.45,CH
CH02197,8083.6,14850.2,700.0,5.38,CH
CH02198,8083.1,14853.2,700.0,6.16,CH
CH02199,8083.1,14856.2,700.0,5.13,CH
CH02200,8082.7,14859.2,700.0,5.3,CH
CH02201,8081.8,14862.1,700.0,5.95,CH
CH02202,8081.4,14865.1,700.0,6.13,CH
CH02203,8080.9,14868.0,700.0,5.47,CH
CH02204,8080.5,14871.0,700.0,5.55,CH
CH02205,8081.0,14874.1,700.0,5.63,CH
CH02206,8080.4,14877.1,700.0,5.39,CH
CH02207,8080.0,14880.1,700.0,4.49,CH
CH02208,8080.3,14883.2,700.0,5.02,CH
CH02209,8079.5,14886.1,700.0,4.55,CH
CH02210,8079.1,14889.1,700.0,4.58,CH
CH02211,8079.5,14892.2,700.0,5.21,CH
CH02212,8079.5,14895.2,700.0,5.79,CH
CH02213,8078.8,14898.1,700.0,5.05,CH
CH02214,8078.3,14901.1,700.0,5.39,CH
CH02215,8078.5,14904.2,700.0,5.64,CH
CH02216,8077.6,14907.1,700.0,5.22,CH
CH02217,8077.3,14910.1,700.0,5.46,CH
CH02218,8076.7,14913.0,700.0,5.44,CH
CH02219,8076.4,14916.0,700.0,4.97,CH
CH02220,8075.7,14918.9,700.0,5.71,CH
CH02221,8075.9,14922.0,700.0,5.15,CH
CH02222,8075.2,14924.9,700.0,5.43,CH
CH02223,8074.1,14927.8,700.0,6.3,CH
CH02224,8073.5,14930.7,700.0,6.11,CH
CH02225,8073.4,14933.7,700.0,6.49,CH
CH02226,8072.8,14936.7,700.0,5.99,CH
CH02227,8072.1,14939.6,700.0,6.46,CH
CH02228,8070.9,14942.4,700.0,7.04,CH
CH02229,8070.2,14945.4,700.0,5.98,CH
CH02230,8069.4,14948.3,700.0,5.82,CH
CH02231,8068.1,14951.1,700.0,5.95,CH
CH02232,8067.7,14954.1,700.0,5.46,CH
CH02233,8067.1,14957.0,700.0,5.73,CH
CH02234,8066.0,14959.8,700.0,6.1,CH
CH02235,8065.2,14962.8,700.0,5.52,CH
CH02236,8064.4,14965.7,700.0,5.13,CH
CH02237,8063.5,14968.6,700.0,5.66,CH
CH02238,8062.8,14971.5,700.0,5.13,CH
CH02239,8063.0,14974.5,700.0,4.83,CH
CH02240,8062.4,14977.5,700.0,4.45,CH
CH02241,8061.9,14980.5,700.0,4.88,CH
CH02242,8061.3,14983.4,700.0,5.85,CH
CH02243,8060.4,14986.3,700.0,5.36,CH
CH02244,8060.2,14989.3,700.0,5.13,CH
CH02245,8059.7,14992.3,700.0,6.1,CH
CH02246,8059.0,14995.2,700.0,5.97,CH
CH02247,8058.8,14998.2,700.0,6.32,CH
CH02248,8058.0,15001.1,700.0,5.77,CH
CH02249,8057.6,15004.1,700.0,6.43,CH
CH02250,8056.9,15007.0,700.0,6.97,CH
CH02251,8056.9,15010.0,700.0,6.68,CH
CH02252,8055.7,15012.9,700.0,6.22,CH
CH02253,8054.9,15015.8,700.0,6.94,CH
CH02254,8054.0,15018.7,700.0,6.58,CH
CH02255,8053.3,15021.6,700.0,5.73,CH
CH02256,8052.9,15024.6,700.0,5.82,CH
CH02257,8051.3,15027.3,700.0,5.63,CH
CH02258,8050.6,15030.2,700.0,5.69,CH
CH02259,8049.2,15033.0,700.0,5.77,CH
CH02260,8049.1,15036.1,700.0,4.69,CH
CH02261,8047.6,15038.9,700.0,5.54,CH
CH02262,8047.1,15041.8,700.0,5.33,CH
CH02263,8045.5,15044.6,700.0,5.4,CH
CH02264,8044.9,15047.5,700.0,4.5,CH
CH02265,8044.6,15050.5,700.0,3.96,CH
CH02266,8043.2,15053.3,700.0,4.21,CH
CH02267,8043.2,15056.4,700.0,4.45,CH
CH02268,8042.4,15059.3,700.0,3.65,CH
CH02269,8041.7,15062.2,700.0,5.07,CH
CH02270,8041.4,15065.2,700.0,4.03,CH
CH02271,8040.1,15068.0,700.0,4.02,CH
CH02272,8040.0,15071.0,700.0,4.31,CH
CH02273,8039.5,15074.0,700.0,4.11,CH
CH02274,8039.4,15077.0,700.0,4.25,CH
CH02275,8038.8,15080.0,700.0,4.66,CH
CH02276,8039.0,15083.0,700.0,5.51,CH
CH02277,8038.9,15086.1,700.0,5.12,CH
CH02278,8038.3,15089.0,700.0,6.55,CH
CH02279,8038.3,15092.1,700.0,6.42,CH
CH02280,8038.3,15095.1,700.0,6.64,CH
CH02281,8037.8,15098.1,700.0,7.16,CH
CH02282,8037.5,15101.0,700.0,8.13,CH
CH02283,8037.3,15104.1,700.0,7.65,CH
CH02284,8037.7,15107.2,700.0,7.54,CH
CH02285,8037.2,15110.1,700.0,8.91,CH
CH02286,8037.0,15113.1,700.0,8.06,CH
CH02287,8036.1,15116.0,700.0,8.11,CH
CH02288,8035.3,15118.9,700.0,9.3,CH
CH02289,8034.9,15121.9,700.0,7.87,CH
CH02290,8034.2,15124.8,700.0,8.02,CH
CH02291,8033.1,15127.7,700.0,8.19,CH
CH02292,8032.4,15130.6,700.0,6.45,CH
CH02293,8031.4,15133.5,700.0,7.33,CH
CH02294,8031.1,15136.5,700.0,6.76,CH
CH02295,8030.0,15139.3,700.0,5.63,CH
CH02296,8029.3,15142.2,700.0,5.81,CH
CH02297,8028.3,15145.1,700.0,4.71,CH
CH02298,8027.7,15148.1,700.0,4.74,CH
CH02299,8027.6,15151.1,700.0,4.67,CH
CH02300,8026.7,15154.0,700.0,5.14,CH
CH02301,8026.1,15156.9,700.0,4.77,CH
CH02302,8025.8,15159.9,700.0,4.59,CH
CH02303,8025.4,15162.9,700.0,4.24,CH
CH02304,8024.7,15165.8,700.0,4.72,CH
CH02305,8024.6,15168.8,700.0,4.72,CH
CH02306,8024.2,15171.8,700.0,3.92,CH
CH02307,8023.5,15174.7,700.0,4.63,CH
CH02308,8023.3,15177.7,700.0,3.94,CH
CH02309,8023.0,15180.7,700.0,4.53,CH
CH02310,8022.8,15183.8,700.0,4.81,CH
CH02311,8022.1,15186.7,700.0,3.84,CH
CH02312,8021.6,15189.6,700.0,3.71,CH
CH02313,8021.5,15192.7,700.0,4.29,CH
CH02314,8021.1,15195.6,700.0,4.2,CH
CH02315,8021.1,15198.7,700.0,4.1,CH
CH02316,8020.2,15201.6,700.0,4.87,CH
CH02317,8020.1,15204.6,700.0,5.38,CH
CH02318,8019.8,15207.6,700.0,5.11,CH
CH02319,8019.0,15210.5,700.0,5.97,CH
CH02320,8018.3,15213.4,700.0,5.24,CH
CH02321,8017.8,15216.4,700.0,5.92,CH
CH02322,8018.0,15219.5,700.0,6.57,CH
CH02323,8017.3,15222.4,700.0,7.13,CH
CH02324,8016.3,15225.3,700.0,6.78,CH
CH02325,8016.0,15228.2,700.0,7.06,CH
CH02326,8015.0,15231.1,700.0,7.18,CH
CH02327,8014.5,15234.1,700.0,7.05,CH
CH02328,8014.0,15237.0,700.0,7.67,CH
CH02329,8013.2,15239.9,700.0,7.58,CH
CH02330,8012.3,15242.8,700.0,7.23,CH
CH02331,8012.1,15245.8,700.0,6.99,CH
CH02332,8039.5,14763.3,700.0,4.51,CH
CH02333,8039.1,14766.2,700.0,4.73,CH
CH02334,8037.8,14769.1,700.0,4.34,CH
CH02335,8037.3,14772.0,700.0,4.77,CH
CH02336,8036.9,14775.0,700.0,4.84,CH
CH02337,8036.5,14778.0,700.0,4.54,CH
CH02338,8037.0,14781.1,700.0,3.95,CH
CH02339,8036.3,14784.0,700.0,4.84,CH
CH02340,8035.7,14787.0,700.0,4.88,CH
CH02341,8035.7,14790.0,700.0,4.26,CH
CH02342,8036.0,14793.1,700.0,3.97,CH
CH02343,8035.4,14796.0,700.0,4.22,CH
CH02344,8035.7,14799.1,700.0,3.92,CH
CH02345,8035.4,14802.1,700.0,3.7,CH
CH02346,8035.4,14805.2,700.0,5.07,CH
CH02347,8034.8,14808.1,700.0,3.59,CH
CH02348,8035.2,14811.2,700.0,3.65,CH
CH02349,8035.2,14814.3,700.0,4.91,CH
CH02350,8035.1,14817.3,700.0,4.62,CH
CH02351,8034.6,14820.3,700.0,4.33,CH
CH02352,8034.5,14823.3,700.0,4.92,CH
CH02353,8034.7,14826.4,700.0,4.2,CH
CH02354,8034.8,14829.5,700.0,4.84,CH
CH02355,8034.0,14832.4,700.0,4.49,CH
CH02356,8033.9,14835.4,700.0,4.27,CH
CH02357,8033.8,14838.4,700.0,4.24,CH
CH02358,8033.7,14841.4,700.0,5.15,CH
CH02359,8033.6,14844.5,700.0,4.86,CH
CH02360,8032.6,14847.3,700.0,4.07,CH
CH02361,8032.5,14850.4,700.0,4.77,CH
CH02362,8032.4,14853.4,700.0,4.1,CH
CH02363,8031.3,14856.2,700.0,4.1,CH
CH02364,8031.1,14859.3,700.0,4.81,CH
CH02365,8030.6,14862.2,700.0,4.73,CH
CH02366,8029.9,14865.1,700.0,5.21,CH
CH02367,8029.3,14868.1,700.0,4.45,CH
CH02368,8028.0,14870.9,700.0,3.83,CH
CH02369,8027.4,14873.8,700.0,4.61,CH
CH02370,8026.5,14876.7,700.0,3.79,CH
CH02371,8026.1,14879.7,700.0,4.67,CH
CH02372,8024.5,14882.5,700.0,4.67,CH
CH02373,8024.1,14885.4,700.0,3.83,CH
CH02374,8022.9,14888.3,700.0,4.57,CH
CH02375,8022.5,14891.3,700.0,4.66,CH
CH02376,8020.8,14894.0,700.0,5.21,CH
CH02377,8020.3,14897.0,700.0,4.57,CH
CH02378,8018.6,14899.7,700.0,5.29,CH
CH02379,8017.9,14902.6,700.0,4.98,CH
CH02380,8017.0,14905.5,700.0,4.3,CH
CH02381,8015.9,14908.4,700.0,4.11,CH
CH02382,8015.1,14911.3,700.0,4.19,CH
CH02383,8013.4,14914.0,700.0,3.93,CH
CH02384,8012.4,14916.9,700.0,3.91,CH
CH02385,8012.0,14919.9,700.0,5.02,CH
CH02386,8011.2,14922.8,700.0,5.08,CH
CH02387,8009.7,14925.6,700.0,4.89,CH
CH02388,8008.9,14928.5,700.0,4.58,CH
CH02389,8008.7,14931.5,700.0,4.16,CH
CH02390,8007.4,14934.3,700.0,4.97,CH
CH02391,8006.8,14937.2,700.0,3.98,CH
CH02392,8006.6,14940.2,700.0,4.11,CH
CH02393,8005.8,14943.1,700.0,4.54,CH
CH02394,8004.7,14946.0,700.0,4.75,CH
CH02395,8004.8,14949.1,700.0,4.7,CH
CH02396,8003.6,14951.9,700.0,4.87,CH
CH02397,8003.2,14954.9,700.0,4.67,CH
CH02398,8002.8,14957.8,700.0,4.2,CH
CH02399,8003.1,14961.0,700.0,4.48,CH
CH02400,8002.7,14963.9,700.0,4.84,CH
CH02401,8001.9,14966.8,700.0,4.37,CH
CH02402,8002.2,14969.9,700.0,4.37,CH
CH02403,8002.2,14973.0,700.0,3.84,CH
CH02404,8001.2,14975.9,700.0,3.44,CH
CH02405,8001.1,14978.9,700.0,4.11,CH
CH02406,8001.1,14981.9,700.0,4.2,CH
CH02407,8001.0,14984.9,700.0,4.3,CH
CH02408,8000.8,14987.9,700.0,4.3,CH
CH02409,8000.8,14991.0,700.0,3.56,CH
CH02410,8000.2,14993.9,700.0,4.93,CH
CH02411,8000.5,14997.0,700.0,4.09,CH
CH02412,8000.6,15000.1,700.0,3.99,CH
CH02413,7999.8,15003.0,700.0,4.79,CH
CH02414,7999.9,15006.1,700.0,4.49,CH
CH02415,7999.5,15009.1,700.0,4.37,CH
CH02416,7998.8,15012.0,700.0,4.66,CH
CH02417,7998.6,15015.0,700.0,5.01,CH
CH02418,7998.4,15018.0,700.0,3.94,CH
CH02419,7997.8,15020.9,700.0,4.85,CH
CH02420,7997.0,15023.8,700.0,3.76,CH
CH02421,7996.6,15026.8,700.0,4.22,CH
CH02422,7996.3,15029.8,700.0,4.61,CH
CH02423,7994.9,15032.6,700.0,3.83,CH
CH02424,7994.8,15035.6,700.0,4.62,CH
CH02425,7993.8,15038.5,700.0,4.03,CH
CH02426,7993.0,15041.4,700.0,4.23,CH
CH02427,7992.2,15044.3,700.0,3.76,CH
CH02428,7991.6,15047.3,700.0,3.27,CH
CH02429,7991.4,15050.3,700.0,4.01,CH
CH02430,7990.8,15053.2,700.0,3.5,CH
CH02431,7990.0,15056.1,700.0,4.02,CH
CH02432,7989.0,15059.0,700.0,3.44,CH
CH02433,7988.6,15062.0,700.0,3.68,CH
CH02434,7987.8,15064.9,700.0,4.18,CH
CH02435,7987.3,15067.8,700.0,4.66,CH
CH02436,7986.7,15070.8,700.0,3.83,CH
CH02437,7985.7,15073.6,700.0,4.66,CH
CH02438,7985.3,15076.6,700.0,5.11,CH
CH02439,7984.5,15079.5,700.0,5.23,CH
CH02440,7983.9,15082.5,700.0,4.29,CH
CH02441,7983.2,15085.4,700.0,4.94,CH
CH02442,7982.7,15088.3,700.0,4.32,CH
CH02443,7981.8,15091.2,700.0,5.11,CH
CH02444,7981.4,15094.2,700.0,5.53,CH
CH02445,7980.8,15097.1,700.0,5.05,CH
CH02446,7980.4,15100.1,700.0,4.37,CH
CH02447,7980.0,15103.1,700.0,5.01,CH
CH02448,7979.6,15106.1,700.0,4.54,CH
CH02449,7978.9,15109.0,700.0,4.85,CH
CH02450,7979.0,15112.1,700.0,5.94,CH
CH02451,7978.6,15115.0,700.0,5.34,CH
CH02452,7978.4,15118.0,700.0,4.91,CH
CH02453,7978.4,15121.1,700.0,5.59,CH
CH02454,7978.3,15124.1,700.0,5.61,CH
CH02455,7978.2,15127.1,700.0,5.28,CH
CH02456,7977.6,15130.1,700.0,4.99,CH
CH02457,7976.9,15133.0,700.0,4.47,CH
CH02458,7977.2,15136.1,700.0,5.11,CH
CH02459,7976.9,15139.1,700.0,5.45,CH
CH02460,7976.9,15142.1,700.0,4.21,CH
CH02461,7976.9,15145.2,700.0,5.52,CH
CH02462,7976.3,15148.1,700.0,5.0,CH
CH02463,7976.5,15151.2,700.0,5.17,CH
CH02464,7976.4,15154.2,700.0,5.08,CH
CH02465,7975.9,15157.2,700.0,4.73,CH
CH02466,7975.0,15160.1,700.0,5.63,CH
CH02467,7974.6,15163.1,700.0,4.58,CH
CH02468,7974.5,15166.1,700.0,4.6,CH
CH02469,7974.6,15169.2,700.0,5.55,CH
CH02470,7973.4,15172.0,700.0,5.64,CH
CH02471,7972.7,15174.9,700.0,5.41,CH
CH02472,7972.3,15177.9,700.0,4.92,CH
CH02473,7971.1,15180.7,700.0,5.58,CH
CH02474,7970.5,15183.7,700.0,4.43,CH
CH02475,7969.8,15186.6,700.0,4.88,CH
CH02476,7968.8,15189.5,700.0,4.49,CH
CH02477,7968.0,15192.4,700.0,4.32,CH
CH02478,7967.0,15195.2,700.0,4.37,CH
CH02479,7965.1,15197.9,700.0,3.58,CH
CH02480,7964.4,15200.9,700.0,4.36,CH
CH02481,7963.3,15203.7,700.0,3.68,CH
CH02482,7962.1,15206.6,700.0,4.8,CH
CH02483,7960.9,15209.4,700.0,3.44,CH
CH02484,7959.5,15212.2,700.0,4.21,CH
CH02485,7958.3,15215.0,700.0,3.77,CH
CH02486,7956.7,15217.8,700.0,3.56,CH
CH02487,7955.6,15220.6,700.0,3.08,CH
CH02488,7955.1,15223.6,700.0,4.32,CH
CH02489,7953.7,15226.4,700.0,3.81,CH
CH02490,7952.6,15229.2,700.0,3.06,CH
CH02491,7951.0,15232.0,700.0,3.95,CH
CH02492,7950.3,15234.9,700.0,2.99,CH
