WELL,MD,INCLINATION,AZIMUTH
F01,0.0,0.0,167.51
F01,25.0,0.0,167.51
F01,50.0,0.0,167.51
F01,75.0,0.0,167.51
F01,100.0,0.0,167.51
F01,125.0,0.0,167.51
F01,150.0,0.0,167.51
F01,175.0,0.0,167.51
F01,200.0,0.0,167.51
F01,225.0,0.0,167.51
F01,250.0,0.0,167.51
F01,275.0,0.0,167.51
F01,300.0,0.0,167.51
F01,325.0,0.0,167.51
F01,350.0,0.0,167.51
F01,375.0,0.0,167.51
F01,400.0,0.0,167.51
F01,425.0,0.0,167.51
F01,450.0,0.0,167.51
F01,475.0,0.0,167.51
F01,500.0,0.0,167.51
F01,525.0,0.0,167.51
F01,550.0,0.0,167.51
F01,575.0,0.0,167.51
F01,600.0,0.0,167.51
F01,625.0,0.0,167.51
F01,650.0,0.0,167.51
F01,675.0,0.0,167.51
F01,700.0,0.0,167.51
F01,725.0,0.0,167.51
F01,750.0,0.0,167.51
F01,775.0,0.0,167.51
F01,800.0,0.0,167.51
F01,825.0,0.0,167.51
F01,850.0,0.0,167.51
F01,875.0,0.0,167.51
F01,900.0,0.0,167.51
F01,925.0,0.0,167.51
F01,950.0,0.0,167.51
F01,975.0,0.0,167.51
F01,1000.0,0.0,167.51
F01,1025.0,0.0,167.51
F01,1050.0,0.0,167.51
F01,1075.0,0.0,167.51
F01,1100.0,0.0,167.51
F01,1125.0,0.0,167.51
F01,1150.0,0.0,167.51
F01,1175.0,0.0,167.51
F01,1200.0,0.0,167.51
F01,1225.0,1.5,167.51
F01,1250.0,3.0,167.51
F01,1275.0,4.5,167.51
F01,1300.0,6.0,167.51
F01,1325.0,7.5,167.51
F01,1350.0,9.0,167.51
F01,1375.0,9.13,167.51
F01,1400.0,9.13,167.51
F01,1425.0,9.13,167.51
F01,1450.0,9.13,167.51
F01,1475.0,9.13,167.51
F01,1500.0,9.13,167.51
F01,1525.0,9.13,167.51
F01,1547.31,9.13,167.51
F02,0.0,0.0,255.63
F02,25.0,0.0,255.63
F02,50.0,0.0,255.63
F02,75.0,0.0,255.63
F02,100.0,0.0,255.63
F02,125.0,0.0,255.63
F02,150.0,0.0,255.63
F02,175.0,0.0,255.63
F02,200.0,0.0,255.63
F02,225.0,0.0,255.63
F02,250.0,0.0,255.63
F02,275.0,0.0,255.63
F02,300.0,0.0,255.63
F02,325.0,0.0,255.63
F02,350.0,0.0,255.63
F02,375.0,0.0,255.63
F02,400.0,0.0,255.63
F02,425.0,0.0,255.63
F02,450.0,0.0,255.63
F02,475.0,0.0,255.63
F02,500.0,0.0,255.63
F02,525.0,0.0,255.63
F02,550.0,0.0,255.63
F02,575.0,0.0,255.63
F02,600.0,0.0,255.63
F02,625.0,0.0,255.63
F02,650.0,0.0,255.63
F02,675.0,0.0,255.63
F02,700.0,0.0,255.63
F02,725.0,0.0,255.63
F02,750.0,0.0,255.63
F02,775.0,0.0,255.63
F02,800.0,0.0,255.63
F02,825.0,0.0,255.63
F02,850.0,0.0,255.63
F02,875.0,0.0,255.63
F02,900.0,0.0,255.63
F02,925.0,0.0,255.63
F02,950.0,0.0,255.63
F02,975.0,0.0,255.63
F02,1000.0,0.0,255.63
F02,1025.0,0.0,255.63
F02,1050.0,0.0,255.63
F02,1075.0,0.0,255.63
F02,1100.0,0.0,255.63
F02,1125.0,0.0,255.63
F02,1150.0,0.0,255.63
F02,1175.0,0.0,255.63
F02,1200.0,0.0,255.63
F02,1225.0,0.0,255.63
F02,1250.0,0.0,255.63
F02,1275.0,0.0,255.63
F02,1300.0,0.0,255.63
F02,1325.0,0.0,255.63
F02,1350.0,0.0,255.63
F02,1375.0,0.0,255.63
F02,1400.0,0.0,255.63
F02,1425.0,0.0,255.63
F02,1450.0,0.0,255.63
F02,1475.0,0.0,255.63
F02,1500.0,0.0,255.63
F02,1525.0,0.0,255.63
F02,1550.0,0.0,255.63
F03,0.0,0.0,31.14
F03,25.0,0.0,31.14
F03,50.0,0.0,31.14
F03,75.0,0.0,31.14
F03,100.0,0.0,31.14
F03,125.0,0.0,31.14
F03,150.0,0.0,31.14
F03,175.0,0.0,31.14
F03,200.0,0.0,31.14
F03,225.0,0.0,31.14
F03,250.0,0.0,31.14
F03,275.0,0.0,31.14
F03,300.0,0.0,31.14
F03,325.0,0.0,31.14
F03,350.0,0.0,31.14
F03,375.0,0.0,31.14
F03,400.0,0.0,31.14
F03,425.0,0.0,31.14
F03,450.0,0.0,31.14
F03,475.0,0.0,31.14
F03,500.0,0.0,31.14
F03,525.0,0.0,31.14
F03,550.0,0.0,31.14
F03,575.0,0.0,31.14
F03,600.0,0.0,31.14
F03,625.0,0.0,31.14
F03,650.0,0.0,31.14
F03,675.0,0.0,31.14
F03,700.0,0.0,31.14
F03,725.0,0.0,31.14
F03,750.0,0.0,31.14
F03,775.0,0.0,31.14
F03,800.0,0.0,31.14
F03,825.0,0.0,31.14
F03,850.0,0.0,31.14
F03,875.0,0.0,31.14
F03,900.0,0.0,31.14
F03,925.0,0.0,31.14
F03,950.0,0.0,31.14
F03,975.0,0.0,31.14
F03,1000.0,0.0,31.14
F03,1025.0,0.0,31.14
F03,1050.0,0.0,31.14
F03,1075.0,0.0,31.14
F03,1100.0,0.0,31.14
F03,1125.0,0.0,31.14
F03,1150.0,0.0,31.14
F03,1175.0,0.0,31.14
F03,1200.0,0.0,31.14
F03,1225.0,0.0,31.14
F03,1250.0,0.0,31.14
F03,1275.0,0.0,31.14
F03,1300.0,0.0,31.14
F03,1325.0,0.0,31.14
F03,1350.0,0.0,31.14
F03,1375.0,0.0,31.14
F03,1400.0,0.0,31.14
F03,1425.0,0.0,31.14
F03,1450.0,0.0,31.14
F03,1475.0,0.0,31.14
F03,1500.0,0.0,31.14
F03,1525.0,0.0,31.14
F04,0.0,0.0,347.09
F04,25.0,0.0,347.09
F04,50.0,0.0,347.09
F04,75.0,0.0,347.09
F04,100.0,0.0,347.09
F04,125.0,0.0,347.09
F04,150.0,0.0,347.09
F04,175.0,0.0,347.09
F04,200.0,0.0,347.09
F04,225.0,0.0,347.09
F04,250.0,0.0,347.09
F04,275.0,0.0,347.09
F04,300.0,0.0,347.09
F04,325.0,0.0,347.09
F04,350.0,0.0,347.09
F04,375.0,0.0,347.09
F04,400.0,0.0,347.09
F04,425.0,0.0,347.09
F04,450.0,0.0,347.09
F04,475.0,0.0,347.09
F04,500.0,0.0,347.09
F04,525.0,0.0,347.09
F04,550.0,0.0,347.09
F04,575.0,0.0,347.09
F04,600.0,0.0,347.09
F04,625.0,0.0,347.09
F04,650.0,0.0,347.09
F04,675.0,0.0,347.09
F04,700.0,0.0,347.09
F04,725.0,0.0,347.09
F04,750.0,0.0,347.09
F04,775.0,0.0,347.09
F04,800.0,0.0,347.09
F04,825.0,0.0,347.09
F04,850.0,0.0,347.09
F04,875.0,0.0,347.09
F04,900.0,0.0,347.09
F04,925.0,0.0,347.09
F04,950.0,0.0,347.09
F04,975.0,0.0,347.09
F04,1000.0,0.0,347.09
F04,1025.0,0.0,347.09
F04,1050.0,0.0,347.09
F04,1075.0,0.0,347.09
F04,1100.0,0.0,347.09
F04,1125.0,0.0,347.09
F04,1150.0,0.0,347.09
F04,1175.0,0.0,347.09
F04,1200.0,0.0,347.09
F04,1225.0,0.0,347.09
F04,1250.0,0.0,347.09
F04,1275.0,0.0,347.09
F04,1300.0,0.0,347.09
F04,1325.0,0.0,347.09
F04,1350.0,0.0,347.09
F04,1375.0,0.0,347.09
F04,1400.0,0.0,347.09
F04,1425.0,0.0,347.09
F04,1450.0,0.0,347.09
F04,1475.0,0.0,347.09
F04,1500.0,0.0,347.09
F04,1525.0,0.0,347.09
F04,1550.0,0.0,347.09
F05,0.0,0.0,233.53
F05,25.0,0.0,233.53
F05,50.0,0.0,233.53
F05,75.0,0.0,233.53
F05,100.0,0.0,233.53
F05,125.0,0.0,233.53
F05,150.0,0.0,233.53
F05,175.0,0.0,233.53
F05,200.0,0.0,233.53
F05,225.0,0.0,233.53
F05,250.0,0.0,233.53
F05,275.0,0.0,233.53
F05,300.0,0.0,233.53
F05,325.0,0.0,233.53
F05,350.0,0.0,233.53
F05,375.0,0.0,233.53
F05,400.0,0.0,233.53
F05,425.0,0.0,233.53
F05,450.0,0.0,233.53
F05,475.0,0.0,233.53
F05,500.0,0.0,233.53
F05,525.0,0.0,233.53
F05,550.0,0.0,233.53
F05,575.0,0.0,233.53
F05,600.0,0.0,233.53
F05,625.0,0.0,233.53
F05,650.0,0.0,233.53
F05,675.0,0.0,233.53
F05,700.0,0.0,233.53
F05,725.0,0.0,233.53
F05,750.0,0.0,233.53
F05,775.0,0.0,233.53
F05,800.0,0.0,233.53
F05,825.0,0.0,233.53
F05,850.0,0.0,233.53
F05,875.0,0.0,233.53
F05,900.0,0.0,233.53
F05,925.0,0.0,233.53
F05,950.0,0.0,233.53
F05,975.0,0.0,233.53
F05,1000.0,0.0,233.53
F05,1025.0,0.0,233.53
F05,1050.0,0.0,233.53
F05,1075.0,0.0,233.53
F05,1100.0,0.0,233.53
F05,1125.0,0.0,233.53
F05,1150.0,0.0,233.53
F05,1175.0,0.0,233.53
F05,1200.0,0.0,233.53
F05,1225.0,1.5,233.53
F05,1250.0,3.0,233.53
F05,1275.0,4.5,233.53
F05,1300.0,6.0,233.53
F05,1325.0,7.5,233.53
F05,1350.0,9.0,233.53
F05,1375.0,10.5,233.53
F05,1400.0,12.0,233.53
F05,1425.0,13.5,233.53
F05,1450.0,15.0,233.53
F05,1475.0,16.5,233.53
F05,1500.0,18.0,233.53
F05,1525.0,19.5,233.53
F05,1550.0,21.0,233.53
F06,0.0,0.0,237.27
F06,25.0,0.0,237.27
F06,50.0,0.0,237.27
F06,75.0,0.0,237.27
F06,100.0,0.0,237.27
F06,125.0,0.0,237.27
F06,150.0,0.0,237.27
F06,175.0,0.0,237.27
F06,200.0,0.0,237.27
F06,225.0,0.0,237.27
F06,250.0,0.0,237.27
F06,275.0,0.0,237.27
F06,300.0,0.0,237.27
F06,325.0,0.0,237.27
F06,350.0,0.0,237.27
F06,375.0,0.0,237.27
F06,400.0,0.0,237.27
F06,425.0,0.0,237.27
F06,450.0,0.0,237.27
F06,475.0,0.0,237.27
F06,500.0,0.0,237.27
F06,525.0,0.0,237.27
F06,550.0,0.0,237.27
F06,575.0,0.0,237.27
F06,600.0,0.0,237.27
F06,625.0,0.0,237.27
F06,650.0,0.0,237.27
F06,675.0,0.0,237.27
F06,700.0,0.0,237.27
F06,725.0,0.0,237.27
F06,750.0,0.0,237.27
F06,775.0,0.0,237.27
F06,800.0,0.0,237.27
F06,825.0,0.0,237.27
F06,850.0,0.0,237.27
F06,875.0,0.0,237.27
F06,900.0,0.0,237.27
F06,925.0,0.0,237.27
F06,950.0,0.0,237.27
F06,975.0,0.0,237.27
F06,1000.0,0.0,237.27
F06,1025.0,0.0,237.27
F06,1050.0,0.0,237.27
F06,1075.0,0.0,237.27
F06,1100.0,0.0,237.27
F06,1125.0,0.0,237.27
F06,1150.0,0.0,237.27
F06,1175.0,0.0,237.27
F06,1200.0,0.0,237.27
F06,1225.0,0.0,237.27
F06,1250.0,0.0,237.27
F06,1275.0,0.0,237.27
F06,1300.0,0.0,237.27
F06,1325.0,0.0,237.27
F06,1350.0,0.0,237.27
F06,1375.0,0.0,237.27
F06,1400.0,0.0,237.27
F06,1425.0,0.0,237.27
F06,1450.0,0.0,237.27
F06,1475.0,0.0,237.27
F06,1500.0,0.0,237.27
F06,1525.0,0.0,237.27
F06,1550.0,0.0,237.27
F07,0.0,0.0,298.9
F07,25.0,0.0,298.9
F07,50.0,0.0,298.9
F07,75.0,0.0,298.9
F07,100.0,0.0,298.9
F07,125.0,0.0,298.9
F07,150.0,0.0,298.9
F07,175.0,0.0,298.9
F07,200.0,0.0,298.9
F07,225.0,0.0,298.9
F07,250.0,0.0,298.9
F07,275.0,0.0,298.9
F07,300.0,0.0,298.9
F07,325.0,0.0,298.9
F07,350.0,0.0,298.9
F07,375.0,0.0,298.9
F07,400.0,0.0,298.9
F07,425.0,0.0,298.9
F07,450.0,0.0,298.9
F07,475.0,0.0,298.9
F07,500.0,0.0,298.9
F07,525.0,0.0,298.9
F07,550.0,0.0,298.9
F07,575.0,0.0,298.9
F07,600.0,0.0,298.9
F07,625.0,0.0,298.9
F07,650.0,0.0,298.9
F07,675.0,0.0,298.9
F07,700.0,0.0,298.9
F07,725.0,0.0,298.9
F07,750.0,0.0,298.9
F07,775.0,0.0,298.9
F07,800.0,0.0,298.9
F07,825.0,0.0,298.9
F07,850.0,0.0,298.9
F07,875.0,0.0,298.9
F07,900.0,0.0,298.9
F07,925.0,0.0,298.9
F07,950.0,0.0,298.9
F07,975.0,0.0,298.9
F07,1000.0,0.0,298.9
F07,1025.0,0.0,298.9
F07,1050.0,0.0,298.9
F07,1075.0,0.0,298.9
F07,1100.0,0.0,298.9
F07,1125.0,0.0,298.9
F07,1150.0,0.0,298.9
F07,1175.0,0.0,298.9
F07,1200.0,0.0,298.9
F07,1225.0,0.0,298.9
F07,1250.0,0.0,298.9
F07,1275.0,0.0,298.9
F07,1300.0,0.0,298.9
F07,1325.0,0.0,298.9
F07,1350.0,0.0,298.9
F07,1375.0,0.0,298.9
F07,1400.0,0.0,298.9
F07,1425.0,0.0,298.9
F07,1450.0,0.0,298.9
F07,1475.0,0.0,298.9
F07,1500.0,0.0,298.9
F07,1525.0,0.0,298.9
F07,1550.0,0.0,298.9
F08,0.0,0.0,191.0
F08,25.0,0.0,191.0
F08,50.0,0.0,191.0
F08,75.0,0.0,191.0
F08,100.0,0.0,191.0
F08,125.0,0.0,191.0
F08,150.0,0.0,191.0
F08,175.0,0.0,191.0
F08,200.0,0.0,191.0
F08,225.0,0.0,191.0
F08,250.0,0.0,191.0
F08,275.0,0.0,191.0
F08,300.0,0.0,191.0
F08,325.0,0.0,191.0
F08,350.0,0.0,191.0
F08,375.0,0.0,191.0
F08,400.0,0.0,191.0
F08,425.0,0.0,191.0
F08,450.0,0.0,191.0
F08,475.0,0.0,191.0
F08,500.0,0.0,191.0
F08,525.0,0.0,191.0
F08,550.0,0.0,191.0
F08,575.0,0.0,191.0
F08,600.0,0.0,191.0
F08,625.0,0.0,191.0
F08,650.0,0.0,191.0
F08,675.0,0.0,191.0
F08,700.0,0.0,191.0
F08,725.0,0.0,191.0
F08,750.0,0.0,191.0
F08,775.0,0.0,191.0
F08,800.0,0.0,191.0
F08,825.0,0.0,191.0
F08,850.0,0.0,191.0
F08,875.0,0.0,191.0
F08,900.0,0.0,191.0
F08,925.0,0.0,191.0
F08,950.0,0.0,191.0
F08,975.0,0.0,191.0
F08,1000.0,0.0,191.0
F08,1025.0,0.0,191.0
F08,1050.0,0.0,191.0
F08,1075.0,0.0,191.0
F08,1100.0,0.0,191.0
F08,1125.0,0.0,191.0
F08,1150.0,0.0,191.0
F08,1175.0,0.0,191.0
F08,1200.0,0.0,191.0
F08,1225.0,0.0,191.0
F08,1250.0,0.0,191.0
F08,1275.0,0.0,191.0
F08,1300.0,0.0,191.0
F08,1325.0,0.0,191.0
F08,1350.0,0.0,191.0
F08,1375.0,0.0,191.0
F08,1400.0,0.0,191.0
F08,1425.0,0.0,191.0
F08,1450.0,0.0,191.0
F08,1475.0,0.0,191.0
F08,1500.0,0.0,191.0
F08,1525.0,0.0,191.0
F08,1550.0,0.0,191.0
F09,0.0,0.0,143.97
F09,25.0,0.0,143.97
F09,50.0,0.0,143.97
F09,75.0,0.0,143.97
F09,100.0,0.0,143.97
F09,125.0,0.0,143.97
F09,150.0,0.0,143.97
F09,175.0,0.0,143.97
F09,200.0,0.0,143.97
F09,225.0,0.0,143.97
F09,250.0,0.0,143.97
F09,275.0,0.0,143.97
F09,300.0,0.0,143.97
F09,325.0,0.0,143.97
F09,350.0,0.0,143.97
F09,375.0,0.0,143.97
F09,400.0,0.0,143.97
F09,425.0,0.0,143.97
F09,450.0,0.0,143.97
F09,475.0,0.0,143.97
F09,500.0,0.0,143.97
F09,525.0,0.0,143.97
F09,550.0,0.0,143.97
F09,575.0,0.0,143.97
F09,600.0,0.0,143.97
F09,625.0,0.0,143.97
F09,650.0,0.0,143.97
F09,675.0,0.0,143.97
F09,700.0,0.0,143.97
F09,725.0,0.0,143.97
F09,750.0,0.0,143.97
F09,775.0,0.0,143.97
F09,800.0,0.0,143.97
F09,825.0,0.0,143.97
F09,850.0,0.0,143.97
F09,875.0,0.0,143.97
F09,900.0,0.0,143.97
F09,925.0,0.0,143.97
F09,950.0,0.0,143.97
F09,975.0,0.0,143.97
F09,1000.0,0.0,143.97
F09,1025.0,0.0,143.97
F09,1050.0,0.0,143.97
F09,1075.0,0.0,143.97
F09,1100.0,0.0,143.97
F09,1125.0,0.0,143.97
F09,1150.0,0.0,143.97
F09,1175.0,0.0,143.97
F09,1200.0,0.0,143.97
F09,1225.0,1.5,143.97
F09,1250.0,3.0,143.97
F09,1275.0,4.5,143.97
F09,1300.0,6.0,143.97
F09,1325.0,7.5,143.97
F09,1350.0,9.0,143.97
F09,1375.0,10.5,143.97
F09,1400.0,12.0,143.97
F09,1425.0,13.5,143.97
F09,1450.0,15.0,143.97
F09,1475.0,16.5,143.97
F09,1500.0,18.0,143.97
F09,1525.0,19.5,143.97
F09,1550.0,21.0,143.97
F10,0.0,0.0,42.63
F10,25.0,0.0,42.63
F10,50.0,0.0,42.63
F10,75.0,0.0,42.63
F10,100.0,0.0,42.63
F10,125.0,0.0,42.63
F10,150.0,0.0,42.63
F10,175.0,0.0,42.63
F10,200.0,0.0,42.63
F10,225.0,0.0,42.63
F10,250.0,0.0,42.63
F10,275.0,0.0,42.63
F10,300.0,0.0,42.63
F10,325.0,0.0,42.63
F10,350.0,0.0,42.63
F10,375.0,0.0,42.63
F10,400.0,0.0,42.63
F10,425.0,0.0,42.63
F10,450.0,0.0,42.63
F10,475.0,0.0,42.63
F10,500.0,0.0,42.63
F10,525.0,0.0,42.63
F10,550.0,0.0,42.63
F10,575.0,0.0,42.63
F10,600.0,0.0,42.63
F10,625.0,0.0,42.63
F10,650.0,0.0,42.63
F10,675.0,0.0,42.63
F10,700.0,0.0,42.63
F10,725.0,0.0,42.63
F10,750.0,0.0,42.63
F10,775.0,0.0,42.63
F10,800.0,0.0,42.63
F10,825.0,0.0,42.63
F10,850.0,0.0,42.63
F10,875.0,0.0,42.63
F10,900.0,0.0,42.63
F10,925.0,0.0,42.63
F10,950.0,0.0,42.63
F10,975.0,0.0,42.63
F10,1000.0,0.0,42.63
F10,1025.0,0.0,42.63
F10,1050.0,0.0,42.63
F10,1075.0,0.0,42.63
F10,1100.0,0.0,42.63
F10,1125.0,0.0,42.63
F10,1150.0,0.0,42.63
F10,1175.0,0.0,42.63
F10,1200.0,0.0,42.63
F10,1225.0,0.0,42.63
F10,1250.0,0.0,42.63
F10,1275.0,0.0,42.63
F10,1300.0,0.0,42.63
F10,1325.0,0.0,42.63
F10,1350.0,0.0,42.63
F10,1375.0,0.0,42.63
F10,1400.0,0.0,42.63
F10,1425.0,0.0,42.63
F10,1450.0,0.0,42.63
F10,1475.0,0.0,42.63
F10,1500.0,0.0,42.63
F10,1525.0,0.0,42.63
F11,0.0,0.0,344.2
F11,25.0,0.0,344.2
F11,50.0,0.0,344.2
F11,75.0,0.0,344.2
F11,100.0,0.0,344.2
F11,125.0,0.0,344.2
F11,150.0,0.0,344.2
F11,175.0,0.0,344.2
F11,200.0,0.0,344.2
F11,225.0,0.0,344.2
F11,250.0,0.0,344.2
F11,275.0,0.0,344.2
F11,300.0,0.0,344.2
F11,325.0,0.0,344.2
F11,350.0,0.0,344.2
F11,375.0,0.0,344.2
F11,400.0,0.0,344.2
F11,425.0,0.0,344.2
F11,450.0,0.0,344.2
F11,475.0,0.0,344.2
F11,500.0,0.0,344.2
F11,525.0,0.0,344.2
F11,550.0,0.0,344.2
F11,575.0,0.0,344.2
F11,600.0,0.0,344.2
F11,625.0,0.0,344.2
F11,650.0,0.0,344.2
F11,675.0,0.0,344.2
F11,700.0,0.0,344.2
F11,725.0,0.0,344.2
F11,750.0,0.0,344.2
F11,775.0,0.0,344.2
F11,800.0,0.0,344.2
F11,825.0,0.0,344.2
F11,850.0,0.0,344.2
F11,875.0,0.0,344.2
F11,900.0,0.0,344.2
F11,925.0,0.0,344.2
F11,950.0,0.0,344.2
F11,975.0,0.0,344.2
F11,1000.0,0.0,344.2
F11,1025.0,0.0,344.2
F11,1050.0,0.0,344.2
F11,1075.0,0.0,344.2
F11,1100.0,0.0,344.2
F11,1125.0,0.0,344.2
F11,1150.0,0.0,344.2
F11,1175.0,0.0,344.2
F11,1200.0,0.0,344.2
F11,1225.0,0.0,344.2
F11,1250.0,0.0,344.2
F11,1275.0,0.0,344.2
F11,1300.0,0.0,344.2
F11,1325.0,0.0,344.2
F11,1350.0,0.0,344.2
F11,1375.0,0.0,344.2
F11,1400.0,0.0,344.2
F11,1425.0,0.0,344.2
F11,1450.0,0.0,344.2
F11,1475.0,0.0,344.2
F11,1500.0,0.0,344.2
F11,1525.0,0.0,344.2
F11,1550.0,0.0,344.2
F12,0.0,0.0,319.56
F12,25.0,0.0,319.56
F12,50.0,0.0,319.56
F12,75.0,0.0,319.56
F12,100.0,0.0,319.56
F12,125.0,0.0,319.56
F12,150.0,0.0,319.56
F12,175.0,0.0,319.56
F12,200.0,0.0,319.56
F12,225.0,0.0,319.56
F12,250.0,0.0,319.56
F12,275.0,0.0,319.56
F12,300.0,0.0,319.56
F12,325.0,0.0,319.56
F12,350.0,0.0,319.56
F12,375.0,0.0,319.56
F12,400.0,0.0,319.56
F12,425.0,0.0,319.56
F12,450.0,0.0,319.56
F12,475.0,0.0,319.56
F12,500.0,0.0,319.56
F12,525.0,0.0,319.56
F12,550.0,0.0,319.56
F12,575.0,0.0,319.56
F12,600.0,0.0,319.56
F12,625.0,0.0,319.56
F12,650.0,0.0,319.56
F12,675.0,0.0,319.56
F12,700.0,0.0,319.56
F12,725.0,0.0,319.56
F12,750.0,0.0,319.56
F12,775.0,0.0,319.56
F12,800.0,0.0,319.56
F12,825.0,0.0,319.56
F12,850.0,0.0,319.56
F12,875.0,0.0,319.56
F12,900.0,0.0,319.56
F12,925.0,0.0,319.56
F12,950.0,0.0,319.56
F12,975.0,0.0,319.56
F12,1000.0,0.0,319.56
F12,1025.0,0.0,319.56
F12,1050.0,0.0,319.56
F12,1075.0,0.0,319.56
F12,1100.0,0.0,319.56
F12,1125.0,0.0,319.56
F12,1150.0,0.0,319.56
F12,1175.0,0.0,319.56
F12,1200.0,0.0,319.56
F12,1225.0,0.0,319.56
F12,1250.0,0.0,319.56
F12,1275.0,0.0,319.56
F12,1300.0,0.0,319.56
F12,1325.0,0.0,319.56
F12,1350.0,0.0,319.56
F12,1375.0,0.0,319.56
F12,1400.0,0.0,319.56
F12,1425.0,0.0,319.56
F12,1450.0,0.0,319.56
F12,1475.0,0.0,319.56
F12,1500.0,0.0,319.56
F12,1525.0,0.0,319.56
F13,0.0,0.0,329.76
F13,25.0,0.0,329.76
F13,50.0,0.0,329.76
F13,75.0,0.0,329.76
F13,100.0,0.0,329.76
F13,125.0,0.0,329.76
F13,150.0,0.0,329.76
F13,175.0,0.0,329.76
F13,200.0,0.0,329.76
F13,225.0,0.0,329.76
F13,250.0,0.0,329.76
F13,275.0,0.0,329.76
F13,300.0,0.0,329.76
F13,325.0,0.0,329.76
F13,350.0,0.0,329.76
F13,375.0,0.0,329.76
F13,400.0,0.0,329.76
F13,425.0,0.0,329.76
F13,450.0,0.0,329.76
F13,475.0,0.0,329.76
F13,500.0,0.0,329.76
F13,525.0,0.0,329.76
F13,550.0,0.0,329.76
F13,575.0,0.0,329.76
F13,600.0,0.0,329.76
F13,625.0,0.0,329.76
F13,650.0,0.0,329.76
F13,675.0,0.0,329.76
F13,700.0,0.0,329.76
F13,725.0,0.0,329.76
F13,750.0,0.0,329.76
F13,775.0,0.0,329.76
F13,800.0,0.0,329.76
F13,825.0,0.0,329.76
F13,850.0,0.0,329.76
F13,875.0,0.0,329.76
F13,900.0,0.0,329.76
F13,925.0,0.0,329.76
F13,950.0,0.0,329.76
F13,975.0,0.0,329.76
F13,1000.0,0.0,329.76
F13,1025.0,0.0,329.76
F13,1050.0,0.0,329.76
F13,1075.0,0.0,329.76
F13,1100.0,0.0,329.76
F13,1125.0,0.0,329.76
F13,1150.0,0.0,329.76
F13,1175.0,0.0,329.76
F13,1200.0,0.0,329.76
F13,1225.0,1.5,329.76
F13,1250.0,3.0,329.76
F13,1275.0,4.5,329.76
F13,1300.0,6.0,329.76
F13,1325.0,7.5,329.76
F13,1350.0,9.0,329.76
F13,1375.0,10.5,329.76
F13,1400.0,12.0,329.76
F13,1425.0,13.5,329.76
F13,1450.0,15.0,329.76
F13,1475.0,16.5,329.76
F13,1500.0,18.0,329.76
F13,1525.0,19.5,329.76
F13,1550.0,21.0,329.76
F14,0.0,0.0,218.53
F14,25.0,0.0,218.53
F14,50.0,0.0,218.53
F14,75.0,0.0,218.53
F14,100.0,0.0,218.53
F14,125.0,0.0,218.53
F14,150.0,0.0,218.53
F14,175.0,0.0,218.53
F14,200.0,0.0,218.53
F14,225.0,0.0,218.53
F14,250.0,0.0,218.53
F14,275.0,0.0,218.53
F14,300.0,0.0,218.53
F14,325.0,0.0,218.53
F14,350.0,0.0,218.53
F14,375.0,0.0,218.53
F14,400.0,0.0,218.53
F14,425.0,0.0,218.53
F14,450.0,0.0,218.53
F14,475.0,0.0,218.53
F14,500.0,0.0,218.53
F14,525.0,0.0,218.53
F14,550.0,0.0,218.53
F14,575.0,0.0,218.53
F14,600.0,0.0,218.53
F14,625.0,0.0,218.53
F14,650.0,0.0,218.53
F14,675.0,0.0,218.53
F14,700.0,0.0,218.53
F14,725.0,0.0,218.53
F14,750.0,0.0,218.53
F14,775.0,0.0,218.53
F14,800.0,0.0,218.53
F14,825.0,0.0,218.53
F14,850.0,0.0,218.53
F14,875.0,0.0,218.53
F14,900.0,0.0,218.53
F14,925.0,0.0,218.53
F14,950.0,0.0,218.53
F14,975.0,0.0,218.53
F14,1000.0,0.0,218.53
F14,1025.0,0.0,218.53
F14,1050.0,0.0,218.53
F14,1075.0,0.0,218.53
F14,1100.0,0.0,218.53
F14,1125.0,0.0,218.53
F14,1150.0,0.0,218.53
F14,1175.0,0.0,218.53
F14,1200.0,0.0,218.53
F14,1225.0,0.0,218.53
F14,1250.0,0.0,218.53
F14,1275.0,0.0,218.53
F14,1300.0,0.0,218.53
F14,1325.0,0.0,218.53
F14,1350.0,0.0,218.53
F14,1375.0,0.0,218.53
F14,1400.0,0.0,218.53
F14,1425.0,0.0,218.53
F14,1450.0,0.0,218.53
F14,1475.0,0.0,218.53
F14,1500.0,0.0,218.53
F14,1525.0,0.0,218.53
F14,1550.0,0.0,218.53
F15,0.0,0.0,203.34
F15,25.0,0.0,203.34
F15,50.0,0.0,203.34
F15,75.0,0.0,203.34
F15,100.0,0.0,203.34
F15,125.0,0.0,203.34
F15,150.0,0.0,203.34
F15,175.0,0.0,203.34
F15,200.0,0.0,203.34
F15,225.0,0.0,203.34
F15,250.0,0.0,203.34
F15,275.0,0.0,203.34
F15,300.0,0.0,203.34
F15,325.0,0.0,203.34
F15,350.0,0.0,203.34
F15,375.0,0.0,203.34
F15,400.0,0.0,203.34
F15,425.0,0.0,203.34
F15,450.0,0.0,203.34
F15,475.0,0.0,203.34
F15,500.0,0.0,203.34
F15,525.0,0.0,203.34
F15,550.0,0.0,203.34
F15,575.0,0.0,203.34
F15,600.0,0.0,203.34
F15,625.0,0.0,203.34
F15,650.0,0.0,203.34
F15,675.0,0.0,203.34
F15,700.0,0.0,203.34
F15,725.0,0.0,203.34
F15,750.0,0.0,203.34
F15,775.0,0.0,203.34
F15,800.0,0.0,203.34
F15,825.0,0.0,203.34
F15,850.0,0.0,203.34
F15,875.0,0.0,203.34
F15,900.0,0.0,203.34
F15,925.0,0.0,203.34
F15,950.0,0.0,203.34
F15,975.0,0.0,203.34
F15,1000.0,0.0,203.34
F15,1025.0,0.0,203.34
F15,1050.0,0.0,203.34
F15,1075.0,0.0,203.34
F15,1100.0,0.0,203.34
F15,1125.0,0.0,203.34
F15,1150.0,0.0,203.34
F15,1175.0,0.0,203.34
F15,1200.0,0.0,203.34
F15,1225.0,0.0,203.34
F15,1250.0,0.0,203.34
F15,1275.0,0.0,203.34
F15,1300.0,0.0,203.34
F15,1325.0,0.0,203.34
F15,1350.0,0.0,203.34
F15,1375.0,0.0,203.34
F15,1400.0,0.0,203.34
F15,1425.0,0.0,203.34
F15,1450.0,0.0,203.34
F15,1475.0,0.0,203.34
F15,1500.0,0.0,203.34
F15,1525.0,0.0,203.34
F16,0.0,0.0,326.73
F16,25.0,0.0,326.73
F16,50.0,0.0,326.73
F16,75.0,0.0,326.73
F16,100.0,0.0,326.73
F16,125.0,0.0,326.73
F16,150.0,0.0,326.73
F16,175.0,0.0,326.73
F16,200.0,0.0,326.73
F16,225.0,0.0,326.73
F16,250.0,0.0,326.73
F16,275.0,0.0,326.73
F16,300.0,0.0,326.73
F16,325.0,0.0,326.73
F16,350.0,0.0,326.73
F16,375.0,0.0,326.73
F16,400.0,0.0,326.73
F16,425.0,0.0,326.73
F16,450.0,0.0,326.73
F16,475.0,0.0,326.73
F16,500.0,0.0,326.73
F16,525.0,0.0,326.73
F16,550.0,0.0,326.73
F16,575.0,0.0,326.73
F16,600.0,0.0,326.73
F16,625.0,0.0,326.73
F16,650.0,0.0,326.73
F16,675.0,0.0,326.73
F16,700.0,0.0,326.73
F16,725.0,0.0,326.73
F16,750.0,0.0,326.73
F16,775.0,0.0,326.73
F16,800.0,0.0,326.73
F16,825.0,0.0,326.73
F16,850.0,0.0,326.73
F16,875.0,0.0,326.73
F16,900.0,0.0,326.73
F16,925.0,0.0,326.73
F16,950.0,0.0,326.73
F16,975.0,0.0,326.73
F16,1000.0,0.0,326.73
F16,1025.0,0.0,326.73
F16,1050.0,0.0,326.73
F16,1075.0,0.0,326.73
F16,1100.0,0.0,326.73
F16,1125.0,0.0,326.73
F16,1150.0,0.0,326.73
F16,1175.0,0.0,326.73
F16,1200.0,0.0,326.73
F16,1225.0,0.0,326.73
F16,1250.0,0.0,326.73
F16,1275.0,0.0,326.73
F16,1300.0,0.0,326.73
F16,1325.0,0.0,326.73
F16,1350.0,0.0,326.73
F16,1375.0,0.0,326.73
F16,1400.0,0.0,326.73
F16,1425.0,0.0,326.73
F16,1450.0,0.0,326.73
F16,1475.0,0.0,326.73
F16,1500.0,0.0,326.73
F16,1525.0,0.0,326.73
F16,1550.0,0.0,326.73
F17,0.0,0.0,216.14
F17,25.0,0.0,216.14
F17,50.0,0.0,216.14
F17,75.0,0.0,216.14
F17,100.0,0.0,216.14
F17,125.0,0.0,216.14
F17,150.0,0.0,216.14
F17,175.0,0.0,216.14
F17,200.0,0.0,216.14
F17,225.0,0.0,216.14
F17,250.0,0.0,216.14
F17,275.0,0.0,216.14
F17,300.0,0.0,216.14
F17,325.0,0.0,216.14
F17,350.0,0.0,216.14
F17,375.0,0.0,216.14
F17,400.0,0.0,216.14
F17,425.0,0.0,216.14
F17,450.0,0.0,216.14
F17,475.0,0.0,216.14
F17,500.0,0.0,216.14
F17,525.0,0.0,216.14
F17,550.0,0.0,216.14
F17,575.0,0.0,216.14
F17,600.0,0.0,216.14
F17,625.0,0.0,216.14
F17,650.0,0.0,216.14
F17,675.0,0.0,216.14
F17,700.0,0.0,216.14
F17,725.0,0.0,216.14
F17,750.0,0.0,216.14
F17,775.0,0.0,216.14
F17,800.0,0.0,216.14
F17,825.0,0.0,216.14
F17,850.0,0.0,216.14
F17,875.0,0.0,216.14
F17,900.0,0.0,216.14
F17,925.0,0.0,216.14
F17,950.0,0.0,216.14
F17,975.0,0.0,216.14
F17,1000.0,0.0,216.14
F17,1025.0,0.0,216.14
F17,1050.0,0.0,216.14
F17,1075.0,0.0,216.14
F17,1100.0,0.0,216.14
F17,1125.0,0.0,216.14
F17,1150.0,0.0,216.14
F17,1175.0,0.0,216.14
F17,1200.0,0.0,216.14
F17,1225.0,1.5,216.14
F17,1250.0,3.0,216.14
F17,1275.0,4.5,216.14
F17,1300.0,6.0,216.14
F17,1325.0,7.5,216.14
F17,1350.0,9.0,216.14
F17,1375.0,10.5,216.14
F17,1400.0,12.0,216.14
F17,1425.0,13.4,216.14
F17,1450.0,13.4,216.14
F17,1475.0,13.4,216.14
F17,1500.0,13.4,216.14
F17,1525.0,13.4,216.14
F17,1550.0,13.4,216.14
F18,0.0,0.0,33.15
F18,25.0,0.0,33.15
F18,50.0,0.0,33.15
F18,75.0,0.0,33.15
F18,100.0,0.0,33.15
F18,125.0,0.0,33.15
F18,150.0,0.0,33.15
F18,175.0,0.0,33.15
F18,200.0,0.0,33.15
F18,225.0,0.0,33.15
F18,250.0,0.0,33.15
F18,275.0,0.0,33.15
F18,300.0,0.0,33.15
F18,325.0,0.0,33.15
F18,350.0,0.0,33.15
F18,375.0,0.0,33.15
F18,400.0,0.0,33.15
F18,425.0,0.0,33.15
F18,450.0,0.0,33.15
F18,475.0,0.0,33.15
F18,500.0,0.0,33.15
F18,525.0,0.0,33.15
F18,550.0,0.0,33.15
F18,575.0,0.0,33.15
F18,600.0,0.0,33.15
F18,625.0,0.0,33.15
F18,650.0,0.0,33.15
F18,675.0,0.0,33.15
F18,700.0,0.0,33.15
F18,725.0,0.0,33.15
F18,750.0,0.0,33.15
F18,775.0,0.0,33.15
F18,800.0,0.0,33.15
F18,825.0,0.0,33.15
F18,850.0,0.0,33.15
F18,875.0,0.0,33.15
F18,900.0,0.0,33.15
F18,925.0,0.0,33.15
F18,950.0,0.0,33.15
F18,975.0,0.0,33.15
F18,1000.0,0.0,33.15
F18,1025.0,0.0,33.15
F18,1050.0,0.0,33.15
F18,1075.0,0.0,33.15
F18,1100.0,0.0,33.15
F18,1125.0,0.0,33.15
F18,1150.0,0.0,33.15
F18,1175.0,0.0,33.15
F18,1200.0,0.0,33.15
F18,1225.0,0.0,33.15
F18,1250.0,0.0,33.15
F18,1275.0,0.0,33.15
F18,1300.0,0.0,33.15
F18,1325.0,0.0,33.15
F18,1350.0,0.0,33.15
F18,1375.0,0.0,33.15
F18,1400.0,0.0,33.15
F18,1425.0,0.0,33.15
F18,1450.0,0.0,33.15
F18,1475.0,0.0,33.15
F18,1500.0,0.0,33.15
F18,1525.0,0.0,33.15
F18,1550.0,0.0,33.15
F19,0.0,0.0,60.45
F19,25.0,0.0,60.45
F19,50.0,0.0,60.45
F19,75.0,0.0,60.45
F19,100.0,0.0,60.45
F19,125.0,0.0,60.45
F19,150.0,0.0,60.45
F19,175.0,0.0,60.45
F19,200.0,0.0,60.45
F19,225.0,0.0,60.45
F19,250.0,0.0,60.45
F19,275.0,0.0,60.45
F19,300.0,0.0,60.45
F19,325.0,0.0,60.45
F19,350.0,0.0,60.45
F19,375.0,0.0,60.45
F19,400.0,0.0,60.45
F19,425.0,0.0,60.45
F19,450.0,0.0,60.45
F19,475.0,0.0,60.45
F19,500.0,0.0,60.45
F19,525.0,0.0,60.45
F19,550.0,0.0,60.45
F19,575.0,0.0,60.45
F19,600.0,0.0,60.45
F19,625.0,0.0,60.45
F19,650.0,0.0,60.45
F19,675.0,0.0,60.45
F19,700.0,0.0,60.45
F19,725.0,0.0,60.45
F19,750.0,0.0,60.45
F19,775.0,0.0,60.45
F19,800.0,0.0,60.45
F19,825.0,0.0,60.45
F19,850.0,0.0,60.45
F19,875.0,0.0,60.45
F19,900.0,0.0,60.45
F19,925.0,0.0,60.45
F19,950.0,0.0,60.45
F19,975.0,0.0,60.45
F19,1000.0,0.0,60.45
F19,1025.0,0.0,60.45
F19,1050.0,0.0,60.45
F19,1075.0,0.0,60.45
F19,1100.0,0.0,60.45
F19,1125.0,0.0,60.45
F19,1150.0,0.0,60.45
F19,1175.0,0.0,60.45
F19,1200.0,0.0,60.45
F19,1225.0,0.0,60.45
F19,1250.0,0.0,60.45
F19,1275.0,0.0,60.45
F19,1300.0,0.0,60.45
F19,1325.0,0.0,60.45
F19,1350.0,0.0,60.45
F19,1375.0,0.0,60.45
F19,1400.0,0.0,60.45
F19,1425.0,0.0,60.45
F19,1450.0,0.0,60.45
F19,1475.0,0.0,60.45
F19,1500.0,0.0,60.45
F19,1525.0,0.0,60.45
F19,1550.0,0.0,60.45
F20,0.0,0.0,109.63
F20,25.0,0.0,109.63
F20,50.0,0.0,109.63
F20,75.0,0.0,109.63
F20,100.0,0.0,109.63
F20,125.0,0.0,109.63
F20,150.0,0.0,109.63
F20,175.0,0.0,109.63
F20,200.0,0.0,109.63
F20,225.0,0.0,109.63
F20,250.0,0.0,109.63
F20,275.0,0.0,109.63
F20,300.0,0.0,109.63
F20,325.0,0.0,109.63
F20,350.0,0.0,109.63
F20,375.0,0.0,109.63
F20,400.0,0.0,109.63
F20,425.0,0.0,109.63
F20,450.0,0.0,109.63
F20,475.0,0.0,109.63
F20,500.0,0.0,109.63
F20,525.0,0.0,109.63
F20,550.0,0.0,109.63
F20,575.0,0.0,109.63
F20,600.0,0.0,109.63
F20,625.0,0.0,109.63
F20,650.0,0.0,109.63
F20,675.0,0.0,109.63
F20,700.0,0.0,109.63
F20,725.0,0.0,109.63
F20,750.0,0.0,109.63
F20,775.0,0.0,109.63
F20,800.0,0.0,109.63
F20,825.0,0.0,109.63
F20,850.0,0.0,109.63
F20,875.0,0.0,109.63
F20,900.0,0.0,109.63
F20,925.0,0.0,109.63
F20,950.0,0.0,109.63
F20,975.0,0.0,109.63
F20,1000.0,0.0,109.63
F20,1025.0,0.0,109.63
F20,1050.0,0.0,109.63
F20,1075.0,0.0,109.63
F20,1100.0,0.0,109.63
F20,1125.0,0.0,109.63
F20,1150.0,0.0,109.63
F20,1175.0,0.0,109.63
F20,1200.0,0.0,109.63
F20,1225.0,0.0,109.63
F20,1250.0,0.0,109.63
F20,1275.0,0.0,109.63
F20,1300.0,0.0,109.63
F20,1325.0,0.0,109.63
F20,1350.0,0.0,109.63
F20,1375.0,0.0,109.63
F20,1400.0,0.0,109.63
F20,1425.0,0.0,109.63
F20,1450.0,0.0,109.63
F20,1475.0,0.0,109.63
F20,1500.0,0.0,109.63
F20,1525.0,0.0,109.63
F20,1550.0,0.0,109.63
F21,0.0,0.0,129.12
F21,25.0,0.0,129.12
F21,50.0,0.0,129.12
F21,75.0,0.0,129.12
F21,100.0,0.0,129.12
F21,125.0,0.0,129.12
F21,150.0,0.0,129.12
F21,175.0,0.0,129.12
F21,200.0,0.0,129.12
F21,225.0,0.0,129.12
F21,250.0,0.0,129.12
F21,275.0,0.0,129.12
F21,300.0,0.0,129.12
F21,325.0,0.0,129.12
F21,350.0,0.0,129.12
F21,375.0,0.0,129.12
F21,400.0,0.0,129.12
F21,425.0,0.0,129.12
F21,450.0,0.0,129.12
F21,475.0,0.0,129.12
F21,500.0,0.0,129.12
F21,525.0,0.0,129.12
F21,550.0,0.0,129.12
F21,575.0,0.0,129.12
F21,600.0,0.0,129.12
F21,625.0,0.0,129.12
F21,650.0,0.0,129.12
F21,675.0,0.0,129.12
F21,700.0,0.0,129.12
F21,725.0,0.0,129.12
F21,750.0,0.0,129.12
F21,775.0,0.0,129.12
F21,800.0,0.0,129.12
F21,825.0,0.0,129.12
F21,850.0,0.0,129.12
F21,875.0,0.0,129.12
F21,900.0,0.0,129.12
F21,925.0,0.0,129.12
F21,950.0,0.0,129.12
F21,975.0,0.0,129.12
F21,1000.0,0.0,129.12
F21,1025.0,0.0,129.12
F21,1050.0,0.0,129.12
F21,1075.0,0.0,129.12
F21,1100.0,0.0,129.12
F21,1125.0,0.0,129.12
F21,1150.0,0.0,129.12
F21,1175.0,0.0,129.12
F21,1200.0,0.0,129.12
F21,1225.0,1.5,129.12
F21,1250.0,3.0,129.12
F21,1275.0,4.5,129.12
F21,1300.0,6.0,129.12
F21,1325.0,7.5,129.12
F21,1350.0,9.0,129.12
F21,1375.0,10.5,129.12
F21,1400.0,12.0,129.12
F21,1425.0,13.5,129.12
F21,1450.0,15.0,129.12
F21,1475.0,15.93,129.12
F21,1500.0,15.93,129.12
F21,1525.0,15.93,129.12
F22,0.0,0.0,218.97
F22,25.0,0.0,218.97
F22,50.0,0.0,218.97
F22,75.0,0.0,218.97
F22,100.0,0.0,218.97
F22,125.0,0.0,218.97
F22,150.0,0.0,218.97
F22,175.0,0.0,218.97
F22,200.0,0.0,218.97
F22,225.0,0.0,218.97
F22,250.0,0.0,218.97
F22,275.0,0.0,218.97
F22,300.0,0.0,218.97
F22,325.0,0.0,218.97
F22,350.0,0.0,218.97
F22,375.0,0.0,218.97
F22,400.0,0.0,218.97
F22,425.0,0.0,218.97
F22,450.0,0.0,218.97
F22,475.0,0.0,218.97
F22,500.0,0.0,218.97
F22,525.0,0.0,218.97
F22,550.0,0.0,218.97
F22,575.0,0.0,218.97
F22,600.0,0.0,218.97
F22,625.0,0.0,218.97
F22,650.0,0.0,218.97
F22,675.0,0.0,218.97
F22,700.0,0.0,218.97
F22,725.0,0.0,218.97
F22,750.0,0.0,218.97
F22,775.0,0.0,218.97
F22,800.0,0.0,218.97
F22,825.0,0.0,218.97
F22,850.0,0.0,218.97
F22,875.0,0.0,218.97
F22,900.0,0.0,218.97
F22,925.0,0.0,218.97
F22,950.0,0.0,218.97
F22,975.0,0.0,218.97
F22,1000.0,0.0,218.97
F22,1025.0,0.0,218.97
F22,1050.0,0.0,218.97
F22,1075.0,0.0,218.97
F22,1100.0,0.0,218.97
F22,1125.0,0.0,218.97
F22,1150.0,0.0,218.97
F22,1175.0,0.0,218.97
F22,1200.0,0.0,218.97
F22,1225.0,0.0,218.97
F22,1250.0,0.0,218.97
F22,1275.0,0.0,218.97
F22,1300.0,0.0,218.97
F22,1325.0,0.0,218.97
F22,1350.0,0.0,218.97
F22,1375.0,0.0,218.97
F22,1400.0,0.0,218.97
F22,1425.0,0.0,218.97
F22,1450.0,0.0,218.97
F22,1475.0,0.0,218.97
F22,1500.0,0.0,218.97
F22,1525.0,0.0,218.97
F22,1550.0,0.0,218.97
F23,0.0,0.0,314.46
F23,25.0,0.0,314.46
F23,50.0,0.0,314.46
F23,75.0,0.0,314.46
F23,100.0,0.0,314.46
F23,125.0,0.0,314.46
F23,150.0,0.0,314.46
F23,175.0,0.0,314.46
F23,200.0,0.0,314.46
F23,225.0,0.0,314.46
F23,250.0,0.0,314.46
F23,275.0,0.0,314.46
F23,300.0,0.0,314.46
F23,325.0,0.0,314.46
F23,350.0,0.0,314.46
F23,375.0,0.0,314.46
F23,400.0,0.0,314.46
F23,425.0,0.0,314.46
F23,450.0,0.0,314.46
F23,475.0,0.0,314.46
F23,500.0,0.0,314.46
F23,525.0,0.0,314.46
F23,550.0,0.0,314.46
F23,575.0,0.0,314.46
F23,600.0,0.0,314.46
F23,625.0,0.0,314.46
F23,650.0,0.0,314.46
F23,675.0,0.0,314.46
F23,700.0,0.0,314.46
F23,725.0,0.0,314.46
F23,750.0,0.0,314.46
F23,775.0,0.0,314.46
F23,800.0,0.0,314.46
F23,825.0,0.0,314.46
F23,850.0,0.0,314.46
F23,875.0,0.0,314.46
F23,900.0,0.0,314.46
F23,925.0,0.0,314.46
F23,950.0,0.0,314.46
F23,975.0,0.0,314.46
F23,1000.0,0.0,314.46
F23,1025.0,0.0,314.46
F23,1050.0,0.0,314.46
F23,1075.0,0.0,314.46
F23,1100.0,0.0,314.46
F23,1125.0,0.0,314.46
F23,1150.0,0.0,314.46
F23,1175.0,0.0,314.46
F23,1200.0,0.0,314.46
F23,1225.0,0.0,314.46
F23,1250.0,0.0,314.46
F23,1275.0,0.0,314.46
F23,1300.0,0.0,314.46
F23,1325.0,0.0,314.46
F23,1350.0,0.0,314.46
F23,1375.0,0.0,314.46
F23,1400.0,0.0,314.46
F23,1425.0,0.0,314.46
F23,1450.0,0.0,314.46
F23,1475.0,0.0,314.46
F23,1500.0,0.0,314.46
F23,1525.0,0.0,314.46
F23,1550.0,0.0,314.46
F24,0.0,0.0,263.94
F24,25.0,0.0,263.94
F24,50.0,0.0,263.94
F24,75.0,0.0,263.94
F24,100.0,0.0,263.94
F24,125.0,0.0,263.94
F24,150.0,0.0,263.94
F24,175.0,0.0,263.94
F24,200.0,0.0,263.94
F24,225.0,0.0,263.94
F24,250.0,0.0,263.94
F24,275.0,0.0,263.94
F24,300.0,0.0,263.94
F24,325.0,0.0,263.94
F24,350.0,0.0,263.94
F24,375.0,0.0,263.94
F24,400.0,0.0,263.94
F24,425.0,0.0,263.94
F24,450.0,0.0,263.94
F24,475.0,0.0,263.94
F24,500.0,0.0,263.94
F24,525.0,0.0,263.94
F24,550.0,0.0,263.94
F24,575.0,0.0,263.94
F24,600.0,0.0,263.94
F24,625.0,0.0,263.94
F24,650.0,0.0,263.94
F24,675.0,0.0,263.94
F24,700.0,0.0,263.94
F24,725.0,0.0,263.94
F24,750.0,0.0,263.94
F24,775.0,0.0,263.94
F24,800.0,0.0,263.94
F24,825.0,0.0,263.94
F24,850.0,0.0,263.94
F24,875.0,0.0,263.94
F24,900.0,0.0,263.94
F24,925.0,0.0,263.94
F24,950.0,0.0,263.94
F24,975.0,0.0,263.94
F24,1000.0,0.0,263.94
F24,1025.0,0.0,263.94
F24,1050.0,0.0,263.94
F24,1075.0,0.0,263.94
F24,1100.0,0.0,263.94
F24,1125.0,0.0,263.94
F24,1150.0,0.0,263.94
F24,1175.0,0.0,263.94
F24,1200.0,0.0,263.94
F24,1225.0,0.0,263.94
F24,1250.0,0.0,263.94
F24,1275.0,0.0,263.94
F24,1300.0,0.0,263.94
F24,1325.0,0.0,263.94
F24,1350.0,0.0,263.94
F24,1375.0,0.0,263.94
F24,1400.0,0.0,263.94
F24,1425.0,0.0,263.94
F24,1450.0,0.0,263.94
F24,1475.0,0.0,263.94
F24,1500.0,0.0,263.94
F24,1525.0,0.0,263.94
F25,0.0,0.0,281.93
F25,25.0,0.0,281.93
F25,50.0,0.0,281.93
F25,75.0,0.0,281.93
F25,100.0,0.0,281.93
F25,125.0,0.0,281.93
F25,150.0,0.0,281.93
F25,175.0,0.0,281.93
F25,200.0,0.0,281.93
F25,225.0,0.0,281.93
F25,250.0,0.0,281.93
F25,275.0,0.0,281.93
F25,300.0,0.0,281.93
F25,325.0,0.0,281.93
F25,350.0,0.0,281.93
F25,375.0,0.0,281.93
F25,400.0,0.0,281.93
F25,425.0,0.0,281.93
F25,450.0,0.0,281.93
F25,475.0,0.0,281.93
F25,500.0,0.0,281.93
F25,525.0,0.0,281.93
F25,550.0,0.0,281.93
F25,575.0,0.0,281.93
F25,600.0,0.0,281.93
F25,625.0,0.0,281.93
F25,650.0,0.0,281.93
F25,675.0,0.0,281.93
F25,700.0,0.0,281.93
F25,725.0,0.0,281.93
F25,750.0,0.0,281.93
F25,775.0,0.0,281.93
F25,800.0,0.0,281.93
F25,825.0,0.0,281.93
F25,850.0,0.0,281.93
F25,875.0,0.0,281.93
F25,900.0,0.0,281.93
F25,925.0,0.0,281.93
F25,950.0,0.0,281.93
F25,975.0,0.0,281.93
F25,1000.0,0.0,281.93
F25,1025.0,0.0,281.93
F25,1050.0,0.0,281.93
F25,1075.0,0.0,281.93
F25,1100.0,0.0,281.93
F25,1125.0,0.0,281.93
F25,1150.0,0.0,281.93
F25,1175.0,0.0,281.93
F25,1200.0,0.0,281.93
F25,1225.0,1.5,281.93
F25,1250.0,3.0,281.93
F25,1275.0,4.5,281.93
F25,1300.0,6.0,281.93
F25,1325.0,7.5,281.93
F25,1350.0,9.0,281.93
F25,1375.0,10.5,281.93
F25,1400.0,12.0,281.93
F25,1425.0,13.5,281.93
F25,1450.0,15.0,281.93
F25,1475.0,16.5,281.93
F25,1500.0,18.0,281.93
F25,1525.0,19.5,281.93
F25,1550.0,19.73,281.93
F26,0.0,0.0,119.59
F26,25.0,0.0,119.59
F26,50.0,0.0,119.59
F26,75.0,0.0,119.59
F26,100.0,0.0,119.59
F26,125.0,0.0,119.59
F26,150.0,0.0,119.59
F26,175.0,0.0,119.59
F26,200.0,0.0,119.59
F26,225.0,0.0,119.59
F26,250.0,0.0,119.59
F26,275.0,0.0,119.59
F26,300.0,0.0,119.59
F26,325.0,0.0,119.59
F26,350.0,0.0,119.59
F26,375.0,0.0,119.59
F26,400.0,0.0,119.59
F26,425.0,0.0,119.59
F26,450.0,0.0,119.59
F26,475.0,0.0,119.59
F26,500.0,0.0,119.59
F26,525.0,0.0,119.59
F26,550.0,0.0,119.59
F26,575.0,0.0,119.59
F26,600.0,0.0,119.59
F26,625.0,0.0,119.59
F26,650.0,0.0,119.59
F26,675.0,0.0,119.59
F26,700.0,0.0,119.59
F26,725.0,0.0,119.59
F26,750.0,0.0,119.59
F26,775.0,0.0,119.59
F26,800.0,0.0,119.59
F26,825.0,0.0,119.59
F26,850.0,0.0,119.59
F26,875.0,0.0,119.59
F26,900.0,0.0,119.59
F26,925.0,0.0,119.59
F26,950.0,0.0,119.59
F26,975.0,0.0,119.59
F26,1000.0,0.0,119.59
F26,1025.0,0.0,119.59
F26,1050.0,0.0,119.59
F26,1075.0,0.0,119.59
F26,1100.0,0.0,119.59
F26,1125.0,0.0,119.59
F26,1150.0,0.0,119.59
F26,1175.0,0.0,119.59
F26,1200.0,0.0,119.59
F26,1225.0,0.0,119.59
F26,1250.0,0.0,119.59
F26,1275.0,0.0,119.59
F26,1300.0,0.0,119.59
F26,1325.0,0.0,119.59
F26,1350.0,0.0,119.59
F26,1375.0,0.0,119.59
F26,1400.0,0.0,119.59
F26,1425.0,0.0,119.59
F26,1450.0,0.0,119.59
F26,1475.0,0.0,119.59
F26,1500.0,0.0,119.59
F26,1525.0,0.0,119.59
F26,1550.0,0.0,119.59
F27,0.0,0.0,101.31
F27,25.0,0.0,101.31
F27,50.0,0.0,101.31
F27,75.0,0.0,101.31
F27,100.0,0.0,101.31
F27,125.0,0.0,101.31
F27,150.0,0.0,101.31
F27,175.0,0.0,101.31
F27,200.0,0.0,101.31
F27,225.0,0.0,101.31
F27,250.0,0.0,101.31
F27,275.0,0.0,101.31
F27,300.0,0.0,101.31
F27,325.0,0.0,101.31
F27,350.0,0.0,101.31
F27,375.0,0.0,101.31
F27,400.0,0.0,101.31
F27,425.0,0.0,101.31
F27,450.0,0.0,101.31
F27,475.0,0.0,101.31
F27,500.0,0.0,101.31
F27,525.0,0.0,101.31
F27,550.0,0.0,101.31
F27,575.0,0.0,101.31
F27,600.0,0.0,101.31
F27,625.0,0.0,101.31
F27,650.0,0.0,101.31
F27,675.0,0.0,101.31
F27,700.0,0.0,101.31
F27,725.0,0.0,101.31
F27,750.0,0.0,101.31
F27,775.0,0.0,101.31
F27,800.0,0.0,101.31
F27,825.0,0.0,101.31
F27,850.0,0.0,101.31
F27,875.0,0.0,101.31
F27,900.0,0.0,101.31
F27,925.0,0.0,101.31
F27,950.0,0.0,101.31
F27,975.0,0.0,101.31
F27,1000.0,0.0,101.31
F27,1025.0,0.0,101.31
F27,1050.0,0.0,101.31
F27,1075.0,0.0,101.31
F27,1100.0,0.0,101.31
F27,1125.0,0.0,101.31
F27,1150.0,0.0,101.31
F27,1175.0,0.0,101.31
F27,1200.0,0.0,101.31
F27,1225.0,0.0,101.31
F27,1250.0,0.0,101.31
F27,1275.0,0.0,101.31
F27,1300.0,0.0,101.31
F27,1325.0,0.0,101.31
F27,1350.0,0.0,101.31
F27,1375.0,0.0,101.31
F27,1400.0,0.0,101.31
F27,1425.0,0.0,101.31
F27,1450.0,0.0,101.31
F27,1475.0,0.0,101.31
F27,1500.0,0.0,101.31
F27,1525.0,0.0,101.31
F27,1550.0,0.0,101.31
F28,0.0,0.0,273.56
F28,25.0,0.0,273.56
F28,50.0,0.0,273.56
F28,75.0,0.0,273.56
F28,100.0,0.0,273.56
F28,125.0,0.0,273.56
F28,150.0,0.0,273.56
F28,175.0,0.0,273.56
F28,200.0,0.0,273.56
F28,225.0,0.0,273.56
F28,250.0,0.0,273.56
F28,275.0,0.0,273.56
F28,300.0,0.0,273.56
F28,325.0,0.0,273.56
F28,350.0,0.0,273.56
F28,375.0,0.0,273.56
F28,400.0,0.0,273.56
F28,425.0,0.0,273.56
F28,450.0,0.0,273.56
F28,475.0,0.0,273.56
F28,500.0,0.0,273.56
F28,525.0,0.0,273.56
F28,550.0,0.0,273.56
F28,575.0,0.0,273.56
F28,600.0,0.0,273.56
F28,625.0,0.0,273.56
F28,650.0,0.0,273.56
F28,675.0,0.0,273.56
F28,700.0,0.0,273.56
F28,725.0,0.0,273.56
F28,750.0,0.0,273.56
F28,775.0,0.0,273.56
F28,800.0,0.0,273.56
F28,825.0,0.0,273.56
F28,850.0,0.0,273.56
F28,875.0,0.0,273.56
F28,900.0,0.0,273.56
F28,925.0,0.0,273.56
F28,950.0,0.0,273.56
F28,975.0,0.0,273.56
F28,1000.0,0.0,273.56
F28,1025.0,0.0,273.56
F28,1050.0,0.0,273.56
F28,1075.0,0.0,273.56
F28,1100.0,0.0,273.56
F28,1125.0,0.0,273.56
F28,1150.0,0.0,273.56
F28,1175.0,0.0,273.56
F28,1200.0,0.0,273.56
F28,1225.0,0.0,273.56
F28,1250.0,0.0,273.56
F28,1275.0,0.0,273.56
F28,1300.0,0.0,273.56
F28,1325.0,0.0,273.56
F28,1350.0,0.0,273.56
F28,1375.0,0.0,273.56
F28,1400.0,0.0,273.56
F28,1425.0,0.0,273.56
F28,1450.0,0.0,273.56
F28,1475.0,0.0,273.56
F28,1500.0,0.0,273.56
F28,1525.0,0.0,273.56
F28,1550.0,0.0,273.56
F29,0.0,0.0,356.8
F29,25.0,0.0,356.8
F29,50.0,0.0,356.8
F29,75.0,0.0,356.8
F29,100.0,0.0,356.8
F29,125.0,0.0,356.8
F29,150.0,0.0,356.8
F29,175.0,0.0,356.8
F29,200.0,0.0,356.8
F29,225.0,0.0,356.8
F29,250.0,0.0,356.8
F29,275.0,0.0,356.8
F29,300.0,0.0,356.8
F29,325.0,0.0,356.8
F29,350.0,0.0,356.8
F29,375.0,0.0,356.8
F29,400.0,0.0,356.8
F29,425.0,0.0,356.8
F29,450.0,0.0,356.8
F29,475.0,0.0,356.8
F29,500.0,0.0,356.8
F29,525.0,0.0,356.8
F29,550.0,0.0,356.8
F29,575.0,0.0,356.8
F29,600.0,0.0,356.8
F29,625.0,0.0,356.8
F29,650.0,0.0,356.8
F29,675.0,0.0,356.8
F29,700.0,0.0,356.8
F29,725.0,0.0,356.8
F29,750.0,0.0,356.8
F29,775.0,0.0,356.8
F29,800.0,0.0,356.8
F29,825.0,0.0,356.8
F29,850.0,0.0,356.8
F29,875.0,0.0,356.8
F29,900.0,0.0,356.8
F29,925.0,0.0,356.8
F29,950.0,0.0,356.8
F29,975.0,0.0,356.8
F29,1000.0,0.0,356.8
F29,1025.0,0.0,356.8
F29,1050.0,0.0,356.8
F29,1075.0,0.0,356.8
F29,1100.0,0.0,356.8
F29,1125.0,0.0,356.8
F29,1150.0,0.0,356.8
F29,1175.0,0.0,356.8
F29,1200.0,0.0,356.8
F29,1225.0,1.5,356.8
F29,1250.0,3.0,356.8
F29,1275.0,4.5,356.8
F29,1300.0,6.0,356.8
F29,1325.0,7.5,356.8
F29,1350.0,9.0,356.8
F29,1375.0,9.47,356.8
F29,1400.0,9.47,356.8
F29,1425.0,9.47,356.8
F29,1450.0,9.47,356.8
F29,1475.0,9.47,356.8
F29,1500.0,9.47,356.8
F29,1525.0,9.47,356.8
F29,1550.0,9.47,356.8
F30,0.0,0.0,326.86
F30,25.0,0.0,326.86
F30,50.0,0.0,326.86
F30,75.0,0.0,326.86
F30,100.0,0.0,326.86
F30,125.0,0.0,326.86
F30,150.0,0.0,326.86
F30,175.0,0.0,326.86
F30,200.0,0.0,326.86
F30,225.0,0.0,326.86
F30,250.0,0.0,326.86
F30,275.0,0.0,326.86
F30,300.0,0.0,326.86
F30,325.0,0.0,326.86
F30,350.0,0.0,326.86
F30,375.0,0.0,326.86
F30,400.0,0.0,326.86
F30,425.0,0.0,326.86
F30,450.0,0.0,326.86
F30,475.0,0.0,326.86
F30,500.0,0.0,326.86
F30,525.0,0.0,326.86
F30,550.0,0.0,326.86
F30,575.0,0.0,326.86
F30,600.0,0.0,326.86
F30,625.0,0.0,326.86
F30,650.0,0.0,326.86
F30,675.0,0.0,326.86
F30,700.0,0.0,326.86
F30,725.0,0.0,326.86
F30,750.0,0.0,326.86
F30,775.0,0.0,326.86
F30,800.0,0.0,326.86
F30,825.0,0.0,326.86
F30,850.0,0.0,326.86
F30,875.0,0.0,326.86
F30,900.0,0.0,326.86
F30,925.0,0.0,326.86
F30,950.0,0.0,326.86
F30,975.0,0.0,326.86
F30,1000.0,0.0,326.86
F30,1025.0,0.0,326.86
F30,1050.0,0.0,326.86
F30,1075.0,0.0,326.86
F30,1100.0,0.0,326.86
F30,1125.0,0.0,326.86
F30,1150.0,0.0,326.86
F30,1175.0,0.0,326.86
F30,1200.0,0.0,326.86
F30,1225.0,0.0,326.86
F30,1250.0,0.0,326.86
F30,1275.0,0.0,326.86
F30,1300.0,0.0,326.86
F30,1325.0,0.0,326.86
F30,1350.0,0.0,326.86
F30,1375.0,0.0,326.86
F30,1400.0,0.0,326.86
F30,1425.0,0.0,326.86
F30,1450.0,0.0,326.86
F30,1475.0,0.0,326.86
F30,1500.0,0.0,326.86
F30,1525.0,0.0,326.86
F30,1550.0,0.0,326.86
