ID,X,Y,CU_PPM,ZN_PPM,AU_PPB,AS_PPM,AU_BDL,AS_BDL
1,3900.1,7702.9,23.0,31.0,2.0,5.0,1,0
2,3952.6,7699.5,21.0,53.0,2.0,12.0,1,0
3,4055.1,7697.6,65.0,91.0,2.0,23.0,1,0
4,4102.2,7697.4,54.0,,3.3,24.0,0,0
5,4156.4,7691.7,54.0,108.0,3.0,16.0,0,0
6,4198.0,7698.5,51.0,,2.2,25.0,0,0
7,4252.1,7700.2,35.0,,2.0,9.0,1,0
8,4300.7,7690.9,39.0,,2.0,20.0,1,0
9,4358.0,7700.8,61.0,33.0,6.4,20.0,0,0
10,4397.5,7705.6,79.0,51.0,20.6,10.0,0,0
11,4445.6,7701.4,137.0,124.0,8.5,79.0,0,0
12,4504.0,7703.1,58.0,73.0,14.2,11.0,0,0
13,4551.0,7699.7,70.0,61.0,7.4,11.0,0,0
14,4596.0,7701.4,76.0,45.0,18.2,40.0,0,0
15,4644.9,7704.3,82.0,65.0,4.1,55.0,0,0
16,4703.5,7700.2,124.0,32.0,43.0,49.0,0,0
17,4742.4,7702.7,131.0,,22.4,20.0,0,0
18,4802.7,7695.8,140.0,21.0,5.6,21.0,0,0
19,4848.5,7700.7,200.0,73.0,28.2,18.0,0,0
20,4946.8,7698.0,191.0,127.0,43.2,26.0,0,0
21,4996.2,7707.2,160.0,104.0,21.1,9.0,0,0
22,5057.4,7691.9,135.0,64.0,9.1,14.0,0,0
23,5098.5,7706.3,177.0,40.0,7.5,28.0,0,0
24,5205.1,7701.9,281.0,110.0,14.4,13.0,0,0
25,5251.3,7705.6,183.0,,20.9,23.0,0,0
26,5301.9,7693.5,68.0,55.0,2.0,5.0,1,1
27,5350.7,7693.0,209.0,70.0,5.0,20.0,0,0
28,5403.4,7701.4,65.0,44.0,2.7,8.0,0,0
29,5449.5,7701.2,50.0,38.0,4.1,9.0,0,0
30,5493.2,7698.0,82.0,70.0,4.6,9.0,0,0
31,5547.7,7700.4,39.0,52.0,2.0,6.0,1,0
32,5599.2,7700.7,48.0,,3.2,5.0,0,1
33,5650.9,7694.5,48.0,48.0,2.0,5.0,1,1
34,5695.1,7704.5,54.0,88.0,5.7,6.0,0,0
35,5746.6,7699.4,64.0,47.0,6.8,8.0,0,0
36,5803.2,7698.7,55.0,67.0,2.2,5.0,0,0
37,5858.7,7696.3,68.0,95.0,9.2,16.0,0,0
38,5897.6,7691.9,43.0,125.0,2.0,12.0,1,0
39,5953.4,7698.5,52.0,127.0,6.5,12.0,0,0
40,6002.5,7702.1,23.0,69.0,2.0,5.0,1,0
41,6059.8,7702.2,52.0,76.0,2.0,11.0,1,0
42,6098.4,7698.2,36.0,85.0,5.3,5.0,0,1
43,6153.2,7692.4,33.0,110.0,2.0,10.0,1,0
44,6198.0,7693.9,22.0,79.0,2.0,10.0,1,0
45,6246.1,7704.8,26.0,138.0,2.1,5.0,0,1
46,6296.4,7698.2,44.0,199.0,5.5,29.0,0,0
47,6353.4,7693.8,33.0,48.0,5.4,21.0,0,0
48,6400.5,7695.2,19.0,,2.0,24.0,1,0
49,6450.8,7698.2,24.0,71.0,2.0,17.0,1,0
50,6504.0,7699.7,36.0,94.0,2.9,26.0,0,0
51,6551.9,7705.8,26.0,81.0,2.0,8.0,1,0
52,6652.9,7703.7,27.0,131.0,2.0,7.0,1,0
53,6697.2,7700.9,36.0,83.0,2.0,5.0,1,0
54,6750.6,7703.0,38.0,,2.0,7.0,0,0
55,6804.6,7704.1,29.0,91.0,2.0,7.0,1,0
56,6852.6,7697.9,30.0,,2.8,5.0,0,0
57,6898.2,7702.1,41.0,102.0,15.4,5.0,0,1
58,6945.5,7698.7,28.0,77.0,2.5,5.0,0,1
59,6999.7,7701.9,31.0,,2.0,11.0,1,0
60,7052.4,7695.4,19.0,,2.0,9.0,1,0
61,7102.7,7692.5,31.0,101.0,2.2,16.0,0,0
62,7147.5,7703.7,27.0,82.0,2.0,14.0,1,0
63,7198.9,7701.8,29.0,125.0,2.0,15.0,1,0
64,7260.0,7699.2,22.0,,2.0,6.0,1,0
65,7299.3,7691.7,42.0,,2.0,47.0,1,0
66,7351.4,7705.7,39.0,129.0,2.0,22.0,1,0
67,7400.9,7700.4,47.0,72.0,2.0,14.0,0,0
68,7461.9,7700.7,49.0,137.0,2.0,15.0,0,0
69,7500.7,7700.5,54.0,101.0,2.0,20.0,1,0
70,7546.0,7703.1,43.0,,2.6,7.0,0,0
71,7605.2,7704.4,55.0,,2.0,5.0,1,0
72,7653.4,7697.1,38.0,47.0,2.0,6.0,1,0
73,7698.2,7711.3,38.0,108.0,2.8,5.0,0,0
74,7799.9,7694.0,56.0,67.0,3.2,27.0,0,0
75,7845.1,7694.2,50.0,,3.1,8.0,0,0
76,7895.3,7699.2,62.0,77.0,6.5,6.0,0,0
77,7952.9,7700.5,76.0,137.0,6.5,6.0,0,0
78,8003.1,7698.4,50.0,111.0,3.4,5.0,0,1
79,3194.2,8498.5,34.0,45.0,2.0,5.0,1,0
80,3249.8,8508.3,33.0,84.0,2.0,5.0,1,0
81,3305.3,8499.2,46.0,75.0,2.7,5.0,0,0
82,3353.5,8500.5,44.0,,5.4,8.0,0,0
83,3398.8,8498.6,26.0,193.0,2.0,5.0,1,1
84,3442.9,8506.3,33.0,121.0,2.0,5.0,1,0
85,3500.5,8495.2,40.0,,2.0,18.0,1,0
86,3548.2,8497.6,39.0,105.0,2.4,10.0,0,0
87,3599.3,8498.0,31.0,117.0,2.9,14.0,0,0
88,3656.5,8493.2,21.0,,2.0,5.0,1,1
89,3704.2,8499.4,31.0,,2.0,5.0,1,0
90,3753.9,8497.9,30.0,,3.8,5.0,0,1
91,3796.0,8500.8,24.0,123.0,2.7,5.0,0,0
92,3858.5,8495.1,20.0,73.0,2.0,5.0,1,1
93,4008.3,8500.3,21.0,,6.4,5.0,0,1
94,4053.3,8501.0,45.0,107.0,3.1,5.0,0,1
95,4102.3,8498.1,37.0,145.0,2.0,5.0,1,1
96,4147.1,8505.1,54.0,202.0,8.0,9.0,0,0
97,4200.3,8502.4,31.0,93.0,2.0,6.0,1,0
98,4245.6,8503.9,28.0,110.0,2.0,6.0,1,0
99,4305.5,8500.8,26.0,,2.0,5.0,1,1
100,4343.7,8503.2,25.0,94.0,2.4,9.0,0,0
101,4393.5,8502.4,25.0,59.0,2.0,9.0,1,0
102,4453.5,8494.9,40.0,76.0,2.0,5.0,1,0
103,4497.2,8494.4,43.0,73.0,4.2,16.0,0,0
104,4546.5,8494.2,43.0,66.0,2.0,8.0,1,0
105,4593.2,8492.9,44.0,42.0,2.0,11.0,1,0
106,4652.6,8500.7,29.0,,2.0,5.0,1,1
107,4704.4,8498.6,47.0,107.0,4.8,5.0,0,0
108,4755.5,8494.8,54.0,,4.8,5.0,0,1
109,4799.6,8498.8,49.0,123.0,2.0,6.0,1,0
110,4845.2,8496.3,65.0,,5.7,7.0,0,0
111,4946.8,8501.4,42.0,159.0,5.9,5.0,0,1
112,5001.1,8499.0,67.0,161.0,6.2,10.0,0,0
113,5046.9,8498.5,62.0,80.0,7.1,9.0,0,0
114,5103.0,8500.6,69.0,66.0,2.0,12.0,1,0
115,5148.4,8498.7,89.0,87.0,9.1,9.0,0,0
116,5207.1,8498.4,62.0,61.0,5.1,7.0,0,0
117,5248.9,8502.6,132.0,,8.0,6.0,0,0
118,5298.2,8494.3,98.0,,20.9,16.0,0,0
119,5346.8,8498.3,119.0,114.0,5.7,11.0,0,0
120,5399.7,8499.0,107.0,52.0,8.1,8.0,0,0
121,5446.1,8500.3,76.0,151.0,5.3,6.0,0,0
122,5558.5,8495.7,73.0,44.0,2.0,10.0,1,0
123,5606.3,8505.6,94.0,46.0,11.7,12.0,0,0
124,5655.0,8503.9,91.0,47.0,9.6,5.0,0,1
125,5695.5,8497.4,73.0,52.0,3.2,5.0,0,1
126,5752.6,8496.4,77.0,63.0,2.0,5.0,1,1
127,5803.1,8495.8,78.0,47.0,8.4,5.0,0,1
128,5845.1,8500.4,90.0,54.0,5.4,5.0,0,1
129,5898.0,8501.5,80.0,128.0,5.6,7.0,0,0
130,5947.7,8493.7,50.0,50.0,5.3,5.0,0,1
131,6001.9,8495.1,31.0,43.0,3.4,5.0,0,1
132,6048.5,8504.9,73.0,72.0,2.8,7.0,0,0
133,6148.7,8500.2,54.0,,4.5,7.0,0,0
134,6203.6,8505.5,45.0,,2.2,6.0,0,0
135,6248.9,8497.8,46.0,58.0,15.5,11.0,0,0
136,6353.7,8493.0,28.0,30.0,2.0,5.0,1,0
137,6394.0,8491.2,58.0,44.0,5.5,10.0,0,0
138,6449.5,8503.1,29.0,44.0,2.0,6.0,1,0
139,6498.6,8495.3,45.0,46.0,4.0,8.0,0,0
140,6549.4,8500.0,46.0,67.0,2.8,7.0,0,0
141,6602.6,8500.1,27.0,47.0,2.0,8.0,1,0
142,6645.9,8500.7,23.0,76.0,2.0,8.0,1,0
143,6750.7,8500.2,17.0,30.0,2.0,5.0,1,0
144,6799.8,8489.7,15.0,77.0,2.0,6.0,1,0
145,6853.7,8496.3,23.0,31.0,2.0,6.0,1,0
146,6898.9,8491.6,13.0,29.0,2.0,5.0,1,1
147,6945.3,8493.1,26.0,98.0,4.0,15.0,0,0
148,6998.8,8502.0,18.0,104.0,2.0,5.0,1,1
149,7050.1,8500.5,35.0,112.0,7.9,7.0,0,0
150,7101.0,8503.1,40.0,58.0,2.0,5.0,1,1
151,7196.2,8502.1,31.0,65.0,3.4,5.0,0,1
152,7290.2,8497.9,60.0,,5.8,10.0,0,0
153,7395.3,8503.1,25.0,24.0,2.5,5.0,0,0
154,7499.2,8498.2,26.0,42.0,2.0,19.0,1,0
155,7554.0,8495.8,27.0,34.0,2.0,5.0,1,0
156,7605.2,8504.8,27.0,,2.0,17.0,0,0
157,7697.1,8496.8,29.0,61.0,2.0,5.0,1,0
158,7752.1,8501.2,43.0,49.0,5.2,5.0,0,0
159,7804.7,8498.8,45.0,52.0,2.0,14.0,1,0
160,7852.6,8495.0,45.0,42.0,2.0,6.0,1,0
161,7995.4,8498.7,67.0,117.0,3.3,24.0,0,0
162,8050.2,8504.3,96.0,,6.2,52.0,0,0
163,8103.6,8500.6,50.0,,6.7,18.0,0,0
164,8139.6,8508.2,105.0,102.0,29.4,63.0,0,0
165,8206.3,8502.3,54.0,,5.3,27.0,0,0
166,8253.3,8500.8,80.0,93.0,6.7,71.0,0,0
167,8348.0,8507.8,54.0,88.0,10.1,16.0,0,0
168,8395.1,8501.4,45.0,,3.3,29.0,0,0
169,8442.2,8502.2,40.0,169.0,7.4,13.0,0,0
170,8502.2,8495.1,25.0,,2.5,15.0,0,0
171,8557.0,8501.0,38.0,103.0,8.6,18.0,0,0
172,8606.3,8503.2,24.0,,2.0,12.0,1,0
173,8705.4,8493.0,75.0,102.0,5.3,72.0,0,0
174,8758.3,8504.1,54.0,134.0,7.1,11.0,0,0
175,8799.9,8498.4,32.0,127.0,2.0,6.0,1,0
176,8855.1,8492.6,58.0,128.0,2.0,27.0,1,0
177,8903.2,8491.9,56.0,212.0,3.8,33.0,0,0
178,3047.9,8701.7,27.0,,3.2,5.0,0,1
179,3101.1,8698.0,44.0,45.0,2.0,5.0,1,0
180,3150.8,8701.1,33.0,81.0,2.0,9.0,1,0
181,3205.5,8697.0,78.0,95.0,13.2,10.0,0,0
182,3250.6,8693.8,36.0,83.0,3.3,6.0,0,0
183,3303.4,8694.9,30.0,166.0,2.0,6.0,1,0
184,3349.2,8702.1,63.0,249.0,18.6,24.0,0,0
185,3399.7,8696.3,75.0,285.0,2.9,9.0,0,0
186,3446.1,8703.3,48.0,,4.2,5.0,0,1
187,3503.4,8696.5,35.0,,5.2,5.0,0,0
188,3558.0,8697.4,72.0,297.0,5.6,19.0,0,0
189,3599.5,8701.9,62.0,118.0,2.0,9.0,0,0
190,3651.5,8700.7,19.0,90.0,2.0,9.0,1,0
191,3696.1,8702.1,24.0,,2.0,5.0,1,1
192,3745.8,8696.5,26.0,68.0,2.1,5.0,0,1
193,3794.7,8697.4,29.0,126.0,2.0,5.0,1,1
194,3849.4,8699.9,19.0,,2.0,5.0,0,1
195,3897.8,8702.5,18.0,,2.0,5.0,1,0
196,3951.9,8701.0,20.0,152.0,2.0,5.0,1,1
197,3999.5,8690.4,18.0,107.0,2.0,5.0,1,1
198,4052.8,8696.2,40.0,114.0,2.0,7.0,1,0
199,4098.1,8699.9,24.0,72.0,2.0,9.0,1,0
200,4151.0,8698.8,25.0,96.0,2.0,9.0,1,0
201,4200.9,8698.7,41.0,112.0,2.0,9.0,1,0
202,4244.4,8697.2,47.0,196.0,2.0,5.0,1,0
203,4295.5,8692.4,30.0,,2.0,15.0,1,0
204,4349.4,8701.8,25.0,129.0,2.0,5.0,1,1
205,4447.9,8701.5,24.0,73.0,7.0,5.0,0,0
206,4493.5,8696.0,29.0,,2.0,5.0,1,1
207,4547.8,8694.0,37.0,165.0,2.0,12.0,1,0
208,4597.7,8692.1,21.0,109.0,2.0,11.0,1,0
209,4645.4,8702.8,20.0,66.0,2.0,5.0,1,1
210,4712.1,8698.3,53.0,75.0,12.9,8.0,0,0
211,4753.6,8695.4,34.0,,6.6,8.0,0,0
212,4798.8,8699.5,51.0,64.0,2.0,8.0,1,0
213,4848.0,8702.3,61.0,,2.5,8.0,0,0
214,4946.2,8698.0,58.0,96.0,3.7,9.0,0,0
215,4999.4,8697.5,65.0,,2.0,11.0,1,0
216,5050.1,8699.7,81.0,86.0,3.1,8.0,0,0
217,5100.8,8698.7,39.0,,2.0,8.0,1,0
218,5152.2,8706.0,72.0,125.0,4.4,25.0,0,0
219,5197.3,8703.1,74.0,112.0,6.0,7.0,0,0
220,5246.7,8699.8,75.0,90.0,2.0,12.0,0,0
221,5344.3,8693.3,167.0,136.0,15.7,25.0,0,0
222,5399.0,8707.5,91.0,79.0,2.4,5.0,0,0
223,5447.0,8695.8,85.0,,4.1,5.0,0,0
224,5501.9,8702.6,79.0,70.0,18.2,6.0,0,0
225,5542.2,8704.8,57.0,64.0,2.0,5.0,1,1
226,5596.1,8691.3,71.0,93.0,9.6,5.0,0,0
227,5649.7,8701.6,79.0,,5.1,10.0,0,0
228,5800.9,8703.4,134.0,85.0,6.3,6.0,0,0
229,5847.9,8697.2,96.0,,4.1,6.0,0,0
230,5897.0,8697.4,77.0,113.0,4.7,6.0,0,0
231,6052.4,8695.4,96.0,95.0,2.8,14.0,0,0
232,6100.0,8698.5,117.0,,2.9,10.0,0,0
233,6153.0,8699.5,79.0,,11.7,11.0,0,0
234,6198.5,8703.7,47.0,54.0,2.0,11.0,1,0
235,6247.1,8699.5,106.0,116.0,8.5,38.0,0,0
236,6304.8,8694.9,39.0,32.0,2.4,5.0,0,1
237,6347.2,8698.6,33.0,33.0,2.0,5.0,1,1
238,6409.9,8702.8,54.0,42.0,2.0,6.0,1,0
239,6455.3,8700.4,45.0,50.0,3.9,6.0,0,0
240,6497.9,8703.0,30.0,,3.1,5.0,0,1
241,6554.6,8698.2,27.0,,2.0,8.0,1,0
242,6651.2,8699.2,42.0,37.0,2.0,15.0,1,0
243,6693.3,8702.5,27.0,46.0,2.0,5.0,1,1
244,6799.2,8693.7,19.0,,2.0,11.0,1,0
245,6852.8,8701.0,17.0,36.0,2.9,5.0,0,1
246,6896.4,8705.1,16.0,21.0,2.0,9.0,1,0
247,6951.7,8699.2,58.0,67.0,4.5,25.0,0,0
248,7009.1,8706.4,19.0,,2.0,5.0,1,0
249,7053.6,8694.2,27.0,,2.0,6.0,1,0
250,7097.8,8698.6,28.0,26.0,2.0,5.0,1,1
251,7146.6,8700.2,23.0,25.0,2.0,9.0,1,0
252,7201.2,8701.7,40.0,22.0,5.4,5.0,0,1
253,7252.3,8694.6,25.0,22.0,10.4,8.0,0,0
254,7301.1,8696.8,31.0,68.0,2.0,5.0,1,0
255,7350.7,8706.7,36.0,67.0,5.6,5.0,0,1
256,7405.0,8698.7,26.0,64.0,2.0,8.0,1,0
257,7450.0,8705.4,46.0,65.0,9.1,11.0,0,0
258,7507.3,8702.1,57.0,45.0,7.1,17.0,0,0
259,7554.2,8701.3,39.0,37.0,5.9,7.0,0,0
260,7602.7,8698.8,25.0,70.0,2.0,5.0,1,1
261,7652.7,8699.9,43.0,81.0,2.6,5.0,0,1
262,7698.1,8694.7,26.0,,2.0,5.0,1,0
263,7748.2,8700.0,34.0,45.0,2.0,5.0,1,1
264,7800.5,8705.4,18.0,41.0,2.0,6.0,1,0
265,7848.6,8700.3,44.0,51.0,3.5,5.0,0,0
266,7897.1,8705.0,36.0,86.0,6.1,22.0,0,0
267,7958.3,8704.5,32.0,65.0,2.0,15.0,1,0
268,7999.7,8698.6,27.0,75.0,2.0,24.0,1,0
269,8047.8,8697.3,47.0,64.0,5.8,44.0,0,0
270,8101.8,8695.9,32.0,86.0,2.0,52.0,1,0
271,8150.3,8698.6,47.0,73.0,8.5,36.0,0,0
272,8204.8,8698.9,81.0,,14.0,100.0,0,0
273,8251.6,8702.7,60.0,84.0,4.5,37.0,0,0
274,8347.0,8700.5,40.0,254.0,3.6,16.0,0,0
275,8396.7,8705.1,59.0,120.0,2.2,14.0,0,0
276,8445.9,8699.7,94.0,161.0,19.4,17.0,0,0
277,8501.5,8694.9,65.0,164.0,3.6,21.0,0,0
278,8546.2,8696.5,35.0,94.0,2.0,18.0,1,0
279,8608.1,8702.1,83.0,149.0,3.7,26.0,0,0
280,8644.9,8700.2,55.0,84.0,2.9,8.0,0,0
281,8704.2,8692.0,21.0,83.0,2.0,5.0,1,0
282,8756.3,8695.9,32.0,68.0,2.6,5.0,0,0
283,8801.0,8696.0,37.0,87.0,2.0,5.0,1,1
284,8848.6,8695.1,64.0,81.0,12.1,5.0,0,0
285,8892.2,8698.2,51.0,,2.0,11.0,1,0
286,8952.1,8699.0,44.0,52.0,2.8,5.0,0,1
287,3007.1,8900.9,27.0,44.0,2.8,5.0,0,1
288,3052.0,8904.5,25.0,67.0,2.0,5.0,1,1
289,3150.0,8896.2,34.0,,2.0,9.0,1,0
290,3202.0,8897.7,26.0,55.0,2.0,24.0,1,0
291,3246.8,8903.0,59.0,97.0,8.6,24.0,0,0
292,3297.0,8903.7,61.0,80.0,2.9,20.0,0,0
293,3348.2,8903.4,82.0,144.0,4.9,19.0,0,0
294,3400.4,8893.7,36.0,86.0,6.7,9.0,0,0
295,3446.0,8901.8,59.0,,2.0,13.0,0,0
296,3499.3,8904.0,35.0,132.0,2.0,6.0,1,0
297,3558.1,8900.1,38.0,,9.7,9.0,0,0
298,3593.2,8901.4,38.0,78.0,2.0,6.0,1,0
299,3654.0,8902.1,39.0,94.0,2.0,22.0,1,0
300,3702.1,8901.1,46.0,,2.4,13.0,0,0
301,3747.0,8900.9,41.0,153.0,6.2,10.0,0,0
302,3798.8,8900.3,48.0,134.0,4.3,33.0,0,0
303,3848.9,8901.7,52.0,176.0,2.0,17.0,1,0
304,3895.2,8903.3,66.0,,4.7,9.0,0,0
305,3958.1,8893.0,37.0,,4.8,6.0,0,0
306,3995.4,8903.9,46.0,290.0,2.0,10.0,1,0
307,4046.9,8899.7,32.0,140.0,2.0,5.0,1,1
308,4099.7,8900.2,18.0,160.0,2.0,5.0,1,1
309,4136.6,8894.6,34.0,116.0,3.9,15.0,0,0
310,4199.8,8907.8,38.0,219.0,2.0,8.0,1,0
311,4254.2,8905.1,23.0,73.0,2.0,5.0,1,1
312,4292.5,8899.4,17.0,36.0,2.0,7.0,1,0
313,4348.9,8907.0,37.0,93.0,2.0,9.0,1,0
314,4401.2,8901.2,34.0,75.0,2.3,6.0,0,0
315,4450.2,8901.6,31.0,48.0,2.0,13.0,1,0
316,4494.2,8900.8,49.0,118.0,2.0,16.0,1,0
317,4547.5,8901.2,69.0,130.0,3.8,5.0,0,1
318,4605.1,8898.8,41.0,51.0,6.0,5.0,0,1
319,4644.2,8902.6,89.0,140.0,4.7,20.0,0,0
320,4695.1,8892.4,22.0,87.0,2.0,5.0,1,1
321,4755.6,8907.6,52.0,119.0,2.5,6.0,0,0
322,4795.9,8899.4,62.0,106.0,2.0,10.0,1,0
323,4859.7,8894.4,34.0,86.0,2.0,28.0,1,0
324,4896.5,8901.3,49.0,75.0,6.6,15.0,0,0
325,5004.4,8903.2,20.0,45.0,2.0,7.0,1,0
326,5048.4,8899.4,55.0,,2.0,25.0,1,0
327,5103.8,8902.1,52.0,,2.0,9.0,1,0
328,5155.2,8907.8,52.0,,2.0,12.0,1,0
329,5200.1,8907.8,58.0,53.0,3.1,13.0,0,0
330,5253.2,8898.4,31.0,50.0,3.1,5.0,0,1
331,5302.2,8897.2,60.0,75.0,2.4,5.0,0,1
332,5352.4,8902.2,61.0,103.0,9.2,9.0,0,0
333,5400.5,8906.7,73.0,74.0,9.9,5.0,0,1
334,5445.9,8903.0,53.0,68.0,2.6,5.0,0,0
335,5499.0,8902.2,91.0,118.0,16.1,5.0,0,0
336,5553.0,8906.6,68.0,49.0,3.1,17.0,0,0
337,5601.3,8905.0,65.0,39.0,5.9,8.0,0,0
338,5654.1,8905.0,71.0,80.0,2.1,10.0,0,0
339,5703.3,8896.4,61.0,61.0,4.4,14.0,0,0
340,5757.1,8902.4,42.0,43.0,2.0,8.0,1,0
341,5804.7,8899.1,115.0,73.0,5.0,7.0,0,0
342,5898.8,8901.6,119.0,,13.3,26.0,0,0
343,5953.7,8902.9,127.0,,7.8,21.0,0,0
344,6004.9,8894.1,108.0,189.0,5.5,6.0,0,0
345,6046.2,8900.0,60.0,75.0,11.2,5.0,0,1
346,6103.9,8904.9,68.0,,2.0,5.0,1,1
347,6152.0,8908.7,94.0,122.0,6.4,14.0,0,0
348,6196.2,8903.2,52.0,56.0,5.3,5.0,0,0
349,6248.8,8894.6,89.0,,22.5,13.0,0,0
350,6298.8,8897.1,69.0,,2.2,13.0,0,0
351,6342.5,8898.1,58.0,44.0,4.7,12.0,0,0
352,6400.1,8898.8,56.0,74.0,2.0,5.0,1,1
353,6456.1,8895.5,88.0,,5.7,16.0,0,0
354,6505.1,8900.3,63.0,61.0,2.0,5.0,1,1
355,6545.0,8898.4,39.0,,2.0,8.0,1,0
356,6643.9,8900.6,45.0,29.0,3.0,5.0,0,1
357,6701.3,8905.2,31.0,22.0,2.0,5.0,1,1
358,6751.1,8896.8,19.0,,2.0,5.0,1,1
359,6803.0,8905.4,15.0,,2.0,5.0,1,1
360,6850.0,8895.8,28.0,45.0,2.0,14.0,1,0
361,6901.6,8901.0,23.0,,2.1,7.0,0,0
362,6952.4,8897.1,40.0,,2.0,5.0,1,0
363,6999.1,8906.5,45.0,,3.2,12.0,0,0
364,7052.5,8895.1,28.0,94.0,2.0,5.0,1,0
365,7100.5,8892.7,12.0,32.0,2.0,5.0,1,1
366,7148.4,8898.0,21.0,56.0,2.0,5.0,1,1
367,7247.4,8893.3,33.0,109.0,2.4,12.0,0,0
368,7303.0,8912.0,43.0,95.0,2.3,13.0,0,0
369,7350.8,8903.5,31.0,82.0,4.3,6.0,0,0
370,7451.9,8900.4,28.0,53.0,2.0,6.0,1,0
371,7498.4,8903.6,36.0,,2.1,5.0,0,1
372,7549.8,8892.7,47.0,,2.0,5.0,1,0
373,7600.0,8889.9,32.0,58.0,4.4,5.0,0,0
374,7646.6,8896.8,32.0,,2.3,6.0,0,0
375,7697.0,8893.4,36.0,63.0,3.8,7.0,0,0
376,7752.7,8905.4,60.0,,2.1,34.0,0,0
377,7803.1,8903.0,92.0,,3.5,33.0,0,0
378,7857.4,8895.0,32.0,61.0,2.0,5.0,1,1
379,7903.0,8894.8,37.0,40.0,2.0,8.0,1,0
380,7948.3,8898.9,39.0,24.0,3.0,22.0,0,0
381,8002.8,8898.3,40.0,,2.6,13.0,0,0
382,8056.1,8898.6,50.0,,10.2,18.0,0,0
383,8100.5,8898.9,39.0,91.0,2.0,23.0,1,0
384,8146.9,8897.9,29.0,51.0,2.0,5.0,0,0
385,8198.1,8903.1,27.0,,2.0,15.0,1,0
386,8251.6,8896.5,27.0,49.0,4.7,26.0,0,0
387,8301.8,8898.8,39.0,,2.6,20.0,0,0
388,8349.2,8903.1,44.0,45.0,2.0,8.0,1,0
389,8399.2,8903.8,44.0,,2.0,6.0,0,0
390,8501.7,8897.2,35.0,125.0,2.4,18.0,0,0
391,8552.3,8895.1,41.0,101.0,2.0,28.0,1,0
392,8600.2,8898.5,62.0,182.0,4.4,15.0,0,0
393,8646.1,8902.8,37.0,,3.7,9.0,0,0
394,8701.3,8895.8,28.0,112.0,2.0,7.0,1,0
395,8745.7,8904.3,29.0,80.0,3.2,5.0,0,0
396,8797.6,8896.9,43.0,,2.0,5.0,1,0
397,8852.1,8908.2,52.0,88.0,4.2,9.0,0,0
398,3004.7,9099.9,50.0,57.0,2.0,5.0,1,0
399,3048.6,9101.3,38.0,26.0,2.0,6.0,1,0
400,3101.4,9100.4,36.0,,2.0,5.0,1,1
401,3146.5,9097.3,27.0,,2.0,5.0,1,1
402,3194.6,9096.3,55.0,,2.5,19.0,0,0
403,3246.5,9097.1,34.0,97.0,2.0,10.0,1,0
404,3445.5,9106.0,67.0,143.0,7.7,32.0,0,0
405,3501.5,9104.5,60.0,82.0,10.6,10.0,0,0
406,3595.6,9096.4,89.0,165.0,3.2,10.0,0,0
407,3691.9,9100.7,68.0,203.0,5.1,19.0,0,0
408,3743.2,9099.1,59.0,169.0,2.9,7.0,0,0
409,3795.5,9102.0,41.0,,2.0,7.0,1,0
410,3900.3,9113.2,37.0,,2.0,5.0,1,1
411,3951.4,9100.3,86.0,283.0,9.1,15.0,0,0
412,3997.1,9092.7,55.0,113.0,4.7,27.0,0,0
413,4049.5,9101.5,54.0,,7.0,6.0,0,0
414,4102.9,9094.6,73.0,,14.2,22.0,0,0
415,4155.5,9100.7,55.0,206.0,2.0,28.0,0,0
416,4249.4,9103.7,33.0,,2.1,16.0,0,0
417,4294.6,9097.9,25.0,99.0,2.3,6.0,0,0
418,4352.3,9101.7,19.0,55.0,2.0,5.0,1,1
419,4400.4,9102.0,31.0,,2.0,9.0,1,0
420,4456.6,9099.4,36.0,105.0,2.0,14.0,1,0
421,4500.0,9102.6,26.0,57.0,2.0,6.0,1,0
422,4553.0,9097.9,38.0,,3.5,5.0,0,0
423,4600.1,9103.0,39.0,53.0,5.6,5.0,0,0
424,4646.9,9104.9,64.0,,8.6,9.0,0,0
425,4697.4,9098.7,62.0,,2.2,9.0,0,0
426,4754.4,9105.4,136.0,97.0,10.2,29.0,0,0
427,4802.2,9095.4,56.0,63.0,2.0,20.0,1,0
428,4846.3,9096.1,66.0,46.0,3.5,16.0,0,0
429,4900.6,9102.5,30.0,46.0,2.0,7.0,1,0
430,4947.2,9102.9,50.0,57.0,2.0,5.0,1,0
431,5001.7,9100.1,38.0,61.0,2.7,5.0,0,1
432,5049.3,9091.4,40.0,51.0,3.1,6.0,0,0
433,5098.1,9102.4,22.0,53.0,2.0,9.0,1,0
434,5202.9,9096.5,30.0,59.0,2.0,8.0,1,0
435,5249.0,9095.4,70.0,69.0,6.1,15.0,0,0
436,5301.2,9101.9,67.0,67.0,7.4,10.0,0,0
437,5354.5,9097.5,64.0,81.0,12.1,16.0,0,0
438,5406.8,9091.3,51.0,52.0,12.8,10.0,0,0
439,5451.7,9100.4,53.0,97.0,2.0,28.0,0,0
440,5494.9,9103.2,42.0,62.0,2.0,8.0,1,0
441,5545.1,9101.3,58.0,103.0,2.2,5.0,0,1
442,5601.6,9103.2,41.0,,2.0,5.0,1,1
443,5652.7,9091.9,47.0,,2.8,10.0,0,0
444,5696.0,9100.8,48.0,,4.4,7.0,0,0
445,5742.4,9104.4,41.0,33.0,10.5,14.0,0,0
446,5802.0,9104.5,67.0,82.0,16.9,17.0,0,0
447,5851.8,9106.8,77.0,83.0,9.0,15.0,0,0
448,5897.5,9103.7,91.0,77.0,5.6,10.0,0,0
449,5954.9,9095.6,122.0,148.0,18.6,21.0,0,0
450,6008.2,9103.5,193.0,,26.7,40.0,0,0
451,6049.6,9098.4,77.0,130.0,4.0,10.0,0,0
452,6103.3,9102.8,120.0,67.0,15.4,15.0,0,0
453,6140.7,9101.8,181.0,77.0,6.9,42.0,0,0
454,6198.5,9098.9,76.0,,2.6,16.0,0,0
455,6241.0,9101.7,120.0,35.0,5.0,11.0,0,0
456,6303.3,9102.3,47.0,,3.8,10.0,0,0
457,6402.0,9097.6,68.0,43.0,5.8,5.0,0,0
458,6451.5,9101.9,57.0,67.0,13.2,5.0,0,0
459,6500.6,9106.2,77.0,,16.1,5.0,0,1
460,6546.2,9093.0,24.0,17.0,2.0,5.0,1,1
461,6603.7,9097.2,39.0,48.0,4.5,5.0,0,1
462,6645.1,9102.1,38.0,,2.0,6.0,1,0
463,6702.3,9093.9,48.0,,2.6,5.0,0,1
464,6748.7,9103.7,41.0,37.0,2.7,14.0,0,0
465,6808.5,9098.2,42.0,49.0,10.8,15.0,0,0
466,6856.4,9102.5,59.0,68.0,10.4,34.0,0,0
467,6898.7,9093.1,33.0,55.0,2.5,11.0,0,0
468,6948.8,9099.3,47.0,,5.1,25.0,0,0
469,7002.5,9097.8,65.0,,9.4,13.0,0,0
470,7050.3,9104.8,53.0,45.0,2.0,6.0,1,0
471,7106.4,9092.2,32.0,,2.0,12.0,1,0
472,7142.6,9097.2,41.0,63.0,3.1,13.0,0,0
473,7200.2,9105.7,30.0,34.0,2.2,8.0,0,0
474,7240.3,9095.5,33.0,37.0,2.0,12.0,1,0
475,7300.7,9097.7,40.0,126.0,2.3,10.0,0,0
476,7352.3,9101.3,58.0,75.0,8.0,5.0,0,1
477,7407.3,9098.0,50.0,66.0,18.8,7.0,0,0
478,7448.7,9101.6,55.0,38.0,2.0,25.0,1,0
479,7547.5,9105.0,33.0,,2.0,5.0,1,1
480,7602.1,9100.9,25.0,,2.0,5.0,1,1
481,7649.8,9094.9,43.0,,2.0,5.0,1,1
482,7701.2,9100.1,30.0,51.0,2.0,5.0,1,1
483,7746.6,9102.6,57.0,125.0,5.7,8.0,0,0
484,7800.2,9105.9,35.0,103.0,2.0,5.0,1,1
485,7853.3,9096.7,35.0,60.0,2.3,6.0,0,0
486,7900.3,9106.1,59.0,105.0,4.8,21.0,0,0
487,7950.6,9101.1,51.0,74.0,2.0,21.0,1,0
488,8006.1,9094.9,75.0,92.0,4.9,26.0,0,0
489,8045.9,9102.1,47.0,,6.4,8.0,0,0
490,8261.1,9103.0,22.0,94.0,2.0,5.0,0,1
491,8308.4,9099.2,29.0,42.0,2.0,5.0,1,0
492,8346.3,9108.3,39.0,,4.5,15.0,0,0
493,8400.7,9100.8,39.0,44.0,11.9,6.0,0,0
494,8452.9,9103.5,53.0,77.0,4.3,30.0,0,0
495,8500.2,9102.5,42.0,110.0,2.0,16.0,1,0
496,8548.9,9095.2,55.0,62.0,4.4,12.0,0,0
497,8602.0,9097.2,52.0,79.0,2.0,9.0,1,0
498,8652.1,9094.7,26.0,25.0,2.0,5.0,1,1
499,8696.4,9095.3,50.0,,2.5,8.0,0,0
500,8753.4,9101.8,53.0,82.0,4.3,51.0,0,0
501,8796.9,9099.4,29.0,45.0,2.0,5.0,1,0
502,3041.1,9294.9,75.0,,5.2,10.0,0,0
503,3153.1,9295.8,35.0,78.0,2.3,13.0,0,0
504,3199.4,9294.4,31.0,24.0,2.2,13.0,0,0
505,3253.7,9294.6,35.0,,2.0,5.0,1,0
506,3355.3,9301.5,45.0,,2.0,7.0,1,0
507,3404.5,9303.9,74.0,,22.0,7.0,0,0
508,3447.7,9295.6,40.0,93.0,2.0,8.0,1,0
509,3495.7,9300.5,52.0,102.0,2.9,11.0,0,0
510,3602.6,9301.9,75.0,120.0,5.8,8.0,0,0
511,3649.0,9300.5,56.0,147.0,3.0,7.0,0,0
512,3703.7,9299.5,52.0,,8.0,6.0,0,0
513,3746.3,9305.8,125.0,125.0,21.9,6.0,0,0
514,3798.3,9302.8,73.0,62.0,39.9,10.0,0,0
515,3850.1,9297.6,45.0,,2.0,5.0,1,0
516,3890.3,9304.9,26.0,42.0,2.0,11.0,1,0
517,3945.4,9301.6,23.0,,2.0,8.0,0,0
518,3997.3,9304.3,28.0,,2.0,5.0,1,1
519,4051.2,9294.8,20.0,,2.0,5.0,1,1
520,4098.9,9307.3,51.0,86.0,7.1,17.0,0,0
521,4151.9,9306.2,52.0,69.0,4.6,11.0,0,0
522,4201.4,9307.4,63.0,,2.6,8.0,0,0
523,4246.2,9303.5,37.0,158.0,2.0,7.0,1,0
524,4300.7,9299.4,29.0,104.0,2.0,5.0,1,1
525,4401.5,9301.2,48.0,94.0,3.6,8.0,0,0
526,4444.0,9298.2,42.0,71.0,2.0,15.0,1,0
527,4500.1,9301.7,47.0,93.0,13.1,38.0,0,0
528,4547.7,9298.2,44.0,,2.0,16.0,1,0
529,4601.3,9300.0,44.0,46.0,6.5,13.0,0,0
530,4645.0,9302.4,38.0,64.0,2.0,8.0,1,0
531,4751.7,9302.5,47.0,72.0,4.7,12.0,0,0
532,4797.2,9299.5,48.0,,3.4,6.0,0,0
533,4897.1,9292.0,70.0,,9.5,14.0,0,0
534,4948.8,9298.9,69.0,104.0,6.2,16.0,0,0
535,5002.4,9305.2,56.0,55.0,5.7,13.0,0,0
536,5048.8,9305.7,39.0,29.0,2.0,11.0,1,0
537,5095.8,9301.7,41.0,,2.2,6.0,0,0
538,5153.1,9304.7,69.0,31.0,2.4,17.0,0,0
539,5190.8,9305.7,52.0,50.0,2.0,14.0,1,0
540,5254.1,9296.7,17.0,,2.0,8.0,1,0
541,5297.6,9295.7,21.0,28.0,2.0,5.0,1,1
542,5345.4,9304.2,27.0,23.0,2.0,8.0,1,0
543,5395.6,9295.6,26.0,,2.0,5.0,1,0
544,5451.8,9300.1,44.0,,4.2,5.0,0,0
545,5506.3,9298.9,33.0,46.0,2.4,5.0,0,1
546,5553.3,9300.0,55.0,78.0,2.8,12.0,0,0
547,5606.2,9302.2,71.0,91.0,6.1,12.0,0,0
548,5654.6,9299.6,120.0,131.0,3.1,10.0,0,0
549,5698.8,9292.9,30.0,110.0,2.0,5.0,1,1
550,5753.6,9297.8,43.0,124.0,2.0,19.0,1,0
551,5799.9,9305.4,63.0,142.0,5.7,6.0,0,0
552,5848.5,9297.7,127.0,,3.2,64.0,0,0
553,5951.7,9305.1,101.0,141.0,26.2,15.0,0,0
554,5998.7,9297.2,149.0,,42.3,13.0,0,0
555,6053.9,9298.7,89.0,53.0,10.5,11.0,0,0
556,6092.4,9302.4,78.0,40.0,7.9,40.0,0,0
557,6150.0,9301.2,112.0,,7.6,16.0,0,0
558,6206.1,9300.7,86.0,41.0,5.1,25.0,0,0
559,6246.4,9297.0,94.0,,4.3,9.0,0,0
560,6296.5,9301.3,49.0,35.0,4.2,9.0,0,0
561,6355.3,9301.9,63.0,39.0,3.1,11.0,0,0
562,6394.2,9297.7,75.0,40.0,3.5,8.0,0,0
563,6446.1,9299.7,71.0,44.0,3.9,27.0,0,0
564,6497.6,9299.3,32.0,26.0,6.2,7.0,0,0
565,6549.3,9297.3,32.0,28.0,3.4,6.0,0,0
566,6592.7,9302.1,29.0,20.0,2.0,5.0,1,1
567,6650.0,9305.6,34.0,24.0,8.4,9.0,0,0
568,6704.6,9300.2,30.0,16.0,2.0,5.0,1,1
569,6745.1,9300.1,39.0,25.0,2.8,12.0,0,0
570,6796.7,9299.9,38.0,38.0,2.0,9.0,1,0
571,6847.1,9306.8,24.0,64.0,2.0,5.0,1,1
572,6898.6,9302.4,32.0,29.0,2.0,5.0,1,1
573,6945.1,9300.5,39.0,36.0,5.9,7.0,0,0
574,7005.5,9300.8,43.0,,3.4,7.0,0,0
575,7047.4,9302.8,37.0,,2.0,12.0,1,0
576,7100.8,9303.8,27.0,56.0,2.0,8.0,1,0
577,7154.7,9298.9,68.0,,2.0,11.0,1,0
578,7207.9,9305.9,31.0,58.0,2.1,15.0,0,0
579,7252.5,9296.7,19.0,,2.0,5.0,0,1
580,7304.6,9299.5,21.0,,2.0,5.0,1,1
581,7351.5,9299.6,32.0,97.0,2.0,5.0,1,1
582,7391.0,9303.2,33.0,84.0,2.0,5.0,1,0
583,7445.2,9298.8,46.0,93.0,2.2,5.0,0,1
584,7498.6,9302.4,29.0,,5.0,5.0,0,1
585,7547.4,9298.8,21.0,,2.0,8.0,1,0
586,7602.9,9299.9,18.0,38.0,2.0,5.0,0,1
587,7646.0,9294.4,19.0,35.0,2.0,5.0,1,1
588,7699.4,9302.6,36.0,91.0,3.3,5.0,0,1
589,7748.5,9295.9,30.0,,5.8,5.0,0,1
590,7797.3,9304.0,37.0,73.0,2.0,5.0,1,1
591,7842.2,9295.8,42.0,55.0,13.9,5.0,0,1
592,7893.6,9297.7,58.0,79.0,3.8,5.0,0,0
593,7950.0,9298.4,53.0,124.0,6.3,7.0,0,0
594,7998.4,9293.3,32.0,119.0,2.0,5.0,1,0
595,8049.7,9302.6,39.0,55.0,2.0,6.0,1,0
596,8095.7,9307.9,26.0,62.0,2.5,5.0,0,1
597,8150.3,9300.9,22.0,,2.0,5.0,1,1
598,8203.5,9289.9,47.0,,3.7,5.0,0,1
599,8252.5,9303.0,31.0,,2.6,5.0,0,1
600,8354.3,9298.1,33.0,78.0,2.0,5.0,1,1
601,8409.9,9304.7,36.0,82.0,2.0,9.0,1,0
602,8452.1,9297.0,37.0,101.0,2.0,23.0,1,0
603,8501.3,9302.2,47.0,77.0,2.0,10.0,1,0
604,8551.7,9293.6,44.0,94.0,2.0,12.0,1,0
605,8598.4,9301.4,37.0,,2.5,9.0,0,0
606,8647.5,9299.1,72.0,69.0,12.4,15.0,0,0
607,8701.6,9299.4,47.0,76.0,2.4,10.0,0,0
608,8746.3,9293.9,29.0,31.0,2.0,5.0,1,1
609,3149.8,9493.5,57.0,102.0,4.6,15.0,0,0
610,3198.3,9499.6,137.0,152.0,14.6,13.0,0,0
611,3253.2,9501.0,63.0,50.0,2.3,27.0,0,0
612,3296.0,9495.6,34.0,32.0,2.0,7.0,1,0
613,3350.6,9496.0,72.0,107.0,2.2,10.0,0,0
614,3397.2,9501.3,33.0,51.0,3.0,10.0,0,0
615,3449.0,9501.8,28.0,65.0,2.0,13.0,1,0
616,3491.4,9495.2,42.0,67.0,2.5,7.0,0,0
617,3550.6,9500.2,42.0,54.0,2.1,5.0,0,1
618,3592.3,9500.9,63.0,168.0,2.2,5.0,0,1
619,3643.4,9492.9,50.0,159.0,2.2,5.0,0,1
620,3702.9,9496.8,66.0,,9.6,6.0,0,0
621,3752.4,9498.5,55.0,112.0,4.6,9.0,0,0
622,3809.1,9503.0,50.0,267.0,6.6,5.0,0,1
623,3846.9,9501.6,67.0,,9.0,11.0,0,0
624,3893.7,9503.0,80.0,340.0,5.1,12.0,0,0
625,3945.4,9498.0,57.0,172.0,5.4,5.0,0,1
626,4005.3,9502.3,50.0,188.0,2.0,11.0,1,0
627,4044.5,9504.4,44.0,159.0,2.0,23.0,1,0
628,4090.5,9502.9,69.0,183.0,6.5,29.0,0,0
629,4155.3,9501.2,24.0,,2.0,5.0,1,1
630,4199.2,9507.0,34.0,,2.0,6.0,1,0
631,4252.2,9502.7,22.0,51.0,3.4,5.0,0,1
632,4295.8,9494.8,22.0,40.0,2.0,6.0,1,0
633,4348.5,9497.0,32.0,,2.0,7.0,1,0
634,4400.0,9497.9,35.0,58.0,5.9,11.0,0,0
635,4453.3,9506.8,27.0,57.0,2.0,10.0,1,0
636,4499.9,9495.4,19.0,,2.0,5.0,1,1
637,4553.4,9506.0,35.0,102.0,2.2,9.0,0,0
638,4599.7,9497.7,58.0,72.0,2.7,20.0,0,0
639,4647.0,9494.2,50.0,62.0,5.7,13.0,0,0
640,4700.0,9504.7,54.0,,2.0,13.0,1,0
641,4750.0,9496.8,58.0,67.0,2.0,10.0,1,0
642,4797.6,9501.1,44.0,71.0,2.0,7.0,1,0
643,4850.2,9499.7,48.0,71.0,5.9,16.0,0,0
644,4896.3,9498.6,40.0,,2.7,10.0,0,0
645,4947.4,9495.3,37.0,,2.7,6.0,0,0
646,5001.9,9499.3,46.0,37.0,5.5,11.0,0,0
647,5050.1,9498.4,34.0,,3.1,13.0,0,0
648,5106.1,9495.2,24.0,28.0,2.0,5.0,1,1
649,5153.8,9500.5,35.0,,6.6,8.0,0,0
650,5195.5,9503.0,30.0,45.0,2.0,5.0,1,0
651,5252.4,9502.7,40.0,27.0,2.0,6.0,1,0
652,5299.8,9505.0,35.0,39.0,2.2,5.0,0,0
653,5354.6,9502.4,25.0,35.0,2.0,5.0,1,1
654,5395.0,9496.9,54.0,89.0,2.0,6.0,0,0
655,5500.8,9502.1,44.0,73.0,3.5,6.0,0,0
656,5556.6,9494.3,65.0,,2.6,5.0,0,1
657,5599.9,9500.8,41.0,132.0,2.0,5.0,1,1
658,5695.2,9500.4,66.0,145.0,2.3,9.0,0,0
659,5749.0,9501.8,82.0,,5.0,6.0,0,0
660,5795.2,9498.7,116.0,151.0,12.2,9.0,0,0
661,5849.0,9501.9,85.0,,4.6,7.0,0,0
662,5897.4,9499.0,96.0,,11.2,10.0,0,0
663,5951.8,9502.0,281.0,332.0,53.5,8.0,0,0
664,5992.6,9501.6,177.0,79.0,4.1,9.0,0,0
665,6048.3,9498.5,232.0,128.0,14.7,28.0,0,0
666,6098.4,9494.5,172.0,60.0,66.1,11.0,0,0
667,6197.5,9494.1,225.0,,11.5,24.0,0,0
668,6254.8,9499.7,109.0,,31.6,13.0,0,0
669,6299.7,9498.4,159.0,32.0,5.6,10.0,0,0
670,6352.2,9498.7,158.0,37.0,30.4,17.0,0,0
671,6399.3,9500.6,74.0,27.0,2.3,16.0,0,0
672,6464.3,9497.0,69.0,,4.9,13.0,0,0
673,6495.6,9501.9,61.0,28.0,2.0,12.0,1,0
674,6549.0,9499.7,38.0,,11.8,9.0,0,0
675,6655.6,9493.3,95.0,37.0,6.6,13.0,0,0
676,6698.4,9495.0,132.0,71.0,2.3,16.0,0,0
677,6749.8,9500.3,47.0,45.0,2.5,7.0,0,0
678,6798.9,9500.0,47.0,28.0,2.1,13.0,0,0
679,6843.5,9499.3,102.0,75.0,6.4,38.0,0,0
680,6900.7,9500.6,55.0,,2.4,10.0,0,0
681,6955.8,9508.4,70.0,44.0,8.9,12.0,0,0
682,7002.5,9498.5,43.0,29.0,3.0,25.0,0,0
683,7050.2,9500.0,72.0,54.0,3.1,18.0,0,0
684,7102.1,9503.5,34.0,,2.0,6.0,1,0
685,7146.4,9507.2,30.0,23.0,2.0,8.0,1,0
686,7196.8,9502.4,49.0,,2.0,25.0,1,0
687,7247.0,9496.6,29.0,,2.0,6.0,1,0
688,7299.1,9501.1,19.0,22.0,2.5,5.0,0,1
689,7348.3,9494.9,42.0,22.0,2.0,6.0,1,0
690,7394.3,9503.2,27.0,27.0,2.0,10.0,1,0
691,7447.9,9495.6,30.0,26.0,2.0,7.0,1,0
692,7507.6,9502.9,43.0,,2.0,7.0,1,0
693,7562.8,9497.0,34.0,,6.7,5.0,0,1
694,7601.1,9498.2,17.0,24.0,2.0,5.0,1,1
695,7648.5,9503.2,49.0,53.0,2.1,5.0,0,1
696,7706.7,9500.9,26.0,86.0,2.1,5.0,0,1
697,7749.2,9496.3,49.0,,9.0,6.0,0,0
698,7804.5,9502.3,22.0,42.0,3.2,5.0,0,1
699,7850.8,9499.1,35.0,27.0,2.0,5.0,1,1
700,7944.2,9500.2,29.0,36.0,2.0,5.0,1,1
701,8000.1,9505.0,42.0,57.0,4.0,5.0,0,1
702,8052.5,9500.1,49.0,73.0,3.6,6.0,0,0
703,8104.3,9504.8,25.0,48.0,4.0,5.0,0,1
704,8152.1,9495.9,41.0,121.0,2.2,5.0,0,0
705,8202.7,9500.5,29.0,,2.0,5.0,1,1
706,8250.4,9494.8,19.0,113.0,2.0,5.0,1,1
707,8299.0,9505.4,24.0,71.0,2.0,9.0,1,0
708,8350.0,9502.3,37.0,89.0,2.0,7.0,1,0
709,8398.4,9503.4,43.0,86.0,15.0,10.0,0,0
710,8450.2,9491.4,55.0,,2.0,8.0,1,0
711,8501.2,9499.0,27.0,,2.0,5.0,1,0
712,8552.3,9493.9,40.0,102.0,2.0,6.0,1,0
713,8595.1,9502.5,46.0,,7.4,7.0,0,0
714,8698.9,9497.2,30.0,,2.0,11.0,1,0
715,3308.1,9698.8,49.0,87.0,2.7,12.0,0,0
716,3354.2,9701.8,55.0,83.0,2.0,8.0,1,0
717,3397.0,9699.9,43.0,70.0,4.6,5.0,0,1
718,3448.2,9698.1,46.0,83.0,5.2,15.0,0,0
719,3498.1,9697.0,76.0,114.0,5.2,12.0,0,0
720,3556.3,9693.6,44.0,48.0,3.4,5.0,0,0
721,3600.2,9702.1,38.0,,2.0,5.0,1,1
722,3648.3,9699.4,85.0,,3.1,13.0,0,0
723,3701.6,9708.9,39.0,,2.0,7.0,1,0
724,3746.7,9707.4,37.0,,2.0,9.0,1,0
725,3794.4,9698.2,28.0,97.0,2.0,5.0,1,1
726,3851.1,9695.0,35.0,110.0,4.7,8.0,0,0
727,3899.6,9696.6,48.0,224.0,4.2,16.0,0,0
728,3949.6,9701.0,36.0,115.0,2.0,7.0,1,0
729,4001.5,9701.4,59.0,,5.1,16.0,0,0
730,4045.6,9701.2,57.0,,9.8,23.0,0,0
731,4098.6,9706.2,68.0,,3.0,12.0,0,0
732,4154.5,9697.0,43.0,97.0,2.1,11.0,0,0
733,4197.7,9700.4,50.0,,2.0,11.0,1,0
734,4252.4,9698.5,38.0,,2.0,5.0,1,1
735,4299.0,9699.5,34.0,99.0,5.9,6.0,0,0
736,4343.3,9697.0,34.0,,2.2,6.0,0,0
737,4402.6,9707.0,35.0,,2.0,9.0,1,0
738,4452.3,9700.6,26.0,106.0,2.0,5.0,1,1
739,4497.5,9699.9,45.0,113.0,2.2,7.0,0,0
740,4552.2,9704.8,28.0,190.0,2.6,5.0,0,1
741,4602.0,9701.9,29.0,,2.0,5.0,1,0
742,4642.3,9706.4,24.0,96.0,3.0,6.0,0,0
743,4697.1,9694.5,29.0,171.0,2.0,12.0,1,0
744,4741.4,9698.6,32.0,120.0,2.0,7.0,1,0
745,4853.6,9698.1,51.0,105.0,2.0,18.0,1,0
746,4902.6,9705.6,49.0,128.0,13.6,24.0,0,0
747,4950.9,9703.4,73.0,69.0,6.8,14.0,0,0
748,5007.0,9707.1,72.0,,5.2,11.0,0,0
749,5101.1,9705.3,38.0,51.0,2.0,5.0,1,1
750,5145.9,9699.5,37.0,51.0,2.0,6.0,1,0
751,5204.6,9701.2,23.0,33.0,2.0,5.0,1,1
752,5249.7,9698.5,25.0,35.0,2.0,5.0,1,1
753,5295.3,9702.7,26.0,44.0,2.0,6.0,1,0
754,5358.9,9698.7,19.0,43.0,2.0,5.0,1,1
755,5401.5,9703.1,43.0,130.0,4.9,9.0,0,0
756,5504.1,9693.9,57.0,130.0,3.8,5.0,0,0
757,5544.5,9697.4,56.0,127.0,3.7,5.0,0,1
758,5596.9,9701.8,56.0,83.0,2.4,7.0,0,0
759,5648.2,9693.1,57.0,,8.0,5.0,0,1
760,5699.0,9700.1,80.0,90.0,2.7,6.0,0,0
761,5747.7,9699.0,58.0,,14.7,6.0,0,0
762,5848.6,9696.2,65.0,91.0,8.3,5.0,0,0
763,5902.5,9699.0,105.0,119.0,25.1,5.0,0,0
764,5958.8,9703.1,91.0,50.0,5.8,6.0,0,0
765,5998.4,9703.2,93.0,41.0,4.2,5.0,0,0
766,6104.3,9701.7,89.0,40.0,5.1,9.0,0,0
767,6149.5,9704.0,86.0,52.0,2.0,8.0,1,0
768,6198.3,9701.5,125.0,96.0,88.6,5.0,0,0
769,6250.7,9703.5,218.0,246.0,22.1,17.0,0,0
770,6297.9,9699.3,155.0,156.0,5.9,13.0,0,0
771,6358.9,9703.9,190.0,92.0,8.8,23.0,0,0
772,6405.0,9699.2,190.0,50.0,8.4,33.0,0,0
773,6454.6,9700.2,230.0,85.0,11.4,16.0,0,0
774,6499.6,9705.9,120.0,46.0,7.4,12.0,0,0
775,6548.0,9700.6,106.0,100.0,50.2,13.0,0,0
776,6644.2,9707.7,62.0,39.0,5.2,21.0,0,0
777,6703.1,9694.3,143.0,,7.7,85.0,0,0
778,6750.3,9702.9,58.0,67.0,6.2,8.0,0,0
779,6804.6,9702.4,84.0,53.0,6.5,5.0,0,0
780,6900.8,9703.0,62.0,,2.0,6.0,1,0
781,6950.7,9707.2,36.0,26.0,8.8,5.0,0,1
782,6999.1,9704.1,72.0,32.0,2.0,6.0,1,0
783,7055.4,9703.0,58.0,,3.8,18.0,0,0
784,7100.4,9696.8,68.0,107.0,12.4,5.0,0,0
785,7148.7,9699.7,48.0,87.0,3.6,8.0,0,0
786,7247.9,9701.6,35.0,,2.0,5.0,1,1
787,7352.4,9699.6,36.0,64.0,2.0,5.0,1,1
788,7402.1,9698.1,25.0,74.0,2.0,5.0,1,1
789,7449.7,9700.4,38.0,,7.1,6.0,0,0
790,7549.9,9698.5,39.0,44.0,2.0,5.0,1,1
791,7599.9,9702.3,34.0,49.0,2.0,5.0,1,1
792,7646.7,9702.0,40.0,44.0,3.2,7.0,0,0
793,7706.7,9701.8,26.0,48.0,2.0,8.0,1,0
794,7756.3,9695.5,30.0,,2.0,5.0,1,1
795,7805.2,9698.6,37.0,,5.5,5.0,0,1
796,7848.3,9707.3,12.0,,2.0,5.0,1,1
797,7895.4,9705.8,14.0,37.0,2.0,5.0,1,1
798,7946.8,9691.5,23.0,20.0,2.0,5.0,1,1
799,7994.3,9707.0,23.0,25.0,2.0,5.0,1,1
800,8050.8,9699.1,19.0,,2.0,5.0,1,1
801,8095.4,9701.1,32.0,45.0,3.0,10.0,0,0
802,8139.8,9699.2,27.0,,2.0,5.0,1,1
803,8199.2,9697.7,84.0,,31.4,10.0,0,0
804,8256.4,9703.9,39.0,76.0,14.1,5.0,0,1
805,8291.0,9706.2,68.0,59.0,12.2,12.0,0,0
806,8360.4,9700.2,20.0,,2.0,5.0,1,1
807,8395.4,9696.5,29.0,108.0,2.0,5.0,1,1
808,8453.0,9700.3,19.0,163.0,2.0,5.0,1,1
809,8496.7,9701.0,25.0,82.0,2.0,5.0,1,1
810,8544.7,9702.1,18.0,63.0,2.0,5.0,1,1
811,8602.7,9690.7,25.0,,2.0,5.0,1,1
812,8649.4,9698.4,27.0,86.0,3.7,5.0,0,1
813,3345.0,9895.3,19.0,,2.0,5.0,1,1
814,3398.8,9903.3,10.0,28.0,2.0,9.0,1,0
815,3454.4,9900.9,12.0,28.0,2.0,5.0,1,1
816,3604.5,9902.7,63.0,74.0,3.2,13.0,0,0
817,3645.2,9896.3,76.0,68.0,5.4,14.0,0,0
818,3749.7,9895.8,61.0,,2.5,10.0,0,0
819,3794.5,9898.2,43.0,70.0,3.8,8.0,0,0
820,3851.9,9900.4,43.0,102.0,2.0,5.0,1,0
821,3897.3,9901.8,33.0,77.0,2.6,5.0,0,1
822,3942.2,9898.1,57.0,82.0,5.6,10.0,0,0
823,4004.9,9898.0,42.0,105.0,2.8,12.0,0,0
824,4045.0,9896.6,24.0,,2.0,6.0,1,0
825,4097.4,9891.7,54.0,122.0,2.4,7.0,0,0
826,4144.0,9892.7,54.0,,4.3,9.0,0,0
827,4191.2,9898.9,26.0,118.0,2.0,5.0,1,1
828,4296.3,9900.2,37.0,68.0,2.0,5.0,1,1
829,4351.9,9897.3,57.0,,4.6,7.0,0,0
830,4449.5,9901.2,33.0,83.0,2.0,7.0,1,0
831,4493.4,9896.2,37.0,107.0,2.0,14.0,1,0
832,4554.0,9899.1,24.0,203.0,2.0,5.0,1,1
833,4592.3,9896.8,24.0,105.0,2.0,6.0,1,0
834,4654.1,9899.2,27.0,,2.5,5.0,0,1
835,4698.3,9900.1,23.0,,2.0,5.0,1,1
836,4747.2,9903.8,35.0,68.0,3.4,8.0,0,0
837,4806.5,9898.8,35.0,131.0,2.0,5.0,1,0
838,4844.9,9897.6,16.0,42.0,2.0,7.0,1,0
839,4944.7,9900.9,36.0,60.0,4.5,5.0,0,1
840,5002.1,9902.9,53.0,34.0,2.0,8.0,1,0
841,5047.6,9898.9,42.0,21.0,2.2,13.0,0,0
842,5103.7,9899.1,56.0,,2.2,12.0,0,0
843,5152.9,9897.1,58.0,57.0,2.0,18.0,0,0
844,5201.7,9906.6,76.0,87.0,9.2,7.0,0,0
845,5240.1,9898.7,45.0,44.0,6.8,8.0,0,0
846,5297.7,9904.1,50.0,18.0,3.0,5.0,0,1
847,5349.2,9898.5,25.0,41.0,2.0,5.0,1,1
848,5402.4,9899.8,28.0,48.0,2.0,11.0,1,0
849,5448.8,9902.6,30.0,48.0,3.6,5.0,0,1
850,5495.7,9899.9,35.0,82.0,3.7,5.0,0,1
851,5556.2,9900.1,26.0,57.0,2.0,5.0,1,1
852,5596.8,9903.9,35.0,,2.0,5.0,1,1
853,5650.5,9892.1,65.0,,9.2,7.0,0,0
854,5700.7,9900.9,81.0,123.0,5.4,5.0,0,1
855,5746.1,9902.4,73.0,,9.8,5.0,0,1
856,5800.4,9900.7,92.0,345.0,3.5,5.0,0,1
857,5853.7,9901.2,59.0,97.0,14.4,5.0,0,0
858,5896.3,9900.0,65.0,,5.0,5.0,0,1
859,5948.2,9900.5,99.0,,7.3,5.0,0,1
860,5998.9,9895.4,59.0,53.0,3.2,5.0,0,1
861,6051.7,9898.4,108.0,47.0,10.6,5.0,0,1
862,6104.9,9893.7,105.0,56.0,40.1,6.0,0,0
863,6153.0,9903.9,51.0,,2.0,5.0,1,1
864,6196.8,9901.1,90.0,,7.4,11.0,0,0
865,6245.9,9895.0,155.0,,31.0,13.0,0,0
866,6301.8,9906.9,84.0,154.0,3.9,9.0,0,0
867,6353.2,9898.6,74.0,93.0,2.3,7.0,0,0
868,6400.2,9901.6,130.0,95.0,4.1,16.0,0,0
869,6451.8,9902.0,154.0,68.0,5.2,31.0,0,0
870,6601.9,9895.0,122.0,98.0,8.8,10.0,0,0
871,6655.6,9902.2,143.0,58.0,11.5,21.0,0,0
872,6700.9,9898.3,98.0,56.0,7.6,16.0,0,0
873,6747.4,9902.0,95.0,58.0,12.4,13.0,0,0
874,6798.5,9895.9,180.0,93.0,20.4,40.0,0,0
875,6857.2,9901.5,145.0,,7.6,17.0,0,0
876,6894.1,9903.1,86.0,,5.6,10.0,0,0
877,6948.2,9902.3,72.0,46.0,5.4,18.0,0,0
878,6997.8,9901.2,85.0,93.0,7.4,8.0,0,0
879,7052.8,9906.0,91.0,,8.6,11.0,0,0
880,7100.7,9896.4,56.0,,14.6,13.0,0,0
881,7151.9,9902.0,48.0,,4.3,6.0,0,0
882,7199.7,9898.2,69.0,188.0,4.6,13.0,0,0
883,7246.7,9895.1,60.0,,12.5,7.0,0,0
884,7295.3,9907.5,21.0,38.0,2.0,5.0,1,0
885,7351.2,9902.2,22.0,81.0,3.6,8.0,0,0
886,7392.6,9900.6,39.0,161.0,3.5,6.0,0,0
887,7446.3,9899.8,27.0,114.0,3.1,5.0,0,1
888,7504.6,9896.2,33.0,71.0,2.4,8.0,0,0
889,7555.1,9896.6,34.0,56.0,2.0,6.0,1,0
890,7595.7,9895.5,60.0,83.0,16.9,10.0,0,0
891,7653.0,9898.5,31.0,66.0,2.0,5.0,1,0
892,7696.4,9899.9,42.0,94.0,10.7,7.0,0,0
893,7750.8,9895.3,50.0,64.0,2.2,15.0,0,0
894,7801.3,9892.2,36.0,54.0,2.0,5.0,1,0
895,7851.5,9907.6,32.0,61.0,4.6,6.0,0,0
896,7896.8,9906.6,27.0,,2.4,5.0,0,1
897,7953.7,9894.3,29.0,,2.0,5.0,1,1
898,8002.0,9904.1,28.0,40.0,2.0,5.0,1,0
899,8047.4,9893.9,49.0,,8.4,9.0,0,0
900,8105.2,9894.9,24.0,29.0,2.0,5.0,1,1
901,8155.5,9895.5,21.0,20.0,2.0,5.0,1,0
902,8201.7,9903.0,32.0,,2.9,5.0,0,1
903,8247.3,9898.0,36.0,,2.0,9.0,1,0
904,8296.4,9901.1,31.0,49.0,2.8,5.0,0,1
905,8348.3,9900.4,33.0,84.0,2.0,5.0,1,1
906,8405.4,9893.2,21.0,81.0,2.0,5.0,1,1
907,8452.4,9900.2,29.0,76.0,2.0,5.0,1,1
908,8491.7,9904.5,43.0,84.0,2.0,5.0,1,1
909,8554.8,9899.6,19.0,,2.0,5.0,1,1
910,8603.9,9901.5,25.0,110.0,2.0,5.0,1,1
911,3554.6,10110.2,27.0,,2.0,5.0,1,1
912,3600.5,10099.5,18.0,36.0,2.0,5.0,1,1
913,3648.3,10092.1,26.0,,3.4,7.0,0,0
914,3695.6,10095.7,43.0,,2.2,8.0,0,0
915,3740.3,10099.3,69.0,,12.6,19.0,0,0
916,3809.3,10109.5,91.0,,4.9,12.0,0,0
917,3849.8,10098.4,102.0,,4.5,24.0,0,0
918,3898.4,10099.0,70.0,,4.8,7.0,0,0
919,3950.8,10094.0,60.0,,2.0,6.0,1,0
920,4004.1,10097.6,32.0,,2.0,5.0,0,1
921,4048.2,10104.1,67.0,57.0,14.9,12.0,0,0
922,4101.5,10104.2,64.0,63.0,3.3,8.0,0,0
923,4196.5,10106.9,35.0,,2.0,5.0,0,1
924,4244.8,10096.9,45.0,,2.0,12.0,1,0
925,4298.4,10099.3,42.0,71.0,7.5,5.0,0,1
926,4350.9,10108.0,25.0,35.0,2.0,5.0,1,1
927,4401.0,10096.3,33.0,,2.0,5.0,1,1
928,4452.0,10094.1,46.0,,2.0,5.0,1,0
929,4497.2,10104.6,39.0,243.0,3.4,5.0,0,1
930,4601.5,10101.7,40.0,,2.2,5.0,0,1
931,4648.5,10103.0,24.0,46.0,2.0,6.0,1,0
932,4694.8,10099.8,15.0,94.0,2.0,5.0,1,1
933,4752.7,10095.4,18.0,93.0,2.0,5.0,1,1
934,4795.9,10095.5,19.0,102.0,2.0,8.0,1,0
935,4849.0,10104.8,19.0,98.0,2.0,5.0,1,1
936,4948.5,10097.2,19.0,,2.0,7.0,1,0
937,4993.2,10100.8,40.0,48.0,7.9,15.0,0,0
938,5053.3,10102.4,36.0,59.0,2.0,12.0,1,0
939,5105.4,10103.8,33.0,,3.2,5.0,0,0
940,5155.8,10100.9,47.0,,2.0,5.0,1,1
941,5253.4,10100.5,39.0,51.0,2.4,15.0,0,0
942,5302.8,10103.2,35.0,27.0,2.0,5.0,1,1
943,5347.6,10102.5,35.0,51.0,2.0,9.0,1,0
944,5398.7,10100.4,29.0,38.0,2.0,5.0,1,1
945,5443.6,10100.1,19.0,77.0,2.0,5.0,1,1
946,5500.6,10101.6,38.0,,3.7,5.0,0,1
947,5549.5,10104.9,23.0,,2.0,5.0,1,1
948,5598.7,10092.8,44.0,46.0,2.4,5.0,0,1
949,5644.5,10104.9,48.0,36.0,4.7,5.0,0,0
950,5691.5,10098.0,49.0,,2.4,5.0,0,1
951,5743.0,10095.0,25.0,53.0,2.0,5.0,1,1
952,5804.2,10095.8,47.0,45.0,2.0,5.0,1,1
953,5848.3,10096.8,35.0,,2.0,5.0,1,1
954,5892.7,10108.9,38.0,33.0,2.0,5.0,1,1
955,5955.2,10105.8,31.0,40.0,2.0,5.0,1,1
956,5999.1,10093.0,61.0,17.0,2.0,9.0,1,0
957,6057.6,10109.5,54.0,33.0,10.2,5.0,0,1
958,6096.5,10098.3,59.0,30.0,2.1,5.0,0,1
959,6154.5,10100.4,135.0,49.0,10.0,14.0,0,0
960,6198.3,10104.4,83.0,,8.1,11.0,0,0
961,6252.0,10107.7,82.0,40.0,6.8,12.0,0,0
962,6302.9,10105.7,86.0,59.0,11.5,9.0,0,0
963,6349.5,10096.8,181.0,96.0,11.8,20.0,0,0
964,6402.3,10104.4,113.0,,14.8,7.0,0,0
965,6457.6,10097.4,135.0,118.0,28.0,13.0,0,0
966,6498.2,10099.0,155.0,72.0,29.8,9.0,0,0
967,6551.2,10100.5,76.0,74.0,3.5,18.0,0,0
968,6599.3,10091.9,121.0,81.0,5.5,12.0,0,0
969,6699.5,10101.3,86.0,,18.2,10.0,0,0
970,6803.4,10105.2,125.0,67.0,8.5,21.0,0,0
971,6848.6,10101.2,196.0,124.0,14.5,38.0,0,0
972,6901.3,10096.4,166.0,,14.4,21.0,0,0
973,6950.4,10101.5,70.0,,4.8,16.0,0,0
974,6995.1,10101.9,58.0,,8.7,15.0,0,0
975,7049.9,10100.1,65.0,112.0,4.2,17.0,0,0
976,7097.3,10104.4,70.0,,3.1,39.0,0,0
977,7146.9,10097.8,97.0,,8.5,34.0,0,0
978,7198.8,10099.0,46.0,44.0,2.6,5.0,0,0
979,7249.2,10099.9,68.0,57.0,2.3,9.0,0,0
980,7297.8,10097.8,42.0,44.0,2.0,14.0,1,0
981,7350.9,10106.7,30.0,51.0,3.4,17.0,0,0
982,7408.1,10100.5,33.0,,2.0,16.0,1,0
983,7451.9,10106.4,31.0,56.0,2.0,5.0,1,1
984,7502.1,10100.0,36.0,124.0,2.0,12.0,1,0
985,7541.2,10097.7,45.0,,2.0,9.0,1,0
986,7602.3,10100.4,35.0,64.0,2.0,5.0,1,1
987,7640.5,10095.5,18.0,42.0,2.0,5.0,1,1
988,7699.3,10099.0,27.0,,2.0,5.0,1,1
989,7746.0,10104.2,33.0,66.0,2.0,5.0,1,1
990,7799.3,10099.6,35.0,,4.2,5.0,0,1
991,7854.9,10095.5,34.0,67.0,2.0,5.0,1,1
992,7898.1,10099.1,70.0,,2.0,8.0,1,0
993,7949.2,10098.7,40.0,104.0,7.7,5.0,0,1
994,8002.7,10094.9,52.0,,4.1,5.0,0,1
995,8041.0,10098.6,49.0,132.0,4.2,5.0,0,0
996,8100.2,10099.7,83.0,176.0,4.4,8.0,0,0
997,8153.8,10098.6,39.0,105.0,2.0,6.0,0,0
998,8194.5,10093.2,30.0,78.0,2.0,5.0,1,0
999,8245.6,10106.5,75.0,116.0,12.3,6.0,0,0
1000,8300.7,10099.3,34.0,,2.0,6.0,1,0
1001,8356.0,10101.7,29.0,157.0,2.0,7.0,1,0
1002,8445.5,10101.1,27.0,,2.0,5.0,1,1
1003,3752.9,10304.4,32.0,53.0,3.2,5.0,0,1
1004,3803.0,10301.4,43.0,78.0,2.9,5.0,0,1
1005,3846.8,10298.8,39.0,34.0,2.0,5.0,1,1
1006,3900.0,10295.3,62.0,23.0,2.4,9.0,0,0
1007,3952.4,10302.0,37.0,,5.5,15.0,0,0
1008,3990.2,10299.8,55.0,42.0,2.2,7.0,0,0
1009,4055.4,10301.1,49.0,53.0,5.2,5.0,0,1
1010,4098.2,10295.4,32.0,,2.0,11.0,1,0
1011,4150.1,10296.6,33.0,24.0,2.0,5.0,1,1
1012,4211.6,10296.5,21.0,,2.9,6.0,0,0
1013,4251.6,10298.9,24.0,82.0,2.0,6.0,1,0
1014,4296.7,10299.1,41.0,,2.0,11.0,1,0
1015,4346.6,10298.8,19.0,,2.0,5.0,1,1
1016,4395.3,10297.0,21.0,91.0,2.0,13.0,1,0
1017,4445.4,10306.4,28.0,99.0,2.3,9.0,0,0
1018,4501.3,10296.8,34.0,147.0,2.0,8.0,1,0
1019,4552.1,10297.5,23.0,,2.0,5.0,1,0
1020,4593.3,10303.0,21.0,117.0,2.0,5.0,1,1
1021,4657.2,10294.4,31.0,69.0,2.0,6.0,1,0
1022,4703.3,10304.4,18.0,58.0,2.0,5.0,1,1
1023,4748.6,10301.4,27.0,59.0,2.0,5.0,1,0
1024,4798.7,10299.5,27.0,,2.0,9.0,1,0
1025,4845.9,10300.1,26.0,,2.0,5.0,1,0
1026,4896.5,10302.4,45.0,132.0,5.5,7.0,0,0
1027,4950.7,10302.3,22.0,57.0,2.0,6.0,1,0
1028,4997.6,10301.7,21.0,,2.0,5.0,1,1
1029,5049.2,10300.8,24.0,,4.9,5.0,0,1
1030,5099.5,10292.1,24.0,54.0,3.1,5.0,0,0
1031,5149.6,10305.5,22.0,31.0,2.0,5.0,1,1
1032,5204.5,10299.1,20.0,28.0,2.0,5.0,1,1
1033,5248.4,10295.0,40.0,77.0,2.8,13.0,0,0
1034,5299.9,10302.5,32.0,52.0,2.6,5.0,0,0
1035,5354.3,10302.0,55.0,86.0,2.0,5.0,1,1
1036,5396.4,10292.2,37.0,62.0,5.1,5.0,0,1
1037,5455.3,10306.4,32.0,,2.2,6.0,0,0
1038,5606.3,10297.9,27.0,44.0,2.5,5.0,0,1
1039,5653.6,10302.0,35.0,44.0,3.9,5.0,0,1
1040,5751.3,10296.4,39.0,35.0,2.0,10.0,1,0
1041,5806.4,10297.7,53.0,72.0,2.0,5.0,1,0
1042,5848.8,10299.8,35.0,,4.1,5.0,0,1
1043,5949.0,10297.4,39.0,38.0,2.6,6.0,0,0
1044,6000.2,10296.9,20.0,29.0,2.0,6.0,1,0
1045,6050.1,10299.9,63.0,,5.0,14.0,0,0
1046,6091.0,10300.7,29.0,25.0,2.0,5.0,1,1
1047,6149.2,10289.5,47.0,56.0,2.7,7.0,0,0
1048,6203.0,10299.3,54.0,,2.3,9.0,0,0
1049,6249.5,10295.2,57.0,54.0,2.0,17.0,1,0
1050,6298.9,10304.6,40.0,26.0,2.0,12.0,1,0
1051,6350.7,10301.9,55.0,,2.5,33.0,0,0
1052,6401.5,10295.4,91.0,,4.7,84.0,0,0
1053,6443.0,10299.3,85.0,,9.3,38.0,0,0
1054,6498.2,10303.4,114.0,,7.0,65.0,0,0
1055,6548.0,10300.4,139.0,,36.0,24.0,0,0
1056,6596.7,10292.9,139.0,191.0,5.2,15.0,0,0
1057,6650.2,10302.0,165.0,,10.6,12.0,0,0
1058,6697.5,10295.1,73.0,85.0,7.3,16.0,0,0
1059,6746.9,10295.3,106.0,119.0,9.6,11.0,0,0
1060,6799.4,10300.5,148.0,106.0,20.5,12.0,0,0
1061,6851.4,10299.9,125.0,96.0,25.9,46.0,0,0
1062,6899.7,10306.1,84.0,,8.2,8.0,0,0
1063,6953.3,10300.0,161.0,,28.3,17.0,0,0
1064,6998.9,10300.6,92.0,111.0,4.8,35.0,0,0
1065,7058.6,10296.1,72.0,35.0,7.4,43.0,0,0
1066,7104.4,10298.9,143.0,,4.8,53.0,0,0
1067,7157.9,10302.0,101.0,105.0,9.5,33.0,0,0
1068,7197.0,10294.9,112.0,98.0,5.7,69.0,0,0
1069,7300.1,10299.6,59.0,102.0,11.2,7.0,0,0
1070,7353.9,10301.5,59.0,,4.1,9.0,0,0
1071,7406.1,10301.7,44.0,81.0,18.7,6.0,0,0
1072,7447.1,10296.8,47.0,,2.0,5.0,1,0
1073,7505.2,10302.2,38.0,,2.5,5.0,0,0
1074,7550.7,10296.7,23.0,,2.0,5.0,1,0
1075,7593.9,10299.5,46.0,,2.0,5.0,1,0
1076,7648.7,10297.6,30.0,,2.0,5.0,1,1
1077,7702.5,10294.4,49.0,79.0,4.5,5.0,0,1
1078,7748.2,10301.9,50.0,97.0,3.8,5.0,0,1
1079,7801.1,10303.7,66.0,65.0,4.8,5.0,0,1
1080,7852.9,10297.9,63.0,152.0,10.2,5.0,0,1
1081,7901.1,10298.6,78.0,96.0,2.0,5.0,1,1
1082,7957.1,10299.6,20.0,65.0,2.6,5.0,0,1
1083,7999.9,10298.9,41.0,76.0,2.5,5.0,0,0
1084,8043.4,10299.4,31.0,94.0,3.8,5.0,0,1
1085,8102.5,10307.8,38.0,232.0,2.0,5.0,1,1
1086,8146.9,10298.8,38.0,,2.0,5.0,1,1
1087,8203.5,10302.2,25.0,,2.0,5.0,1,1
1088,8250.4,10303.0,45.0,162.0,2.0,5.0,1,1
1089,8295.2,10292.0,57.0,142.0,13.0,5.0,0,1
1090,8344.2,10299.6,38.0,,2.0,5.0,1,1
1091,4102.4,10500.1,32.0,,2.0,13.0,1,0
1092,4155.6,10495.3,37.0,,4.7,6.0,0,0
1093,4196.2,10500.0,33.0,,2.7,6.0,0,0
1094,4244.9,10498.6,41.0,45.0,2.0,10.0,1,0
1095,4354.0,10502.0,17.0,77.0,2.0,6.0,1,0
1096,4450.1,10505.1,16.0,61.0,2.0,11.0,1,0
1097,4488.2,10501.7,30.0,85.0,5.4,10.0,0,0
1098,4549.7,10507.4,25.0,63.0,3.2,8.0,0,0
1099,4597.8,10494.8,19.0,,2.0,8.0,1,0
1100,4650.4,10497.4,17.0,68.0,2.0,5.0,1,1
1101,4703.8,10502.8,23.0,63.0,2.0,12.0,1,0
1102,4751.9,10509.6,24.0,62.0,2.5,8.0,0,0
1103,4799.1,10500.6,40.0,127.0,2.0,11.0,1,0
1104,4850.2,10497.1,31.0,,2.0,7.0,1,0
1105,4944.8,10498.9,24.0,61.0,2.0,14.0,0,0
1106,5007.0,10498.7,18.0,63.0,2.0,13.0,1,0
1107,5048.6,10510.3,17.0,48.0,2.0,7.0,1,0
1108,5093.8,10502.1,19.0,,2.0,5.0,1,0
1109,5156.5,10493.7,30.0,73.0,6.0,7.0,0,0
1110,5200.0,10509.0,21.0,78.0,2.3,5.0,0,1
1111,5254.8,10496.3,21.0,77.0,2.0,5.0,1,1
1112,5301.0,10502.8,31.0,78.0,3.5,5.0,0,1
1113,5349.8,10499.6,28.0,50.0,2.0,5.0,1,1
1114,5407.2,10500.1,28.0,,2.0,5.0,1,1
1115,5457.9,10503.6,45.0,70.0,5.3,5.0,0,1
1116,5499.8,10499.7,33.0,47.0,2.0,6.0,1,0
1117,5596.6,10503.9,36.0,55.0,4.9,5.0,0,1
1118,5650.2,10499.2,36.0,63.0,2.0,8.0,1,0
1119,5697.9,10497.6,28.0,47.0,2.0,5.0,1,1
1120,5754.6,10495.2,28.0,29.0,2.0,5.0,1,1
1121,5853.5,10493.1,19.0,49.0,2.0,5.0,1,1
1122,5903.1,10498.9,50.0,89.0,2.5,19.0,0,0
1123,5951.4,10495.9,38.0,93.0,2.0,5.0,1,0
1124,5997.5,10501.3,37.0,27.0,2.0,9.0,1,0
1125,6046.6,10498.9,71.0,103.0,3.2,19.0,0,0
1126,6102.6,10496.5,37.0,,2.1,23.0,0,0
1127,6146.6,10503.6,83.0,113.0,6.4,30.0,0,0
1128,6199.6,10498.1,44.0,45.0,4.2,25.0,0,0
1129,6244.7,10504.0,55.0,26.0,3.9,35.0,0,0
1130,6297.4,10502.5,23.0,46.0,7.9,6.0,0,0
1131,6346.3,10493.7,57.0,,2.2,40.0,0,0
1132,6400.9,10502.5,77.0,62.0,5.4,49.0,0,0
1133,6446.1,10496.9,48.0,,3.6,46.0,0,0
1134,6494.2,10495.6,76.0,,2.0,26.0,1,0
1135,6602.6,10500.3,123.0,109.0,7.5,23.0,0,0
1136,6649.6,10498.7,180.0,112.0,34.7,10.0,0,0
1137,6745.5,10503.6,193.0,95.0,15.0,33.0,0,0
1138,6804.0,10503.2,173.0,113.0,7.6,15.0,0,0
1139,6850.4,10507.2,134.0,111.0,20.8,29.0,0,0
1140,6901.9,10496.5,121.0,,26.2,35.0,0,0
1141,6945.5,10493.3,136.0,152.0,14.1,50.0,0,0
1142,7000.4,10495.0,69.0,101.0,6.2,24.0,0,0
1143,7049.6,10494.0,164.0,112.0,8.5,34.0,0,0
1144,7097.4,10492.5,111.0,79.0,47.3,9.0,0,0
1145,7198.7,10492.2,100.0,114.0,9.6,29.0,0,0
1146,7251.8,10499.2,119.0,94.0,4.7,41.0,0,0
1147,7306.5,10507.1,115.0,,6.0,112.0,0,0
1148,7345.8,10502.6,92.0,96.0,6.2,24.0,0,0
1149,7395.8,10500.1,89.0,77.0,27.8,40.0,0,0
1150,7450.5,10493.4,51.0,155.0,4.6,21.0,0,0
1151,7505.3,10505.8,41.0,,2.0,10.0,1,0
1152,7595.7,10496.5,46.0,,2.0,7.0,1,0
1153,7647.4,10496.5,44.0,114.0,2.2,22.0,0,0
1154,7696.9,10492.5,53.0,162.0,5.3,17.0,0,0
1155,7747.5,10496.5,32.0,,2.0,7.0,1,0
1156,7799.1,10500.9,41.0,89.0,2.5,5.0,0,1
1157,7848.4,10499.1,76.0,73.0,2.3,5.0,0,1
1158,7900.6,10501.0,55.0,83.0,5.8,5.0,0,1
1159,7992.1,10499.1,72.0,71.0,9.0,5.0,0,1
1160,8051.5,10503.6,54.0,81.0,3.7,13.0,0,0
1161,4550.4,10702.1,17.0,48.0,2.0,5.0,1,1
1162,4596.5,10696.9,18.0,,2.0,5.0,1,0
1163,4649.9,10703.5,24.0,46.0,2.0,12.0,1,0
1164,4697.7,10707.2,19.0,24.0,2.0,7.0,1,0
1165,4748.5,10702.0,16.0,41.0,2.0,5.0,1,0
1166,4795.7,10691.8,42.0,,2.0,5.0,1,0
1167,4847.3,10702.5,28.0,78.0,2.0,6.0,1,0
1168,4950.9,10695.2,33.0,136.0,2.0,9.0,1,0
1169,5001.2,10698.9,37.0,,4.4,8.0,0,0
1170,5054.1,10697.7,44.0,72.0,5.0,12.0,0,0
1171,5102.2,10697.2,60.0,,13.4,9.0,0,0
1172,5143.9,10704.7,39.0,83.0,2.0,7.0,1,0
1173,5199.7,10695.4,34.0,90.0,2.2,9.0,0,0
1174,5249.3,10703.1,23.0,77.0,2.0,11.0,1,0
1175,5303.7,10701.8,15.0,,2.0,5.0,1,1
1176,5350.3,10699.2,22.0,45.0,2.0,5.0,1,1
1177,5399.2,10700.3,21.0,52.0,2.0,5.0,1,1
1178,5453.0,10700.8,19.0,65.0,3.3,5.0,0,1
1179,5498.3,10699.9,33.0,,4.5,9.0,0,0
1180,5551.1,10698.1,28.0,23.0,2.0,6.0,1,0
1181,5597.7,10709.9,31.0,,3.9,5.0,0,0
1182,5641.8,10700.1,64.0,,2.3,5.0,0,1
1183,5703.6,10702.2,38.0,,3.4,5.0,0,1
1184,5748.7,10704.7,48.0,22.0,5.6,10.0,0,0
1185,5803.4,10703.1,29.0,53.0,2.0,5.0,1,1
1186,5847.9,10699.5,28.0,,2.0,5.0,1,1
1187,5905.7,10704.2,32.0,58.0,2.7,8.0,0,0
1188,5945.1,10701.3,32.0,30.0,3.9,5.0,0,0
1189,5993.9,10703.9,19.0,46.0,2.0,8.0,1,0
1190,6039.0,10690.0,27.0,77.0,2.0,5.0,1,1
1191,6098.6,10697.0,39.0,38.0,5.7,26.0,0,0
1192,6148.8,10701.8,22.0,,2.5,5.0,0,0
1193,6203.3,10696.4,43.0,44.0,2.0,5.0,1,0
1194,6246.3,10697.0,47.0,,2.0,56.0,1,0
1195,6297.8,10697.0,52.0,77.0,2.3,15.0,0,0
1196,6364.3,10708.0,82.0,116.0,7.2,29.0,0,0
1197,6449.5,10699.8,52.0,,2.0,40.0,1,0
1198,6493.0,10696.8,33.0,,2.3,7.0,0,0
1199,6554.5,10701.3,49.0,74.0,3.4,7.0,0,0
1200,6600.3,10696.4,54.0,153.0,2.0,12.0,1,0
1201,6647.7,10695.1,46.0,,2.0,6.0,1,0
1202,6702.4,10697.9,60.0,69.0,60.2,10.0,0,0
1203,6751.3,10692.5,71.0,,51.5,33.0,0,0
1204,6798.7,10694.6,153.0,92.0,5.3,20.0,0,0
1205,6854.9,10701.9,177.0,,16.2,21.0,0,0
1206,6896.1,10700.4,171.0,119.0,7.5,50.0,0,0
1207,6947.5,10703.6,159.0,123.0,5.6,17.0,0,0
1208,6999.8,10696.4,137.0,104.0,11.2,12.0,0,0
1209,7049.2,10701.9,100.0,135.0,36.1,17.0,0,0
1210,7103.1,10700.8,191.0,193.0,27.0,121.0,0,0
1211,7199.4,10696.7,102.0,,2.0,30.0,0,0
1212,7250.4,10700.4,107.0,101.0,12.8,50.0,0,0
1213,7297.0,10701.4,144.0,,18.5,40.0,0,0
1214,7345.9,10694.9,108.0,105.0,26.9,55.0,0,0
1215,7399.9,10700.9,50.0,,2.0,13.0,0,0
1216,7456.1,10692.9,45.0,74.0,2.0,10.0,1,0
1217,7499.8,10701.0,104.0,141.0,6.0,59.0,0,0
1218,6151.3,10895.1,15.0,30.0,2.0,5.0,1,0
1219,6201.7,10896.9,15.0,,2.0,12.0,1,0
1220,6250.3,10897.9,35.0,,6.4,9.0,0,0
1221,6296.7,10899.7,43.0,63.0,5.4,12.0,0,0
1222,6354.1,10904.2,45.0,,2.6,8.0,0,0
1223,6395.5,10899.8,65.0,100.0,5.9,13.0,0,0
1224,6447.7,10897.2,60.0,,2.0,22.0,1,0
1225,6553.1,10902.5,67.0,63.0,2.0,20.0,1,0
1226,6600.3,10898.2,63.0,77.0,9.9,20.0,0,0
1227,6642.9,10901.6,84.0,,11.6,38.0,0,0
