ID,X,Y,THICKNESS_M,ASH_PCT,CV_MJKG,CATEGORY
1,24057.1,50649.8,1.6,16.5,26.45,MECHANIZED
2,24907.8,50659.5,1.32,13.2,27.33,SELECTIVE
3,25839.1,50627.5,1.07,20.8,24.86,SELECTIVE
4,26376.2,50629.6,0.81,20.4,25.24,SELECTIVE
5,27038.5,50646.9,1.04,22.4,24.34,SELECTIVE
6,27652.8,50894.8,1.75,12.9,27.7,MECHANIZED
7,28359.6,50906.1,1.22,9.1,29.14,SELECTIVE
8,22755.1,51441.3,3.45,,,MECHANIZED
9,23609.6,51286.0,1.94,14.2,27.09,MECHANIZED
10,24120.4,51523.7,1.96,19.7,25.26,MECHANIZED
11,24989.7,51564.7,1.67,,,MECHANIZED
12,25421.7,51283.0,1.96,17.1,26.1,MECHANIZED
13,26422.1,51283.7,1.31,12.9,27.57,SELECTIVE
14,27039.1,51393.0,1.18,15.1,26.86,SELECTIVE
15,27608.5,51578.4,1.51,10.4,28.58,MECHANIZED
16,28397.8,51337.7,1.37,13.4,27.38,SELECTIVE
17,29080.1,51429.8,1.58,12.7,27.53,MECHANIZED
18,29607.3,51294.1,2.2,9.5,28.5,MECHANIZED
19,22676.4,52216.7,1.59,,,MECHANIZED
20,23368.9,52042.7,2.56,19.4,25.42,MECHANIZED
21,24121.7,52367.5,2.5,14.2,27.34,MECHANIZED
22,24790.0,52156.9,2.89,9.4,29.1,MECHANIZED
23,25820.8,51955.3,1.52,21.1,25.21,MECHANIZED
24,26198.2,52059.2,1.19,16.9,26.32,SELECTIVE
25,26838.3,52248.4,2.31,9.9,28.77,MECHANIZED
26,27641.7,52227.2,1.61,18.9,25.79,MECHANIZED
27,28464.1,52102.1,2.13,10.6,28.35,MECHANIZED
28,29215.7,52062.8,1.78,19.0,25.03,MECHANIZED
29,29927.3,51940.6,1.43,8.7,28.92,MECHANIZED
30,21457.3,52748.4,4.16,13.4,27.15,MECHANIZED
31,22089.4,52884.8,4.39,4.7,30.35,MECHANIZED
32,22728.3,52617.4,3.05,10.4,28.53,MECHANIZED
33,23533.8,52698.4,3.0,6.8,29.99,MECHANIZED
34,24150.4,52806.3,2.37,5.5,30.01,MECHANIZED
35,24988.5,53018.0,2.64,,,MECHANIZED
36,25641.1,52813.8,2.61,11.0,28.36,MECHANIZED
37,26398.3,52834.3,2.21,13.1,27.42,MECHANIZED
38,26797.1,52727.7,2.27,11.4,27.77,MECHANIZED
39,27551.2,52883.6,1.57,14.3,27.4,MECHANIZED
40,28552.8,52842.7,1.23,18.0,26.11,SELECTIVE
41,28976.2,52896.1,1.49,,,MECHANIZED
42,29684.4,52830.4,1.53,10.4,28.44,MECHANIZED
43,20625.7,53650.3,1.81,5.7,30.0,MECHANIZED
44,21522.4,53474.0,1.27,,,SELECTIVE
45,22113.0,53529.2,2.65,9.4,28.67,MECHANIZED
46,22855.7,53467.1,2.28,11.9,27.71,MECHANIZED
47,23631.5,53439.0,2.31,13.9,27.51,MECHANIZED
48,23969.0,53529.6,1.79,12.2,27.56,MECHANIZED
49,24887.0,53599.9,2.65,12.2,27.61,MECHANIZED
50,25671.5,53515.5,2.78,,,MECHANIZED
51,26312.9,53515.2,1.0,8.8,29.18,SELECTIVE
52,26920.9,53353.9,1.72,,,MECHANIZED
53,27601.5,53489.0,1.47,13.3,27.97,MECHANIZED
54,28128.2,53447.7,1.6,11.4,27.87,MECHANIZED
55,28982.2,53489.4,1.48,16.9,25.88,MECHANIZED
56,29702.4,53507.5,1.9,4.0,30.45,MECHANIZED
57,30472.6,53655.5,1.73,10.8,28.31,MECHANIZED
58,31158.8,53470.8,1.55,8.6,28.59,MECHANIZED
59,20762.0,54210.1,2.25,10.6,28.7,MECHANIZED
60,21529.8,54178.4,1.25,11.4,28.13,SELECTIVE
61,22070.1,54163.7,0.83,24.9,23.28,SELECTIVE
62,22586.9,54312.7,1.76,21.9,24.79,MECHANIZED
63,23477.3,54188.7,1.97,13.0,27.04,MECHANIZED
64,24159.9,54123.8,2.65,11.4,27.92,MECHANIZED
65,24628.9,54218.1,1.34,13.5,27.66,SELECTIVE
66,25861.7,54318.6,1.12,10.7,28.62,SELECTIVE
67,26265.4,54089.0,1.05,,,SELECTIVE
68,27003.1,54244.5,1.82,7.6,29.39,MECHANIZED
69,27685.6,54300.1,1.27,6.7,30.27,SELECTIVE
70,28285.6,54328.1,1.46,9.8,28.23,MECHANIZED
71,29118.6,54134.1,0.88,14.3,27.01,SELECTIVE
72,29766.0,54241.7,1.71,14.1,27.26,MECHANIZED
73,30591.5,54208.7,2.87,,,MECHANIZED
74,31269.8,54488.4,1.21,,,SELECTIVE
75,31703.3,53959.4,1.82,4.0,30.5,MECHANIZED
76,20713.6,54706.8,2.03,12.6,27.97,MECHANIZED
77,21416.0,55057.3,2.1,,,MECHANIZED
78,22233.0,54768.2,1.13,,,SELECTIVE
79,22762.9,55006.2,1.61,14.5,26.89,MECHANIZED
80,23718.9,54785.6,1.06,16.5,26.59,SELECTIVE
81,24097.5,55034.1,1.14,12.8,27.62,SELECTIVE
82,24856.9,54776.8,1.12,13.0,27.24,SELECTIVE
83,25726.1,54698.4,1.49,5.1,29.8,MECHANIZED
84,26217.9,55016.0,1.57,10.8,28.56,MECHANIZED
85,26924.6,54991.6,1.61,7.7,29.03,MECHANIZED
86,27552.8,54993.0,0.77,12.1,27.58,UNECONOMIC
87,28456.7,55094.5,3.08,4.6,30.39,MECHANIZED
88,29070.5,54857.7,1.87,7.3,29.46,MECHANIZED
89,29788.5,55025.7,1.42,12.2,27.67,MECHANIZED
90,30410.9,54882.9,1.15,,,SELECTIVE
91,31434.0,54993.6,0.91,17.6,25.8,SELECTIVE
92,21570.1,55620.1,1.28,18.6,25.7,SELECTIVE
93,21987.9,55557.0,1.89,,,MECHANIZED
94,22854.1,55741.8,1.91,11.3,28.27,MECHANIZED
95,23304.0,55760.4,1.68,9.5,28.82,MECHANIZED
96,24311.8,55516.3,0.86,19.0,26.05,SELECTIVE
97,24852.1,55658.9,1.1,21.2,24.97,SELECTIVE
98,25565.6,55616.5,1.05,21.1,24.73,SELECTIVE
99,26172.8,55381.3,1.05,19.1,25.61,SELECTIVE
100,27291.4,55620.5,1.21,14.1,27.03,SELECTIVE
101,27726.9,55661.1,1.29,16.0,26.35,SELECTIVE
102,28560.3,55711.5,2.25,10.4,28.26,MECHANIZED
103,28976.6,55586.4,1.69,4.0,30.75,MECHANIZED
104,29808.3,55691.4,1.88,14.8,26.93,MECHANIZED
105,30428.0,55645.8,0.83,21.0,24.46,SELECTIVE
106,31227.0,55765.5,0.8,18.6,25.21,UNECONOMIC
107,31586.9,55609.6,0.92,,,SELECTIVE
108,21480.3,56344.2,1.93,15.9,26.2,MECHANIZED
109,21999.1,56136.7,1.4,21.9,24.48,SELECTIVE
110,22866.9,56195.9,1.51,11.5,27.95,MECHANIZED
111,23578.0,56481.9,1.74,,,MECHANIZED
112,24224.7,56327.5,1.63,20.3,24.9,MECHANIZED
113,24915.0,56466.3,2.28,18.6,25.73,MECHANIZED
114,25768.3,56310.1,0.67,18.4,25.44,UNECONOMIC
115,26389.1,56305.4,0.85,17.0,26.75,SELECTIVE
116,26940.4,56392.2,0.88,,,SELECTIVE
117,27689.3,56198.0,1.5,,,MECHANIZED
118,28220.2,56419.1,1.83,,,MECHANIZED
119,28984.3,56166.7,2.69,11.8,28.13,MECHANIZED
120,29768.4,56388.7,0.86,23.8,23.71,SELECTIVE
121,30292.7,56376.4,1.08,12.6,28.05,SELECTIVE
122,31247.0,56154.1,0.49,20.8,25.18,UNECONOMIC
123,22218.4,56940.4,1.66,19.1,25.43,MECHANIZED
124,22946.6,56870.7,2.29,18.1,25.16,MECHANIZED
125,23323.7,56947.4,2.3,10.3,28.88,MECHANIZED
126,24279.1,56954.0,2.11,,,MECHANIZED
127,25011.0,56815.1,1.77,15.4,26.86,MECHANIZED
128,25530.7,57164.7,2.07,7.8,29.39,MECHANIZED
129,26005.8,57037.7,1.35,17.5,25.52,SELECTIVE
130,26893.8,56911.3,0.74,10.8,28.41,UNECONOMIC
131,27661.3,56824.2,1.25,14.0,27.21,SELECTIVE
132,28511.9,57070.5,1.98,9.5,28.69,MECHANIZED
133,29247.0,57020.3,2.19,7.0,29.67,MECHANIZED
134,29687.2,57078.4,1.73,5.5,29.95,MECHANIZED
135,30339.9,56890.5,1.14,9.7,28.74,SELECTIVE
136,22800.1,57489.8,1.91,11.6,27.76,MECHANIZED
137,23269.2,57617.5,2.52,10.5,28.07,MECHANIZED
138,24330.4,57732.4,1.54,18.7,25.71,MECHANIZED
139,25120.1,57723.2,1.71,,,MECHANIZED
140,25772.0,57731.6,1.79,10.3,28.13,MECHANIZED
141,26191.7,57787.5,1.88,,,MECHANIZED
142,26911.9,57531.5,1.14,,,SELECTIVE
143,27611.0,57654.6,1.09,15.6,26.46,SELECTIVE
144,28431.6,57804.1,0.79,15.0,27.11,UNECONOMIC
145,29565.8,57680.1,1.72,15.6,27.11,MECHANIZED
146,29018.6,57226.1,1.53,12.0,27.87,MECHANIZED
147,21508.8,52547.6,3.33,16.7,26.37,MECHANIZED
148,22981.1,53226.3,3.15,13.4,26.92,MECHANIZED
149,23501.6,51825.1,2.52,12.3,27.46,MECHANIZED
150,29242.6,56789.6,1.75,10.1,28.28,MECHANIZED
151,28244.7,51511.5,1.4,14.7,26.84,MECHANIZED
152,25348.9,52676.4,2.82,8.4,29.06,MECHANIZED
153,29502.7,57741.0,1.65,18.2,26.18,MECHANIZED
154,22440.3,53081.9,4.28,5.2,30.11,MECHANIZED
155,21275.1,54321.1,2.41,8.2,29.13,MECHANIZED
156,23654.0,52655.1,3.79,4.0,30.63,MECHANIZED
157,25535.8,57394.3,2.34,13.2,27.41,MECHANIZED
158,28984.3,53463.1,1.66,11.8,28.06,MECHANIZED
159,28735.4,55857.7,2.59,7.0,29.34,MECHANIZED
160,21126.3,53065.5,3.67,8.5,29.05,MECHANIZED
161,26426.6,53022.3,2.6,9.3,29.19,MECHANIZED
162,26648.9,51811.6,2.15,13.4,27.28,MECHANIZED
163,22944.4,51588.5,2.61,12.9,27.56,MECHANIZED
164,28494.9,55305.0,2.15,8.5,29.0,MECHANIZED
165,28669.2,55639.9,2.59,5.1,30.41,MECHANIZED
166,22256.7,53283.1,2.81,11.9,27.7,MECHANIZED
167,22171.8,53439.5,3.03,6.1,29.94,MECHANIZED
168,27175.3,52276.2,2.55,11.0,28.63,MECHANIZED
169,22861.3,56664.0,2.42,15.5,26.77,MECHANIZED
170,24168.7,57362.0,3.02,7.2,29.39,MECHANIZED
171,22366.2,53273.6,5.29,5.0,30.58,MECHANIZED
172,24582.0,50607.2,2.36,7.8,29.63,MECHANIZED
173,28377.9,51055.3,1.56,6.2,30.21,MECHANIZED
174,22713.4,53807.6,2.82,12.6,27.84,MECHANIZED
175,20179.9,54247.2,3.09,10.5,28.3,MECHANIZED
176,23189.0,56481.9,3.67,6.4,30.35,MECHANIZED
177,28540.3,51611.5,2.74,9.2,28.57,MECHANIZED
178,28777.9,55317.7,2.49,4.1,30.38,MECHANIZED
179,27088.6,53608.7,3.16,,,MECHANIZED
180,24585.8,53009.4,2.5,5.7,30.1,MECHANIZED
181,23880.5,53479.4,2.44,,,MECHANIZED
182,22362.5,53017.8,4.48,4.0,30.62,MECHANIZED
183,23794.0,55973.7,2.2,9.3,28.52,MECHANIZED
184,24708.0,56451.5,2.67,13.9,27.12,MECHANIZED
185,23440.6,51619.9,3.81,5.9,29.83,MECHANIZED
186,25174.6,53174.5,4.24,,,MECHANIZED
187,21671.6,53158.7,3.79,11.1,28.04,MECHANIZED
188,24951.8,52109.9,2.23,17.5,26.33,MECHANIZED
189,29856.6,54828.3,1.12,14.4,27.12,SELECTIVE
190,28727.6,55213.8,2.84,,,MECHANIZED
191,23661.0,53648.8,4.13,10.6,28.34,MECHANIZED
192,29244.2,52192.5,2.45,13.2,27.92,MECHANIZED
193,24312.4,56910.1,2.53,,,MECHANIZED
194,21446.7,53483.0,1.92,12.7,27.86,MECHANIZED
195,28466.5,51904.2,1.79,10.9,28.15,MECHANIZED
196,30742.9,53730.4,2.38,6.7,29.85,MECHANIZED
197,21895.5,52655.4,4.49,12.0,27.43,MECHANIZED
198,22394.3,53183.2,4.47,6.0,29.7,MECHANIZED
199,23278.4,53597.8,5.35,,,MECHANIZED
200,21356.4,54951.2,2.13,15.0,26.5,MECHANIZED
201,24434.5,56890.5,3.06,,,MECHANIZED
202,25918.6,51559.9,2.13,6.4,29.58,MECHANIZED
203,24662.3,51460.5,2.7,13.3,27.62,MECHANIZED
204,25918.3,52568.2,3.05,9.4,28.97,MECHANIZED
205,25603.2,52597.1,3.41,9.3,28.89,MECHANIZED
206,22234.5,52651.6,4.81,8.0,29.42,MECHANIZED
207,26339.3,51711.3,2.09,15.5,26.75,MECHANIZED
208,21997.4,52512.5,2.96,12.0,27.89,MECHANIZED
209,29934.2,53931.9,1.49,14.3,27.55,MECHANIZED
210,22530.3,53495.5,3.55,,,MECHANIZED
211,22389.5,53543.9,3.65,,,MECHANIZED
212,21301.9,53363.7,2.95,8.0,29.29,MECHANIZED
213,21722.9,52540.1,3.55,12.9,27.42,MECHANIZED
214,27327.1,55385.3,1.7,11.4,28.15,MECHANIZED
215,23191.6,56149.1,2.64,11.6,27.35,MECHANIZED
216,30893.3,55370.4,1.49,8.0,28.59,MECHANIZED
217,23762.1,57610.5,2.25,9.1,29.11,MECHANIZED
218,26589.3,53108.8,1.47,15.0,26.75,MECHANIZED
219,27957.3,53764.8,1.06,,,SELECTIVE
220,23471.7,56110.4,3.61,7.8,28.94,MECHANIZED
221,22661.8,53476.8,3.14,5.5,30.11,MECHANIZED
222,22154.3,53568.4,3.13,4.0,30.79,MECHANIZED
223,25340.5,56650.1,2.35,6.3,29.76,MECHANIZED
224,23840.9,53850.0,2.81,,,MECHANIZED
225,27286.7,54040.9,2.03,4.3,30.87,MECHANIZED
226,23917.4,52861.9,2.62,,,MECHANIZED
227,22851.0,57348.5,2.66,6.5,29.8,MECHANIZED
228,28078.3,57782.9,1.1,19.5,25.47,SELECTIVE
229,26056.5,57703.2,2.9,6.5,29.81,MECHANIZED
230,24122.1,57924.2,2.53,11.4,27.59,MECHANIZED
231,24943.9,53897.8,3.52,,,MECHANIZED
232,22671.6,53601.5,4.29,12.1,28.37,MECHANIZED
233,24296.3,56705.3,2.21,,,MECHANIZED
234,23865.3,51990.1,2.36,14.9,27.07,MECHANIZED
235,27050.1,53788.0,2.81,,,MECHANIZED
236,24872.0,57258.9,3.04,,,MECHANIZED
237,21105.4,53005.8,4.17,9.1,28.97,MECHANIZED
238,30866.0,53695.2,2.27,11.9,27.59,MECHANIZED
239,24631.6,52276.7,3.08,11.9,27.98,MECHANIZED
240,24257.4,57426.5,3.32,8.0,29.48,MECHANIZED
241,21206.4,54630.1,1.74,16.7,26.37,MECHANIZED
242,24400.5,57038.1,2.94,15.7,26.54,MECHANIZED
243,23837.6,56303.0,3.52,8.2,28.62,MECHANIZED
244,21919.9,56954.4,1.33,16.4,26.25,SELECTIVE
245,29353.6,57563.2,1.86,7.4,29.62,MECHANIZED
246,28765.3,56996.8,1.45,,,MECHANIZED
247,23385.3,52609.8,3.72,8.8,28.65,MECHANIZED
248,22531.2,53021.7,4.32,6.2,29.63,MECHANIZED
249,21855.7,52788.6,4.17,,,MECHANIZED
250,24117.7,51581.1,2.92,12.8,27.57,MECHANIZED
251,20709.8,54171.0,2.19,8.7,29.3,MECHANIZED
252,24292.8,56575.9,2.82,16.6,26.26,MECHANIZED
253,23287.9,52598.7,4.13,4.1,30.68,MECHANIZED
254,22111.3,56318.7,2.38,17.9,26.31,MECHANIZED
255,27344.7,52597.8,2.67,7.7,29.3,MECHANIZED
256,22803.1,51428.4,4.0,10.7,28.35,MECHANIZED
257,24888.8,52046.2,2.12,15.6,26.56,MECHANIZED
258,22212.6,52765.6,3.88,10.8,27.91,MECHANIZED
259,30890.9,53868.9,2.96,5.6,30.06,MECHANIZED
260,27532.7,52726.2,1.73,12.6,27.76,MECHANIZED
261,21650.8,52439.4,4.98,13.9,27.06,MECHANIZED
262,22871.0,56377.0,2.54,6.3,29.71,MECHANIZED
263,31510.5,53977.6,1.89,7.7,29.05,MECHANIZED
264,23559.1,54240.8,2.15,15.1,26.73,MECHANIZED
265,25344.7,53095.6,2.45,7.8,29.14,MECHANIZED
266,22511.1,52864.8,2.85,11.8,28.29,MECHANIZED
267,29402.7,52578.9,2.03,7.9,29.63,MECHANIZED
268,22845.8,57803.2,2.0,,,MECHANIZED
269,22387.2,52731.4,4.09,4.0,30.38,MECHANIZED
270,23412.3,51484.6,2.9,12.5,28.05,MECHANIZED
271,23764.8,57432.5,2.38,7.0,29.5,MECHANIZED
272,27429.3,54168.0,2.37,4.0,30.92,MECHANIZED
273,21853.8,52517.2,2.94,,,MECHANIZED
274,26153.1,55427.0,1.41,9.9,28.84,MECHANIZED
275,24183.3,57812.3,2.38,8.6,29.05,MECHANIZED
276,25258.2,53635.4,3.67,4.7,30.81,MECHANIZED
277,23221.6,56211.9,3.34,9.7,28.73,MECHANIZED
278,22049.7,52725.1,5.37,11.6,27.7,MECHANIZED
279,29535.3,53439.3,1.43,,,MECHANIZED
280,20981.7,53399.5,2.12,,,MECHANIZED
281,24765.2,51247.3,2.33,17.2,26.31,MECHANIZED
282,22510.5,53617.9,3.05,10.3,28.5,MECHANIZED
283,25660.4,52918.4,2.16,7.0,29.31,MECHANIZED
284,24657.0,53865.6,2.28,17.0,26.33,MECHANIZED
285,25119.6,57210.1,1.89,8.2,29.16,MECHANIZED
286,26478.2,52598.5,2.1,10.4,27.99,MECHANIZED
287,24080.1,51649.8,1.73,19.5,25.09,MECHANIZED
288,21761.3,52519.3,4.37,9.9,28.33,MECHANIZED
289,21753.0,53824.6,1.82,7.3,29.35,MECHANIZED
290,30871.5,55130.5,1.58,,,MECHANIZED
291,23995.9,54027.1,2.93,8.1,28.95,MECHANIZED
292,22566.6,52797.2,3.06,5.1,29.97,MECHANIZED
293,27305.6,57448.7,0.98,18.0,26.18,SELECTIVE
294,25937.0,57232.6,1.75,12.0,27.59,MECHANIZED
295,22600.7,53587.0,2.85,8.8,28.67,MECHANIZED
