X,Y,Z
4950.0,1950.0,518.17
4960.0,1950.0,518.03
4970.0,1950.0,517.87
4980.0,1950.0,517.7
4990.0,1950.0,517.51
5000.0,1950.0,517.31
5010.0,1950.0,517.1
5020.0,1950.0,516.88
5030.0,1950.0,516.65
5040.0,1950.0,516.42
5050.0,1950.0,516.18
5060.0,1950.0,515.94
5070.0,1950.0,515.7
5080.0,1950.0,515.45
5090.0,1950.0,515.19
5100.0,1950.0,514.93
5110.0,1950.0,514.66
5120.0,1950.0,514.38
5130.0,1950.0,514.08
5140.0,1950.0,513.76
5150.0,1950.0,513.42
5160.0,1950.0,513.04
5170.0,1950.0,512.63
5180.0,1950.0,512.18
5190.0,1950.0,511.69
5200.0,1950.0,511.16
5210.0,1950.0,510.58
5220.0,1950.0,509.95
5230.0,1950.0,509.27
5240.0,1950.0,508.54
5250.0,1950.0,507.78
5260.0,1950.0,506.98
5270.0,1950.0,506.15
5280.0,1950.0,505.31
5290.0,1950.0,504.46
5300.0,1950.0,503.61
5310.0,1950.0,502.78
5320.0,1950.0,501.98
5330.0,1950.0,501.23
5340.0,1950.0,500.53
5350.0,1950.0,499.9
5360.0,1950.0,499.36
5370.0,1950.0,498.91
5380.0,1950.0,498.56
5390.0,1950.0,498.31
5400.0,1950.0,498.19
5410.0,1950.0,498.18
5420.0,1950.0,498.28
5430.0,1950.0,498.5
5440.0,1950.0,498.83
5450.0,1950.0,499.27
5460.0,1950.0,499.81
5470.0,1950.0,500.44
5480.0,1950.0,501.14
5490.0,1950.0,501.92
5500.0,1950.0,502.75
5510.0,1950.0,503.64
5520.0,1950.0,504.56
5530.0,1950.0,505.5
5540.0,1950.0,506.46
5550.0,1950.0,507.42
5560.0,1950.0,508.38
5570.0,1950.0,509.32
5580.0,1950.0,510.24
5590.0,1950.0,511.13
5600.0,1950.0,511.99
5610.0,1950.0,512.8
5620.0,1950.0,513.57
5630.0,1950.0,514.28
5640.0,1950.0,514.94
5650.0,1950.0,515.54
5660.0,1950.0,516.09
5670.0,1950.0,516.57
5680.0,1950.0,516.99
5690.0,1950.0,517.34
5700.0,1950.0,517.64
5710.0,1950.0,517.87
5720.0,1950.0,518.04
5730.0,1950.0,518.15
5740.0,1950.0,518.2
5750.0,1950.0,518.21
4950.0,1960.0,518.42
4960.0,1960.0,518.28
4970.0,1960.0,518.12
4980.0,1960.0,517.95
4990.0,1960.0,517.76
5000.0,1960.0,517.56
5010.0,1960.0,517.35
5020.0,1960.0,517.13
5030.0,1960.0,516.9
5040.0,1960.0,516.67
5050.0,1960.0,516.44
5060.0,1960.0,516.2
5070.0,1960.0,515.95
5080.0,1960.0,515.71
5090.0,1960.0,515.46
5100.0,1960.0,515.2
5110.0,1960.0,514.93
5120.0,1960.0,514.65
5130.0,1960.0,514.35
5140.0,1960.0,514.03
5150.0,1960.0,513.69
5160.0,1960.0,513.31
5170.0,1960.0,512.9
5180.0,1960.0,512.45
5190.0,1960.0,511.96
5200.0,1960.0,511.42
5210.0,1960.0,510.84
5220.0,1960.0,510.2
5230.0,1960.0,509.52
5240.0,1960.0,508.79
5250.0,1960.0,508.02
5260.0,1960.0,507.22
5270.0,1960.0,506.39
5280.0,1960.0,505.53
5290.0,1960.0,504.68
5300.0,1960.0,503.82
5310.0,1960.0,502.98
5320.0,1960.0,502.18
5330.0,1960.0,501.42
5340.0,1960.0,500.71
5350.0,1960.0,500.08
5360.0,1960.0,499.53
5370.0,1960.0,499.07
5380.0,1960.0,498.72
5390.0,1960.0,498.47
5400.0,1960.0,498.34
5410.0,1960.0,498.32
5420.0,1960.0,498.42
5430.0,1960.0,498.64
5440.0,1960.0,498.97
5450.0,1960.0,499.4
5460.0,1960.0,499.94
5470.0,1960.0,500.56
5480.0,1960.0,501.26
5490.0,1960.0,502.04
5500.0,1960.0,502.87
5510.0,1960.0,503.75
5520.0,1960.0,504.67
5530.0,1960.0,505.61
5540.0,1960.0,506.56
5550.0,1960.0,507.52
5560.0,1960.0,508.48
5570.0,1960.0,509.42
5580.0,1960.0,510.33
5590.0,1960.0,511.22
5600.0,1960.0,512.08
5610.0,1960.0,512.89
5620.0,1960.0,513.65
5630.0,1960.0,514.36
5640.0,1960.0,515.02
5650.0,1960.0,515.63
5660.0,1960.0,516.17
5670.0,1960.0,516.65
5680.0,1960.0,517.07
5690.0,1960.0,517.43
5700.0,1960.0,517.72
5710.0,1960.0,517.96
5720.0,1960.0,518.13
5730.0,1960.0,518.25
5740.0,1960.0,518.31
5750.0,1960.0,518.32
4950.0,1970.0,518.68
4960.0,1970.0,518.53
4970.0,1970.0,518.37
4980.0,1970.0,518.2
4990.0,1970.0,518.01
5000.0,1970.0,517.81
5010.0,1970.0,517.6
5020.0,1970.0,517.38
5030.0,1970.0,517.16
5040.0,1970.0,516.93
5050.0,1970.0,516.7
5060.0,1970.0,516.46
5070.0,1970.0,516.23
5080.0,1970.0,515.98
5090.0,1970.0,515.73
5100.0,1970.0,515.48
5110.0,1970.0,515.21
5120.0,1970.0,514.94
5130.0,1970.0,514.64
5140.0,1970.0,514.32
5150.0,1970.0,513.98
5160.0,1970.0,513.6
5170.0,1970.0,513.19
5180.0,1970.0,512.74
5190.0,1970.0,512.25
5200.0,1970.0,511.71
5210.0,1970.0,511.12
5220.0,1970.0,510.48
5230.0,1970.0,509.79
5240.0,1970.0,509.06
5250.0,1970.0,508.29
5260.0,1970.0,507.47
5270.0,1970.0,506.63
5280.0,1970.0,505.78
5290.0,1970.0,504.91
5300.0,1970.0,504.05
5310.0,1970.0,503.21
5320.0,1970.0,502.39
5330.0,1970.0,501.62
5340.0,1970.0,500.91
5350.0,1970.0,500.27
5360.0,1970.0,499.72
5370.0,1970.0,499.25
5380.0,1970.0,498.89
5390.0,1970.0,498.64
5400.0,1970.0,498.51
5410.0,1970.0,498.49
5420.0,1970.0,498.58
5430.0,1970.0,498.8
5440.0,1970.0,499.12
5450.0,1970.0,499.55
5460.0,1970.0,500.09
5470.0,1970.0,500.71
5480.0,1970.0,501.41
5490.0,1970.0,502.18
5500.0,1970.0,503.01
5510.0,1970.0,503.89
5520.0,1970.0,504.8
5530.0,1970.0,505.74
5540.0,1970.0,506.69
5550.0,1970.0,507.65
5560.0,1970.0,508.6
5570.0,1970.0,509.54
5580.0,1970.0,510.45
5590.0,1970.0,511.34
5600.0,1970.0,512.19
5610.0,1970.0,512.99
5620.0,1970.0,513.76
5630.0,1970.0,514.47
5640.0,1970.0,515.12
5650.0,1970.0,515.72
5660.0,1970.0,516.26
5670.0,1970.0,516.75
5680.0,1970.0,517.17
5690.0,1970.0,517.52
5700.0,1970.0,517.82
5710.0,1970.0,518.06
5720.0,1970.0,518.24
5730.0,1970.0,518.36
5740.0,1970.0,518.42
5750.0,1970.0,518.44
4950.0,1980.0,518.93
4960.0,1980.0,518.79
4970.0,1980.0,518.63
4980.0,1980.0,518.45
4990.0,1980.0,518.26
5000.0,1980.0,518.06
5010.0,1980.0,517.86
5020.0,1980.0,517.64
5030.0,1980.0,517.42
5040.0,1980.0,517.2
5050.0,1980.0,516.97
5060.0,1980.0,516.74
5070.0,1980.0,516.51
5080.0,1980.0,516.27
5090.0,1980.0,516.02
5100.0,1980.0,515.77
5110.0,1980.0,515.51
5120.0,1980.0,515.24
5130.0,1980.0,514.94
5140.0,1980.0,514.63
5150.0,1980.0,514.29
5160.0,1980.0,513.91
5170.0,1980.0,513.5
5180.0,1980.0,513.05
5190.0,1980.0,512.56
5200.0,1980.0,512.01
5210.0,1980.0,511.42
5220.0,1980.0,510.78
5230.0,1980.0,510.09
5240.0,1980.0,509.35
5250.0,1980.0,508.56
5260.0,1980.0,507.75
5270.0,1980.0,506.9
5280.0,1980.0,506.03
5290.0,1980.0,505.16
5300.0,1980.0,504.29
5310.0,1980.0,503.44
5320.0,1980.0,502.62
5330.0,1980.0,501.84
5340.0,1980.0,501.13
5350.0,1980.0,500.48
5360.0,1980.0,499.92
5370.0,1980.0,499.45
5380.0,1980.0,499.09
5390.0,1980.0,498.83
5400.0,1980.0,498.69
5410.0,1980.0,498.67
5420.0,1980.0,498.76
5430.0,1980.0,498.98
5440.0,1980.0,499.3
5450.0,1980.0,499.73
5460.0,1980.0,500.26
5470.0,1980.0,500.88
5480.0,1980.0,501.58
5490.0,1980.0,502.35
5500.0,1980.0,503.18
5510.0,1980.0,504.06
5520.0,1980.0,504.97
5530.0,1980.0,505.91
5540.0,1980.0,506.85
5550.0,1980.0,507.81
5560.0,1980.0,508.76
5570.0,1980.0,509.69
5580.0,1980.0,510.6
5590.0,1980.0,511.48
5600.0,1980.0,512.32
5610.0,1980.0,513.13
5620.0,1980.0,513.88
5630.0,1980.0,514.59
5640.0,1980.0,515.24
5650.0,1980.0,515.84
5660.0,1980.0,516.38
5670.0,1980.0,516.85
5680.0,1980.0,517.27
5690.0,1980.0,517.63
5700.0,1980.0,517.93
5710.0,1980.0,518.17
5720.0,1980.0,518.35
5730.0,1980.0,518.47
5740.0,1980.0,518.54
5750.0,1980.0,518.57
4950.0,1990.0,519.18
4960.0,1990.0,519.03
4970.0,1990.0,518.87
4980.0,1990.0,518.7
4990.0,1990.0,518.51
5000.0,1990.0,518.31
5010.0,1990.0,518.11
5020.0,1990.0,517.9
5030.0,1990.0,517.68
5040.0,1990.0,517.47
5050.0,1990.0,517.24
5060.0,1990.0,517.02
5070.0,1990.0,516.79
5080.0,1990.0,516.56
5090.0,1990.0,516.32
5100.0,1990.0,516.07
5110.0,1990.0,515.82
5120.0,1990.0,515.55
5130.0,1990.0,515.26
5140.0,1990.0,514.95
5150.0,1990.0,514.61
5160.0,1990.0,514.23
5170.0,1990.0,513.83
5180.0,1990.0,513.37
5190.0,1990.0,512.88
5200.0,1990.0,512.33
5210.0,1990.0,511.73
5220.0,1990.0,511.09
5230.0,1990.0,510.39
5240.0,1990.0,509.64
5250.0,1990.0,508.85
5260.0,1990.0,508.03
5270.0,1990.0,507.18
5280.0,1990.0,506.3
5290.0,1990.0,505.42
5300.0,1990.0,504.55
5310.0,1990.0,503.69
5320.0,1990.0,502.86
5330.0,1990.0,502.08
5340.0,1990.0,501.35
5350.0,1990.0,500.7
5360.0,1990.0,500.14
5370.0,1990.0,499.66
5380.0,1990.0,499.3
5390.0,1990.0,499.04
5400.0,1990.0,498.9
5410.0,1990.0,498.87
5420.0,1990.0,498.97
5430.0,1990.0,499.18
5440.0,1990.0,499.5
5450.0,1990.0,499.93
5460.0,1990.0,500.46
5470.0,1990.0,501.08
5480.0,1990.0,501.78
5490.0,1990.0,502.55
5500.0,1990.0,503.38
5510.0,1990.0,504.25
5520.0,1990.0,505.16
5530.0,1990.0,506.1
5540.0,1990.0,507.04
5550.0,1990.0,507.99
5560.0,1990.0,508.94
5570.0,1990.0,509.86
5580.0,1990.0,510.77
5590.0,1990.0,511.64
5600.0,1990.0,512.48
5610.0,1990.0,513.28
5620.0,1990.0,514.03
5630.0,1990.0,514.73
5640.0,1990.0,515.38
5650.0,1990.0,515.97
5660.0,1990.0,516.5
5670.0,1990.0,516.98
5680.0,1990.0,517.39
5690.0,1990.0,517.75
5700.0,1990.0,518.05
5710.0,1990.0,518.28
5720.0,1990.0,518.47
5730.0,1990.0,518.6
5740.0,1990.0,518.67
5750.0,1990.0,518.7
4950.0,2000.0,519.41
4960.0,2000.0,519.26
4970.0,2000.0,519.1
4980.0,2000.0,518.93
4990.0,2000.0,518.74
5000.0,2000.0,517.3
5010.0,2000.0,517.3
5020.0,2000.0,517.3
5030.0,2000.0,517.3
5040.0,2000.0,517.3
5050.0,2000.0,517.3
5060.0,2000.0,517.3
5070.0,2000.0,517.3
5080.0,2000.0,517.3
5090.0,2000.0,517.3
5100.0,2000.0,517.3
5110.0,2000.0,517.3
5120.0,2000.0,517.3
5130.0,2000.0,517.3
5140.0,2000.0,517.3
5150.0,2000.0,517.3
5160.0,2000.0,517.3
5170.0,2000.0,517.3
5180.0,2000.0,517.3
5190.0,2000.0,517.3
5200.0,2000.0,517.3
5210.0,2000.0,517.3
5220.0,2000.0,517.3
5230.0,2000.0,517.3
5240.0,2000.0,517.3
5250.0,2000.0,517.3
5260.0,2000.0,517.3
5270.0,2000.0,517.3
5280.0,2000.0,517.3
5290.0,2000.0,517.3
5300.0,2000.0,517.3
5310.0,2000.0,517.3
5320.0,2000.0,517.3
5330.0,2000.0,517.3
5340.0,2000.0,517.3
5350.0,2000.0,517.3
5360.0,2000.0,517.3
5370.0,2000.0,517.3
5380.0,2000.0,517.3
5390.0,2000.0,517.3
5400.0,2000.0,517.3
5410.0,2000.0,517.3
5420.0,2000.0,517.3
5430.0,2000.0,517.3
5440.0,2000.0,517.3
5450.0,2000.0,517.3
5460.0,2000.0,517.3
5470.0,2000.0,517.3
5480.0,2000.0,517.3
5490.0,2000.0,517.3
5500.0,2000.0,517.3
5510.0,2000.0,517.3
5520.0,2000.0,517.3
5530.0,2000.0,517.3
5540.0,2000.0,517.3
5550.0,2000.0,517.3
5560.0,2000.0,517.3
5570.0,2000.0,517.3
5580.0,2000.0,517.3
5590.0,2000.0,517.3
5600.0,2000.0,517.3
5610.0,2000.0,517.3
5620.0,2000.0,517.3
5630.0,2000.0,517.3
5640.0,2000.0,517.3
5650.0,2000.0,517.3
5660.0,2000.0,517.3
5670.0,2000.0,517.3
5680.0,2000.0,517.3
5690.0,2000.0,517.3
5700.0,2000.0,517.3
5710.0,2000.0,518.41
5720.0,2000.0,518.6
5730.0,2000.0,518.73
5740.0,2000.0,518.81
5750.0,2000.0,518.84
4950.0,2010.0,519.62
4960.0,2010.0,519.47
4970.0,2010.0,519.31
4980.0,2010.0,519.14
4990.0,2010.0,518.96
5000.0,2010.0,517.36
5010.0,2010.0,517.36
5020.0,2010.0,517.36
5030.0,2010.0,517.36
5040.0,2010.0,517.36
5050.0,2010.0,517.36
5060.0,2010.0,517.36
5070.0,2010.0,517.36
5080.0,2010.0,517.36
5090.0,2010.0,517.36
5100.0,2010.0,517.36
5110.0,2010.0,517.36
5120.0,2010.0,517.36
5130.0,2010.0,517.36
5140.0,2010.0,517.36
5150.0,2010.0,517.36
5160.0,2010.0,517.36
5170.0,2010.0,517.36
5180.0,2010.0,517.36
5190.0,2010.0,517.36
5200.0,2010.0,517.36
5210.0,2010.0,517.36
5220.0,2010.0,517.36
5230.0,2010.0,517.36
5240.0,2010.0,517.36
5250.0,2010.0,517.36
5260.0,2010.0,517.36
5270.0,2010.0,517.36
5280.0,2010.0,517.36
5290.0,2010.0,517.36
5300.0,2010.0,517.36
5310.0,2010.0,517.36
5320.0,2010.0,517.36
5330.0,2010.0,517.36
5340.0,2010.0,517.36
5350.0,2010.0,517.36
5360.0,2010.0,517.36
5370.0,2010.0,517.36
5380.0,2010.0,517.36
5390.0,2010.0,517.36
5400.0,2010.0,517.36
5410.0,2010.0,517.36
5420.0,2010.0,517.36
5430.0,2010.0,517.36
5440.0,2010.0,517.36
5450.0,2010.0,517.36
5460.0,2010.0,517.36
5470.0,2010.0,517.36
5480.0,2010.0,517.36
5490.0,2010.0,517.36
5500.0,2010.0,517.36
5510.0,2010.0,517.36
5520.0,2010.0,517.36
5530.0,2010.0,517.36
5540.0,2010.0,517.36
5550.0,2010.0,517.36
5560.0,2010.0,517.36
5570.0,2010.0,517.36
5580.0,2010.0,517.36
5590.0,2010.0,517.36
5600.0,2010.0,517.36
5610.0,2010.0,517.36
5620.0,2010.0,517.36
5630.0,2010.0,517.36
5640.0,2010.0,517.36
5650.0,2010.0,517.36
5660.0,2010.0,517.36
5670.0,2010.0,517.36
5680.0,2010.0,517.36
5690.0,2010.0,517.36
5700.0,2010.0,517.36
5710.0,2010.0,518.55
5720.0,2010.0,518.74
5730.0,2010.0,518.87
5740.0,2010.0,518.96
5750.0,2010.0,519.0
4950.0,2020.0,519.81
4960.0,2020.0,519.66
4970.0,2020.0,519.5
4980.0,2020.0,519.33
4990.0,2020.0,519.16
5000.0,2020.0,517.42
5010.0,2020.0,517.42
5020.0,2020.0,517.42
5030.0,2020.0,517.42
5040.0,2020.0,517.42
5050.0,2020.0,517.42
5060.0,2020.0,517.42
5070.0,2020.0,517.42
5080.0,2020.0,517.42
5090.0,2020.0,517.42
5100.0,2020.0,517.42
5110.0,2020.0,517.42
5120.0,2020.0,517.42
5130.0,2020.0,517.42
5140.0,2020.0,517.42
5150.0,2020.0,517.42
5160.0,2020.0,517.42
5170.0,2020.0,517.42
5180.0,2020.0,517.42
5190.0,2020.0,517.42
5200.0,2020.0,517.42
5210.0,2020.0,517.42
5220.0,2020.0,517.42
5230.0,2020.0,517.42
5240.0,2020.0,517.42
5250.0,2020.0,517.42
5260.0,2020.0,517.42
5270.0,2020.0,517.42
5280.0,2020.0,517.42
5290.0,2020.0,517.42
5300.0,2020.0,517.42
5310.0,2020.0,517.42
5320.0,2020.0,517.42
5330.0,2020.0,517.42
5340.0,2020.0,517.42
5350.0,2020.0,517.42
5360.0,2020.0,517.42
5370.0,2020.0,517.42
5380.0,2020.0,517.42
5390.0,2020.0,517.42
5400.0,2020.0,517.42
5410.0,2020.0,517.42
5420.0,2020.0,517.42
5430.0,2020.0,517.42
5440.0,2020.0,517.42
5450.0,2020.0,517.42
5460.0,2020.0,517.42
5470.0,2020.0,517.42
5480.0,2020.0,517.42
5490.0,2020.0,517.42
5500.0,2020.0,517.42
5510.0,2020.0,517.42
5520.0,2020.0,517.42
5530.0,2020.0,517.42
5540.0,2020.0,517.42
5550.0,2020.0,517.42
5560.0,2020.0,517.42
5570.0,2020.0,517.42
5580.0,2020.0,517.42
5590.0,2020.0,517.42
5600.0,2020.0,517.42
5610.0,2020.0,517.42
5620.0,2020.0,517.42
5630.0,2020.0,517.42
5640.0,2020.0,517.42
5650.0,2020.0,517.42
5660.0,2020.0,517.42
5670.0,2020.0,517.42
5680.0,2020.0,517.42
5690.0,2020.0,517.42
5700.0,2020.0,517.42
5710.0,2020.0,518.7
5720.0,2020.0,518.88
5730.0,2020.0,519.02
5740.0,2020.0,519.11
5750.0,2020.0,519.16
4950.0,2030.0,519.96
4960.0,2030.0,519.82
4970.0,2030.0,519.66
4980.0,2030.0,519.5
4990.0,2030.0,519.33
5000.0,2030.0,517.48
5010.0,2030.0,517.48
5020.0,2030.0,517.48
5030.0,2030.0,517.48
5040.0,2030.0,517.48
5050.0,2030.0,517.48
5060.0,2030.0,517.48
5070.0,2030.0,517.48
5080.0,2030.0,517.48
5090.0,2030.0,517.48
5100.0,2030.0,517.48
5110.0,2030.0,517.48
5120.0,2030.0,517.48
5130.0,2030.0,517.48
5140.0,2030.0,517.48
5150.0,2030.0,517.48
5160.0,2030.0,517.48
5170.0,2030.0,517.48
5180.0,2030.0,517.48
5190.0,2030.0,517.48
5200.0,2030.0,517.48
5210.0,2030.0,517.48
5220.0,2030.0,517.48
5230.0,2030.0,517.48
5240.0,2030.0,517.48
5250.0,2030.0,517.48
5260.0,2030.0,517.48
5270.0,2030.0,517.48
5280.0,2030.0,517.48
5290.0,2030.0,517.48
5300.0,2030.0,517.48
5310.0,2030.0,517.48
5320.0,2030.0,517.48
5330.0,2030.0,517.48
5340.0,2030.0,517.48
5350.0,2030.0,517.48
5360.0,2030.0,517.48
5370.0,2030.0,517.48
5380.0,2030.0,517.48
5390.0,2030.0,517.48
5400.0,2030.0,517.48
5410.0,2030.0,517.48
5420.0,2030.0,517.48
5430.0,2030.0,517.48
5440.0,2030.0,517.48
5450.0,2030.0,517.48
5460.0,2030.0,517.48
5470.0,2030.0,517.48
5480.0,2030.0,517.48
5490.0,2030.0,517.48
5500.0,2030.0,517.48
5510.0,2030.0,517.48
5520.0,2030.0,517.48
5530.0,2030.0,517.48
5540.0,2030.0,517.48
5550.0,2030.0,517.48
5560.0,2030.0,517.48
5570.0,2030.0,517.48
5580.0,2030.0,517.48
5590.0,2030.0,517.48
5600.0,2030.0,517.48
5610.0,2030.0,517.48
5620.0,2030.0,517.48
5630.0,2030.0,517.48
5640.0,2030.0,517.48
5650.0,2030.0,517.48
5660.0,2030.0,517.48
5670.0,2030.0,517.48
5680.0,2030.0,517.48
5690.0,2030.0,517.48
5700.0,2030.0,517.48
5710.0,2030.0,518.85
5720.0,2030.0,519.04
5730.0,2030.0,519.18
5740.0,2030.0,519.27
5750.0,2030.0,519.33
4950.0,2040.0,520.09
4960.0,2040.0,519.94
4970.0,2040.0,519.79
4980.0,2040.0,519.63
4990.0,2040.0,519.46
5000.0,2040.0,517.54
5010.0,2040.0,517.54
5020.0,2040.0,517.54
5030.0,2040.0,517.54
5040.0,2040.0,517.54
5050.0,2040.0,517.54
5060.0,2040.0,517.54
5070.0,2040.0,517.54
5080.0,2040.0,517.54
5090.0,2040.0,517.54
5100.0,2040.0,517.54
5110.0,2040.0,517.54
5120.0,2040.0,517.54
5130.0,2040.0,517.54
5140.0,2040.0,517.54
5150.0,2040.0,517.54
5160.0,2040.0,517.54
5170.0,2040.0,517.54
5180.0,2040.0,517.54
5190.0,2040.0,517.54
5200.0,2040.0,517.54
5210.0,2040.0,517.54
5220.0,2040.0,517.54
5230.0,2040.0,517.54
5240.0,2040.0,517.54
5250.0,2040.0,517.54
5260.0,2040.0,517.54
5270.0,2040.0,517.54
5280.0,2040.0,517.54
5290.0,2040.0,517.54
5300.0,2040.0,517.54
5310.0,2040.0,517.54
5320.0,2040.0,517.54
5330.0,2040.0,517.54
5340.0,2040.0,517.54
5350.0,2040.0,517.54
5360.0,2040.0,517.54
5370.0,2040.0,517.54
5380.0,2040.0,517.54
5390.0,2040.0,517.54
5400.0,2040.0,517.54
5410.0,2040.0,517.54
5420.0,2040.0,517.54
5430.0,2040.0,517.54
5440.0,2040.0,517.54
5450.0,2040.0,517.54
5460.0,2040.0,517.54
5470.0,2040.0,517.54
5480.0,2040.0,517.54
5490.0,2040.0,517.54
5500.0,2040.0,517.54
5510.0,2040.0,517.54
5520.0,2040.0,517.54
5530.0,2040.0,517.54
5540.0,2040.0,517.54
5550.0,2040.0,517.54
5560.0,2040.0,517.54
5570.0,2040.0,517.54
5580.0,2040.0,517.54
5590.0,2040.0,517.54
5600.0,2040.0,517.54
5610.0,2040.0,517.54
5620.0,2040.0,517.54
5630.0,2040.0,517.54
5640.0,2040.0,517.54
5650.0,2040.0,517.54
5660.0,2040.0,517.54
5670.0,2040.0,517.54
5680.0,2040.0,517.54
5690.0,2040.0,517.54
5700.0,2040.0,517.54
5710.0,2040.0,519.01
5720.0,2040.0,519.19
5730.0,2040.0,519.34
5740.0,2040.0,519.44
5750.0,2040.0,519.5
4950.0,2050.0,520.17
4960.0,2050.0,520.03
4970.0,2050.0,519.88
4980.0,2050.0,519.73
4990.0,2050.0,519.57
5000.0,2050.0,517.6
5010.0,2050.0,517.6
5020.0,2050.0,517.6
5030.0,2050.0,517.6
5040.0,2050.0,517.6
5050.0,2050.0,517.6
5060.0,2050.0,517.6
5070.0,2050.0,517.6
5080.0,2050.0,517.6
5090.0,2050.0,517.6
5100.0,2050.0,517.6
5110.0,2050.0,517.6
5120.0,2050.0,517.6
5130.0,2050.0,517.6
5140.0,2050.0,517.6
5150.0,2050.0,517.6
5160.0,2050.0,517.6
5170.0,2050.0,517.6
5180.0,2050.0,517.6
5190.0,2050.0,517.6
5200.0,2050.0,517.6
5210.0,2050.0,517.6
5220.0,2050.0,517.6
5230.0,2050.0,517.6
5240.0,2050.0,517.6
5250.0,2050.0,517.6
5260.0,2050.0,517.6
5270.0,2050.0,517.6
5280.0,2050.0,517.6
5290.0,2050.0,517.6
5300.0,2050.0,517.6
5310.0,2050.0,517.6
5320.0,2050.0,517.6
5330.0,2050.0,517.6
5340.0,2050.0,517.6
5350.0,2050.0,517.6
5360.0,2050.0,517.6
5370.0,2050.0,517.6
5380.0,2050.0,517.6
5390.0,2050.0,517.6
5400.0,2050.0,517.6
5410.0,2050.0,517.6
5420.0,2050.0,517.6
5430.0,2050.0,517.6
5440.0,2050.0,517.6
5450.0,2050.0,517.6
5460.0,2050.0,517.6
5470.0,2050.0,517.6
5480.0,2050.0,517.6
5490.0,2050.0,517.6
5500.0,2050.0,517.6
5510.0,2050.0,517.6
5520.0,2050.0,517.6
5530.0,2050.0,517.6
5540.0,2050.0,517.6
5550.0,2050.0,517.6
5560.0,2050.0,517.6
5570.0,2050.0,517.6
5580.0,2050.0,517.6
5590.0,2050.0,517.6
5600.0,2050.0,517.6
5610.0,2050.0,517.6
5620.0,2050.0,517.6
5630.0,2050.0,517.6
5640.0,2050.0,517.6
5650.0,2050.0,517.6
5660.0,2050.0,517.6
5670.0,2050.0,517.6
5680.0,2050.0,517.6
5690.0,2050.0,517.6
5700.0,2050.0,517.6
5710.0,2050.0,519.17
5720.0,2050.0,519.35
5730.0,2050.0,519.5
5740.0,2050.0,519.6
5750.0,2050.0,519.67
4950.0,2060.0,520.22
4960.0,2060.0,520.08
4970.0,2060.0,519.94
4980.0,2060.0,519.79
4990.0,2060.0,519.64
5000.0,2060.0,517.66
5010.0,2060.0,517.66
5020.0,2060.0,517.66
5030.0,2060.0,517.66
5040.0,2060.0,517.66
5050.0,2060.0,517.66
5060.0,2060.0,517.66
5070.0,2060.0,517.66
5080.0,2060.0,517.66
5090.0,2060.0,517.66
5100.0,2060.0,517.66
5110.0,2060.0,517.66
5120.0,2060.0,517.66
5130.0,2060.0,517.66
5140.0,2060.0,517.66
5150.0,2060.0,517.66
5160.0,2060.0,517.66
5170.0,2060.0,517.66
5180.0,2060.0,517.66
5190.0,2060.0,517.66
5200.0,2060.0,517.66
5210.0,2060.0,517.66
5220.0,2060.0,517.66
5230.0,2060.0,517.66
5240.0,2060.0,517.66
5250.0,2060.0,517.66
5260.0,2060.0,517.66
5270.0,2060.0,517.66
5280.0,2060.0,517.66
5290.0,2060.0,517.66
5300.0,2060.0,517.66
5310.0,2060.0,517.66
5320.0,2060.0,517.66
5330.0,2060.0,517.66
5340.0,2060.0,517.66
5350.0,2060.0,517.66
5360.0,2060.0,517.66
5370.0,2060.0,517.66
5380.0,2060.0,517.66
5390.0,2060.0,517.66
5400.0,2060.0,517.66
5410.0,2060.0,517.66
5420.0,2060.0,517.66
5430.0,2060.0,517.66
5440.0,2060.0,517.66
5450.0,2060.0,517.66
5460.0,2060.0,517.66
5470.0,2060.0,517.66
5480.0,2060.0,517.66
5490.0,2060.0,517.66
5500.0,2060.0,517.66
5510.0,2060.0,517.66
5520.0,2060.0,517.66
5530.0,2060.0,517.66
5540.0,2060.0,517.66
5550.0,2060.0,517.66
5560.0,2060.0,517.66
5570.0,2060.0,517.66
5580.0,2060.0,517.66
5590.0,2060.0,517.66
5600.0,2060.0,517.66
5610.0,2060.0,517.66
5620.0,2060.0,517.66
5630.0,2060.0,517.66
5640.0,2060.0,517.66
5650.0,2060.0,517.66
5660.0,2060.0,517.66
5670.0,2060.0,517.66
5680.0,2060.0,517.66
5690.0,2060.0,517.66
5700.0,2060.0,517.66
5710.0,2060.0,519.32
5720.0,2060.0,519.51
5730.0,2060.0,519.66
5740.0,2060.0,519.77
5750.0,2060.0,519.85
4950.0,2070.0,520.23
4960.0,2070.0,520.1
4970.0,2070.0,519.96
4980.0,2070.0,519.81
4990.0,2070.0,519.67
5000.0,2070.0,517.72
5010.0,2070.0,517.72
5020.0,2070.0,517.72
5030.0,2070.0,517.72
5040.0,2070.0,517.72
5050.0,2070.0,517.72
5060.0,2070.0,517.72
5070.0,2070.0,517.72
5080.0,2070.0,517.72
5090.0,2070.0,517.72
5100.0,2070.0,517.72
5110.0,2070.0,517.72
5120.0,2070.0,517.72
5130.0,2070.0,517.72
5140.0,2070.0,517.72
5150.0,2070.0,517.72
5160.0,2070.0,517.72
5170.0,2070.0,517.72
5180.0,2070.0,517.72
5190.0,2070.0,517.72
5200.0,2070.0,517.72
5210.0,2070.0,517.72
5220.0,2070.0,517.72
5230.0,2070.0,517.72
5240.0,2070.0,517.72
5250.0,2070.0,517.72
5260.0,2070.0,517.72
5270.0,2070.0,517.72
5280.0,2070.0,517.72
5290.0,2070.0,517.72
5300.0,2070.0,517.72
5310.0,2070.0,517.72
5320.0,2070.0,517.72
5330.0,2070.0,517.72
5340.0,2070.0,517.72
5350.0,2070.0,517.72
5360.0,2070.0,517.72
5370.0,2070.0,517.72
5380.0,2070.0,517.72
5390.0,2070.0,517.72
5400.0,2070.0,517.72
5410.0,2070.0,517.72
5420.0,2070.0,517.72
5430.0,2070.0,517.72
5440.0,2070.0,517.72
5450.0,2070.0,517.72
5460.0,2070.0,517.72
5470.0,2070.0,517.72
5480.0,2070.0,517.72
5490.0,2070.0,517.72
5500.0,2070.0,517.72
5510.0,2070.0,517.72
5520.0,2070.0,517.72
5530.0,2070.0,517.72
5540.0,2070.0,517.72
5550.0,2070.0,517.72
5560.0,2070.0,517.72
5570.0,2070.0,517.72
5580.0,2070.0,517.72
5590.0,2070.0,517.72
5600.0,2070.0,517.72
5610.0,2070.0,517.72
5620.0,2070.0,517.72
5630.0,2070.0,517.72
5640.0,2070.0,517.72
5650.0,2070.0,517.72
5660.0,2070.0,517.72
5670.0,2070.0,517.72
5680.0,2070.0,517.72
5690.0,2070.0,517.72
5700.0,2070.0,517.72
5710.0,2070.0,519.47
5720.0,2070.0,519.66
5730.0,2070.0,519.81
5740.0,2070.0,519.93
5750.0,2070.0,520.02
4950.0,2080.0,520.21
4960.0,2080.0,520.07
4970.0,2080.0,519.94
4980.0,2080.0,519.8
4990.0,2080.0,519.67
5000.0,2080.0,517.78
5010.0,2080.0,517.78
5020.0,2080.0,517.78
5030.0,2080.0,517.78
5040.0,2080.0,517.78
5050.0,2080.0,517.78
5060.0,2080.0,517.78
5070.0,2080.0,517.78
5080.0,2080.0,517.78
5090.0,2080.0,517.78
5100.0,2080.0,517.78
5110.0,2080.0,517.78
5120.0,2080.0,517.78
5130.0,2080.0,517.78
5140.0,2080.0,517.78
5150.0,2080.0,517.78
5160.0,2080.0,517.78
5170.0,2080.0,517.78
5180.0,2080.0,517.78
5190.0,2080.0,517.78
5200.0,2080.0,517.78
5210.0,2080.0,517.78
5220.0,2080.0,517.78
5230.0,2080.0,517.78
5240.0,2080.0,517.78
5250.0,2080.0,517.78
5260.0,2080.0,517.78
5270.0,2080.0,517.78
5280.0,2080.0,517.78
5290.0,2080.0,517.78
5300.0,2080.0,517.78
5310.0,2080.0,517.78
5320.0,2080.0,517.78
5330.0,2080.0,517.78
5340.0,2080.0,517.78
5350.0,2080.0,517.78
5360.0,2080.0,517.78
5370.0,2080.0,517.78
5380.0,2080.0,517.78
5390.0,2080.0,517.78
5400.0,2080.0,517.78
5410.0,2080.0,517.78
5420.0,2080.0,517.78
5430.0,2080.0,517.78
5440.0,2080.0,517.78
5450.0,2080.0,517.78
5460.0,2080.0,517.78
5470.0,2080.0,517.78
5480.0,2080.0,517.78
5490.0,2080.0,517.78
5500.0,2080.0,517.78
5510.0,2080.0,517.78
5520.0,2080.0,517.78
5530.0,2080.0,517.78
5540.0,2080.0,517.78
5550.0,2080.0,517.78
5560.0,2080.0,517.78
5570.0,2080.0,517.78
5580.0,2080.0,517.78
5590.0,2080.0,517.78
5600.0,2080.0,517.78
5610.0,2080.0,517.78
5620.0,2080.0,517.78
5630.0,2080.0,517.78
5640.0,2080.0,517.78
5650.0,2080.0,517.78
5660.0,2080.0,517.78
5670.0,2080.0,517.78
5680.0,2080.0,517.78
5690.0,2080.0,517.78
5700.0,2080.0,517.78
5710.0,2080.0,519.61
5720.0,2080.0,519.8
5730.0,2080.0,519.96
5740.0,2080.0,520.08
5750.0,2080.0,520.18
4950.0,2090.0,520.14
4960.0,2090.0,520.01
4970.0,2090.0,519.89
4980.0,2090.0,519.76
4990.0,2090.0,519.63
5000.0,2090.0,517.84
5010.0,2090.0,517.84
5020.0,2090.0,517.84
5030.0,2090.0,517.84
5040.0,2090.0,517.84
5050.0,2090.0,517.84
5060.0,2090.0,517.84
5070.0,2090.0,517.84
5080.0,2090.0,517.84
5090.0,2090.0,517.84
5100.0,2090.0,517.84
5110.0,2090.0,517.84
5120.0,2090.0,517.84
5130.0,2090.0,517.84
5140.0,2090.0,517.84
5150.0,2090.0,517.84
5160.0,2090.0,517.84
5170.0,2090.0,517.84
5180.0,2090.0,517.84
5190.0,2090.0,517.84
5200.0,2090.0,517.84
5210.0,2090.0,517.84
5220.0,2090.0,517.84
5230.0,2090.0,517.84
5240.0,2090.0,517.84
5250.0,2090.0,517.84
5260.0,2090.0,517.84
5270.0,2090.0,517.84
5280.0,2090.0,517.84
5290.0,2090.0,517.84
5300.0,2090.0,517.84
5310.0,2090.0,517.84
5320.0,2090.0,517.84
5330.0,2090.0,517.84
5340.0,2090.0,517.84
5350.0,2090.0,517.84
5360.0,2090.0,517.84
5370.0,2090.0,517.84
5380.0,2090.0,517.84
5390.0,2090.0,517.84
5400.0,2090.0,517.84
5410.0,2090.0,517.84
5420.0,2090.0,517.84
5430.0,2090.0,517.84
5440.0,2090.0,517.84
5450.0,2090.0,517.84
5460.0,2090.0,517.84
5470.0,2090.0,517.84
5480.0,2090.0,517.84
5490.0,2090.0,517.84
5500.0,2090.0,517.84
5510.0,2090.0,517.84
5520.0,2090.0,517.84
5530.0,2090.0,517.84
5540.0,2090.0,517.84
5550.0,2090.0,517.84
5560.0,2090.0,517.84
5570.0,2090.0,517.84
5580.0,2090.0,517.84
5590.0,2090.0,517.84
5600.0,2090.0,517.84
5610.0,2090.0,517.84
5620.0,2090.0,517.84
5630.0,2090.0,517.84
5640.0,2090.0,517.84
5650.0,2090.0,517.84
5660.0,2090.0,517.84
5670.0,2090.0,517.84
5680.0,2090.0,517.84
5690.0,2090.0,517.84
5700.0,2090.0,517.84
5710.0,2090.0,519.74
5720.0,2090.0,519.93
5730.0,2090.0,520.09
5740.0,2090.0,520.22
5750.0,2090.0,520.33
4950.0,2100.0,520.05
4960.0,2100.0,519.92
4970.0,2100.0,519.8
4980.0,2100.0,519.68
4990.0,2100.0,519.56
5000.0,2100.0,517.9
5010.0,2100.0,517.9
5020.0,2100.0,517.9
5030.0,2100.0,517.9
5040.0,2100.0,517.9
5050.0,2100.0,517.9
5060.0,2100.0,517.9
5070.0,2100.0,517.9
5080.0,2100.0,517.9
5090.0,2100.0,517.9
5100.0,2100.0,517.9
5110.0,2100.0,517.9
5120.0,2100.0,517.9
5130.0,2100.0,517.9
5140.0,2100.0,517.9
5150.0,2100.0,517.9
5160.0,2100.0,517.9
5170.0,2100.0,517.9
5180.0,2100.0,517.9
5190.0,2100.0,517.9
5200.0,2100.0,517.9
5210.0,2100.0,517.9
5220.0,2100.0,517.9
5230.0,2100.0,517.9
5240.0,2100.0,517.9
5250.0,2100.0,517.9
5260.0,2100.0,517.9
5270.0,2100.0,517.9
5280.0,2100.0,517.9
5290.0,2100.0,517.9
5300.0,2100.0,517.9
5310.0,2100.0,517.9
5320.0,2100.0,517.9
5330.0,2100.0,517.9
5340.0,2100.0,517.9
5350.0,2100.0,517.9
5360.0,2100.0,517.9
5370.0,2100.0,517.9
5380.0,2100.0,517.9
5390.0,2100.0,517.9
5400.0,2100.0,517.9
5410.0,2100.0,517.9
5420.0,2100.0,517.9
5430.0,2100.0,517.9
5440.0,2100.0,517.9
5450.0,2100.0,517.9
5460.0,2100.0,517.9
5470.0,2100.0,517.9
5480.0,2100.0,517.9
5490.0,2100.0,517.9
5500.0,2100.0,517.9
5510.0,2100.0,517.9
5520.0,2100.0,517.9
5530.0,2100.0,517.9
5540.0,2100.0,517.9
5550.0,2100.0,517.9
5560.0,2100.0,517.9
5570.0,2100.0,517.9
5580.0,2100.0,517.9
5590.0,2100.0,517.9
5600.0,2100.0,517.9
5610.0,2100.0,517.9
5620.0,2100.0,517.9
5630.0,2100.0,517.9
5640.0,2100.0,517.9
5650.0,2100.0,517.9
5660.0,2100.0,517.9
5670.0,2100.0,517.9
5680.0,2100.0,517.9
5690.0,2100.0,517.9
5700.0,2100.0,517.9
5710.0,2100.0,519.86
5720.0,2100.0,520.05
5730.0,2100.0,520.21
5740.0,2100.0,520.35
5750.0,2100.0,520.47
4950.0,2110.0,519.92
4960.0,2110.0,519.8
4970.0,2110.0,519.69
4980.0,2110.0,519.58
4990.0,2110.0,519.47
5000.0,2110.0,517.96
5010.0,2110.0,517.96
5020.0,2110.0,517.96
5030.0,2110.0,517.96
5040.0,2110.0,517.96
5050.0,2110.0,517.96
5060.0,2110.0,517.96
5070.0,2110.0,517.96
5080.0,2110.0,517.96
5090.0,2110.0,517.96
5100.0,2110.0,517.96
5110.0,2110.0,517.96
5120.0,2110.0,517.96
5130.0,2110.0,517.96
5140.0,2110.0,517.96
5150.0,2110.0,517.96
5160.0,2110.0,517.96
5170.0,2110.0,517.96
5180.0,2110.0,517.96
5190.0,2110.0,517.96
5200.0,2110.0,517.96
5210.0,2110.0,517.96
5220.0,2110.0,517.96
5230.0,2110.0,517.96
5240.0,2110.0,517.96
5250.0,2110.0,517.96
5260.0,2110.0,517.96
5270.0,2110.0,517.96
5280.0,2110.0,517.96
5290.0,2110.0,517.96
5300.0,2110.0,517.96
5310.0,2110.0,517.96
5320.0,2110.0,517.96
5330.0,2110.0,517.96
5340.0,2110.0,517.96
5350.0,2110.0,517.96
5360.0,2110.0,517.96
5370.0,2110.0,517.96
5380.0,2110.0,517.96
5390.0,2110.0,517.96
5400.0,2110.0,517.96
5410.0,2110.0,517.96
5420.0,2110.0,517.96
5430.0,2110.0,517.96
5440.0,2110.0,517.96
5450.0,2110.0,517.96
5460.0,2110.0,517.96
5470.0,2110.0,517.96
5480.0,2110.0,517.96
5490.0,2110.0,517.96
5500.0,2110.0,517.96
5510.0,2110.0,517.96
5520.0,2110.0,517.96
5530.0,2110.0,517.96
5540.0,2110.0,517.96
5550.0,2110.0,517.96
5560.0,2110.0,517.96
5570.0,2110.0,517.96
5580.0,2110.0,517.96
5590.0,2110.0,517.96
5600.0,2110.0,517.96
5610.0,2110.0,517.96
5620.0,2110.0,517.96
5630.0,2110.0,517.96
5640.0,2110.0,517.96
5650.0,2110.0,517.96
5660.0,2110.0,517.96
5670.0,2110.0,517.96
5680.0,2110.0,517.96
5690.0,2110.0,517.96
5700.0,2110.0,517.96
5710.0,2110.0,519.96
5720.0,2110.0,520.15
5730.0,2110.0,520.32
5740.0,2110.0,520.46
5750.0,2110.0,520.59
4950.0,2120.0,519.77
4960.0,2120.0,519.66
4970.0,2120.0,519.55
4980.0,2120.0,519.45
4990.0,2120.0,519.35
5000.0,2120.0,518.02
5010.0,2120.0,518.02
5020.0,2120.0,518.02
5030.0,2120.0,518.02
5040.0,2120.0,518.02
5050.0,2120.0,518.02
5060.0,2120.0,518.02
5070.0,2120.0,518.02
5080.0,2120.0,518.02
5090.0,2120.0,518.02
5100.0,2120.0,518.02
5110.0,2120.0,518.02
5120.0,2120.0,518.02
5130.0,2120.0,518.02
5140.0,2120.0,518.02
5150.0,2120.0,518.02
5160.0,2120.0,518.02
5170.0,2120.0,518.02
5180.0,2120.0,518.02
5190.0,2120.0,518.02
5200.0,2120.0,518.02
5210.0,2120.0,518.02
5220.0,2120.0,518.02
5230.0,2120.0,518.02
5240.0,2120.0,518.02
5250.0,2120.0,518.02
5260.0,2120.0,518.02
5270.0,2120.0,518.02
5280.0,2120.0,518.02
5290.0,2120.0,518.02
5300.0,2120.0,518.02
5310.0,2120.0,518.02
5320.0,2120.0,518.02
5330.0,2120.0,518.02
5340.0,2120.0,518.02
5350.0,2120.0,518.02
5360.0,2120.0,518.02
5370.0,2120.0,518.02
5380.0,2120.0,518.02
5390.0,2120.0,518.02
5400.0,2120.0,518.02
5410.0,2120.0,518.02
5420.0,2120.0,518.02
5430.0,2120.0,518.02
5440.0,2120.0,518.02
5450.0,2120.0,518.02
5460.0,2120.0,518.02
5470.0,2120.0,518.02
5480.0,2120.0,518.02
5490.0,2120.0,518.02
5500.0,2120.0,518.02
5510.0,2120.0,518.02
5520.0,2120.0,518.02
5530.0,2120.0,518.02
5540.0,2120.0,518.02
5550.0,2120.0,518.02
5560.0,2120.0,518.02
5570.0,2120.0,518.02
5580.0,2120.0,518.02
5590.0,2120.0,518.02
5600.0,2120.0,518.02
5610.0,2120.0,518.02
5620.0,2120.0,518.02
5630.0,2120.0,518.02
5640.0,2120.0,518.02
5650.0,2120.0,518.02
5660.0,2120.0,518.02
5670.0,2120.0,518.02
5680.0,2120.0,518.02
5690.0,2120.0,518.02
5700.0,2120.0,518.02
5710.0,2120.0,520.04
5720.0,2120.0,520.23
5730.0,2120.0,520.4
5740.0,2120.0,520.56
5750.0,2120.0,520.7
4950.0,2130.0,519.6
4960.0,2130.0,519.5
4970.0,2130.0,519.4
4980.0,2130.0,519.31
4990.0,2130.0,519.22
5000.0,2130.0,518.08
5010.0,2130.0,518.08
5020.0,2130.0,518.08
5030.0,2130.0,518.08
5040.0,2130.0,518.08
5050.0,2130.0,518.08
5060.0,2130.0,518.08
5070.0,2130.0,518.08
5080.0,2130.0,518.08
5090.0,2130.0,518.08
5100.0,2130.0,518.08
5110.0,2130.0,518.08
5120.0,2130.0,518.08
5130.0,2130.0,518.08
5140.0,2130.0,518.08
5150.0,2130.0,518.08
5160.0,2130.0,518.08
5170.0,2130.0,518.08
5180.0,2130.0,518.08
5190.0,2130.0,518.08
5200.0,2130.0,518.08
5210.0,2130.0,518.08
5220.0,2130.0,518.08
5230.0,2130.0,518.08
5240.0,2130.0,518.08
5250.0,2130.0,518.08
5260.0,2130.0,518.08
5270.0,2130.0,518.08
5280.0,2130.0,518.08
5290.0,2130.0,518.08
5300.0,2130.0,518.08
5310.0,2130.0,518.08
5320.0,2130.0,518.08
5330.0,2130.0,518.08
5340.0,2130.0,518.08
5350.0,2130.0,518.08
5360.0,2130.0,518.08
5370.0,2130.0,518.08
5380.0,2130.0,518.08
5390.0,2130.0,518.08
5400.0,2130.0,518.08
5410.0,2130.0,518.08
5420.0,2130.0,518.08
5430.0,2130.0,518.08
5440.0,2130.0,518.08
5450.0,2130.0,518.08
5460.0,2130.0,518.08
5470.0,2130.0,518.08
5480.0,2130.0,518.08
5490.0,2130.0,518.08
5500.0,2130.0,518.08
5510.0,2130.0,518.08
5520.0,2130.0,518.08
5530.0,2130.0,518.08
5540.0,2130.0,518.08
5550.0,2130.0,518.08
5560.0,2130.0,518.08
5570.0,2130.0,518.08
5580.0,2130.0,518.08
5590.0,2130.0,518.08
5600.0,2130.0,518.08
5610.0,2130.0,518.08
5620.0,2130.0,518.08
5630.0,2130.0,518.08
5640.0,2130.0,518.08
5650.0,2130.0,518.08
5660.0,2130.0,518.08
5670.0,2130.0,518.08
5680.0,2130.0,518.08
5690.0,2130.0,518.08
5700.0,2130.0,518.08
5710.0,2130.0,520.1
5720.0,2130.0,520.29
5730.0,2130.0,520.47
5740.0,2130.0,520.64
5750.0,2130.0,520.79
4950.0,2140.0,519.43
4960.0,2140.0,519.33
4970.0,2140.0,519.24
4980.0,2140.0,519.15
4990.0,2140.0,519.08
5000.0,2140.0,518.14
5010.0,2140.0,518.14
5020.0,2140.0,518.14
5030.0,2140.0,518.14
5040.0,2140.0,518.14
5050.0,2140.0,518.14
5060.0,2140.0,518.14
5070.0,2140.0,518.14
5080.0,2140.0,518.14
5090.0,2140.0,518.14
5100.0,2140.0,518.14
5110.0,2140.0,518.14
5120.0,2140.0,518.14
5130.0,2140.0,518.14
5140.0,2140.0,518.14
5150.0,2140.0,518.14
5160.0,2140.0,518.14
5170.0,2140.0,518.14
5180.0,2140.0,518.14
5190.0,2140.0,518.14
5200.0,2140.0,518.14
5210.0,2140.0,518.14
5220.0,2140.0,518.14
5230.0,2140.0,518.14
5240.0,2140.0,518.14
5250.0,2140.0,518.14
5260.0,2140.0,518.14
5270.0,2140.0,518.14
5280.0,2140.0,518.14
5290.0,2140.0,518.14
5300.0,2140.0,518.14
5310.0,2140.0,518.14
5320.0,2140.0,518.14
5330.0,2140.0,518.14
5340.0,2140.0,518.14
5350.0,2140.0,518.14
5360.0,2140.0,518.14
5370.0,2140.0,518.14
5380.0,2140.0,518.14
5390.0,2140.0,518.14
5400.0,2140.0,518.14
5410.0,2140.0,518.14
5420.0,2140.0,518.14
5430.0,2140.0,518.14
5440.0,2140.0,518.14
5450.0,2140.0,518.14
5460.0,2140.0,518.14
5470.0,2140.0,518.14
5480.0,2140.0,518.14
5490.0,2140.0,518.14
5500.0,2140.0,518.14
5510.0,2140.0,518.14
5520.0,2140.0,518.14
5530.0,2140.0,518.14
5540.0,2140.0,518.14
5550.0,2140.0,518.14
5560.0,2140.0,518.14
5570.0,2140.0,518.14
5580.0,2140.0,518.14
5590.0,2140.0,518.14
5600.0,2140.0,518.14
5610.0,2140.0,518.14
5620.0,2140.0,518.14
5630.0,2140.0,518.14
5640.0,2140.0,518.14
5650.0,2140.0,518.14
5660.0,2140.0,518.14
5670.0,2140.0,518.14
5680.0,2140.0,518.14
5690.0,2140.0,518.14
5700.0,2140.0,518.14
5710.0,2140.0,520.14
5720.0,2140.0,520.34
5730.0,2140.0,520.52
5740.0,2140.0,520.7
5750.0,2140.0,520.86
4950.0,2150.0,519.25
4960.0,2150.0,519.15
4970.0,2150.0,519.07
4980.0,2150.0,519.0
4990.0,2150.0,518.93
5000.0,2150.0,518.2
5010.0,2150.0,518.2
5020.0,2150.0,518.2
5030.0,2150.0,518.2
5040.0,2150.0,518.2
5050.0,2150.0,518.2
5060.0,2150.0,518.2
5070.0,2150.0,518.2
5080.0,2150.0,518.2
5090.0,2150.0,518.2
5100.0,2150.0,518.2
5110.0,2150.0,518.2
5120.0,2150.0,518.2
5130.0,2150.0,518.2
5140.0,2150.0,518.2
5150.0,2150.0,518.2
5160.0,2150.0,518.2
5170.0,2150.0,518.2
5180.0,2150.0,518.2
5190.0,2150.0,518.2
5200.0,2150.0,518.2
5210.0,2150.0,518.2
5220.0,2150.0,518.2
5230.0,2150.0,518.2
5240.0,2150.0,518.2
5250.0,2150.0,518.2
5260.0,2150.0,518.2
5270.0,2150.0,518.2
5280.0,2150.0,518.2
5290.0,2150.0,518.2
5300.0,2150.0,518.2
5310.0,2150.0,518.2
5320.0,2150.0,518.2
5330.0,2150.0,518.2
5340.0,2150.0,518.2
5350.0,2150.0,518.2
5360.0,2150.0,518.2
5370.0,2150.0,518.2
5380.0,2150.0,518.2
5390.0,2150.0,518.2
5400.0,2150.0,518.2
5410.0,2150.0,518.2
5420.0,2150.0,518.2
5430.0,2150.0,518.2
5440.0,2150.0,518.2
5450.0,2150.0,518.2
5460.0,2150.0,518.2
5470.0,2150.0,518.2
5480.0,2150.0,518.2
5490.0,2150.0,518.2
5500.0,2150.0,518.2
5510.0,2150.0,518.2
5520.0,2150.0,518.2
5530.0,2150.0,518.2
5540.0,2150.0,518.2
5550.0,2150.0,518.2
5560.0,2150.0,518.2
5570.0,2150.0,518.2
5580.0,2150.0,518.2
5590.0,2150.0,518.2
5600.0,2150.0,518.2
5610.0,2150.0,518.2
5620.0,2150.0,518.2
5630.0,2150.0,518.2
5640.0,2150.0,518.2
5650.0,2150.0,518.2
5660.0,2150.0,518.2
5670.0,2150.0,518.2
5680.0,2150.0,518.2
5690.0,2150.0,518.2
5700.0,2150.0,518.2
5710.0,2150.0,520.16
5720.0,2150.0,520.37
5730.0,2150.0,520.56
5740.0,2150.0,520.74
5750.0,2150.0,520.92
4950.0,2160.0,519.07
4960.0,2160.0,518.98
4970.0,2160.0,518.91
4980.0,2160.0,518.84
4990.0,2160.0,518.79
5000.0,2160.0,518.26
5010.0,2160.0,518.26
5020.0,2160.0,518.26
5030.0,2160.0,518.26
5040.0,2160.0,518.26
5050.0,2160.0,518.26
5060.0,2160.0,518.26
5070.0,2160.0,518.26
5080.0,2160.0,518.26
5090.0,2160.0,518.26
5100.0,2160.0,518.26
5110.0,2160.0,518.26
5120.0,2160.0,518.26
5130.0,2160.0,518.26
5140.0,2160.0,518.26
5150.0,2160.0,518.26
5160.0,2160.0,518.26
5170.0,2160.0,518.26
5180.0,2160.0,518.26
5190.0,2160.0,518.26
5200.0,2160.0,518.26
5210.0,2160.0,518.26
5220.0,2160.0,518.26
5230.0,2160.0,518.26
5240.0,2160.0,518.26
5250.0,2160.0,518.26
5260.0,2160.0,518.26
5270.0,2160.0,518.26
5280.0,2160.0,518.26
5290.0,2160.0,518.26
5300.0,2160.0,518.26
5310.0,2160.0,518.26
5320.0,2160.0,518.26
5330.0,2160.0,518.26
5340.0,2160.0,518.26
5350.0,2160.0,518.26
5360.0,2160.0,518.26
5370.0,2160.0,518.26
5380.0,2160.0,518.26
5390.0,2160.0,518.26
5400.0,2160.0,518.26
5410.0,2160.0,518.26
5420.0,2160.0,518.26
5430.0,2160.0,518.26
5440.0,2160.0,518.26
5450.0,2160.0,518.26
5460.0,2160.0,518.26
5470.0,2160.0,518.26
5480.0,2160.0,518.26
5490.0,2160.0,518.26
5500.0,2160.0,518.26
5510.0,2160.0,518.26
5520.0,2160.0,518.26
5530.0,2160.0,518.26
5540.0,2160.0,518.26
5550.0,2160.0,518.26
5560.0,2160.0,518.26
5570.0,2160.0,518.26
5580.0,2160.0,518.26
5590.0,2160.0,518.26
5600.0,2160.0,518.26
5610.0,2160.0,518.26
5620.0,2160.0,518.26
5630.0,2160.0,518.26
5640.0,2160.0,518.26
5650.0,2160.0,518.26
5660.0,2160.0,518.26
5670.0,2160.0,518.26
5680.0,2160.0,518.26
5690.0,2160.0,518.26
5700.0,2160.0,518.26
5710.0,2160.0,520.17
5720.0,2160.0,520.38
5730.0,2160.0,520.58
5740.0,2160.0,520.77
5750.0,2160.0,520.96
4950.0,2170.0,518.9
4960.0,2170.0,518.82
4970.0,2170.0,518.76
4980.0,2170.0,518.7
4990.0,2170.0,518.66
5000.0,2170.0,518.32
5010.0,2170.0,518.32
5020.0,2170.0,518.32
5030.0,2170.0,518.32
5040.0,2170.0,518.32
5050.0,2170.0,518.32
5060.0,2170.0,518.32
5070.0,2170.0,518.32
5080.0,2170.0,518.32
5090.0,2170.0,518.32
5100.0,2170.0,518.32
5110.0,2170.0,518.32
5120.0,2170.0,518.32
5130.0,2170.0,518.32
5140.0,2170.0,518.32
5150.0,2170.0,518.32
5160.0,2170.0,518.32
5170.0,2170.0,518.32
5180.0,2170.0,518.32
5190.0,2170.0,518.32
5200.0,2170.0,518.32
5210.0,2170.0,518.32
5220.0,2170.0,518.32
5230.0,2170.0,518.32
5240.0,2170.0,518.32
5250.0,2170.0,518.32
5260.0,2170.0,518.32
5270.0,2170.0,518.32
5280.0,2170.0,518.32
5290.0,2170.0,518.32
5300.0,2170.0,518.32
5310.0,2170.0,518.32
5320.0,2170.0,518.32
5330.0,2170.0,518.32
5340.0,2170.0,518.32
5350.0,2170.0,518.32
5360.0,2170.0,518.32
5370.0,2170.0,518.32
5380.0,2170.0,518.32
5390.0,2170.0,518.32
5400.0,2170.0,518.32
5410.0,2170.0,518.32
5420.0,2170.0,518.32
5430.0,2170.0,518.32
5440.0,2170.0,518.32
5450.0,2170.0,518.32
5460.0,2170.0,518.32
5470.0,2170.0,518.32
5480.0,2170.0,518.32
5490.0,2170.0,518.32
5500.0,2170.0,518.32
5510.0,2170.0,518.32
5520.0,2170.0,518.32
5530.0,2170.0,518.32
5540.0,2170.0,518.32
5550.0,2170.0,518.32
5560.0,2170.0,518.32
5570.0,2170.0,518.32
5580.0,2170.0,518.32
5590.0,2170.0,518.32
5600.0,2170.0,518.32
5610.0,2170.0,518.32
5620.0,2170.0,518.32
5630.0,2170.0,518.32
5640.0,2170.0,518.32
5650.0,2170.0,518.32
5660.0,2170.0,518.32
5670.0,2170.0,518.32
5680.0,2170.0,518.32
5690.0,2170.0,518.32
5700.0,2170.0,518.32
5710.0,2170.0,520.17
5720.0,2170.0,520.38
5730.0,2170.0,520.59
5740.0,2170.0,520.79
5750.0,2170.0,520.99
4950.0,2180.0,518.75
4960.0,2180.0,518.68
4970.0,2180.0,518.62
4980.0,2180.0,518.57
4990.0,2180.0,518.54
5000.0,2180.0,518.38
5010.0,2180.0,518.38
5020.0,2180.0,518.38
5030.0,2180.0,518.38
5040.0,2180.0,518.38
5050.0,2180.0,518.38
5060.0,2180.0,518.38
5070.0,2180.0,518.38
5080.0,2180.0,518.38
5090.0,2180.0,518.38
5100.0,2180.0,518.38
5110.0,2180.0,518.38
5120.0,2180.0,518.38
5130.0,2180.0,518.38
5140.0,2180.0,518.38
5150.0,2180.0,518.38
5160.0,2180.0,518.38
5170.0,2180.0,518.38
5180.0,2180.0,518.38
5190.0,2180.0,518.38
5200.0,2180.0,518.38
5210.0,2180.0,518.38
5220.0,2180.0,518.38
5230.0,2180.0,518.38
5240.0,2180.0,518.38
5250.0,2180.0,518.38
5260.0,2180.0,518.38
5270.0,2180.0,518.38
5280.0,2180.0,518.38
5290.0,2180.0,518.38
5300.0,2180.0,518.38
5310.0,2180.0,518.38
5320.0,2180.0,518.38
5330.0,2180.0,518.38
5340.0,2180.0,518.38
5350.0,2180.0,518.38
5360.0,2180.0,518.38
5370.0,2180.0,518.38
5380.0,2180.0,518.38
5390.0,2180.0,518.38
5400.0,2180.0,518.38
5410.0,2180.0,518.38
5420.0,2180.0,518.38
5430.0,2180.0,518.38
5440.0,2180.0,518.38
5450.0,2180.0,518.38
5460.0,2180.0,518.38
5470.0,2180.0,518.38
5480.0,2180.0,518.38
5490.0,2180.0,518.38
5500.0,2180.0,518.38
5510.0,2180.0,518.38
5520.0,2180.0,518.38
5530.0,2180.0,518.38
5540.0,2180.0,518.38
5550.0,2180.0,518.38
5560.0,2180.0,518.38
5570.0,2180.0,518.38
5580.0,2180.0,518.38
5590.0,2180.0,518.38
5600.0,2180.0,518.38
5610.0,2180.0,518.38
5620.0,2180.0,518.38
5630.0,2180.0,518.38
5640.0,2180.0,518.38
5650.0,2180.0,518.38
5660.0,2180.0,518.38
5670.0,2180.0,518.38
5680.0,2180.0,518.38
5690.0,2180.0,518.38
5700.0,2180.0,518.38
5710.0,2180.0,520.16
5720.0,2180.0,520.37
5730.0,2180.0,520.59
5740.0,2180.0,520.8
5750.0,2180.0,521.02
4950.0,2190.0,518.62
4960.0,2190.0,518.56
4970.0,2190.0,518.51
4980.0,2190.0,518.47
4990.0,2190.0,518.44
5000.0,2190.0,518.44
5010.0,2190.0,518.44
5020.0,2190.0,518.44
5030.0,2190.0,518.44
5040.0,2190.0,518.44
5050.0,2190.0,518.44
5060.0,2190.0,518.44
5070.0,2190.0,518.44
5080.0,2190.0,518.44
5090.0,2190.0,518.44
5100.0,2190.0,518.44
5110.0,2190.0,518.44
5120.0,2190.0,518.44
5130.0,2190.0,518.44
5140.0,2190.0,518.44
5150.0,2190.0,518.44
5160.0,2190.0,518.44
5170.0,2190.0,518.44
5180.0,2190.0,518.44
5190.0,2190.0,518.44
5200.0,2190.0,518.44
5210.0,2190.0,518.44
5220.0,2190.0,518.44
5230.0,2190.0,518.44
5240.0,2190.0,518.44
5250.0,2190.0,518.44
5260.0,2190.0,518.44
5270.0,2190.0,518.44
5280.0,2190.0,518.44
5290.0,2190.0,518.44
5300.0,2190.0,518.44
5310.0,2190.0,518.44
5320.0,2190.0,518.44
5330.0,2190.0,518.44
5340.0,2190.0,518.44
5350.0,2190.0,518.44
5360.0,2190.0,518.44
5370.0,2190.0,518.44
5380.0,2190.0,518.44
5390.0,2190.0,518.44
5400.0,2190.0,518.44
5410.0,2190.0,518.44
5420.0,2190.0,518.44
5430.0,2190.0,518.44
5440.0,2190.0,518.44
5450.0,2190.0,518.44
5460.0,2190.0,518.44
5470.0,2190.0,518.44
5480.0,2190.0,518.44
5490.0,2190.0,518.44
5500.0,2190.0,518.44
5510.0,2190.0,518.44
5520.0,2190.0,518.44
5530.0,2190.0,518.44
5540.0,2190.0,518.44
5550.0,2190.0,518.44
5560.0,2190.0,518.44
5570.0,2190.0,518.44
5580.0,2190.0,518.44
5590.0,2190.0,518.44
5600.0,2190.0,518.44
5610.0,2190.0,518.44
5620.0,2190.0,518.44
5630.0,2190.0,518.44
5640.0,2190.0,518.44
5650.0,2190.0,518.44
5660.0,2190.0,518.44
5670.0,2190.0,518.44
5680.0,2190.0,518.44
5690.0,2190.0,518.44
5700.0,2190.0,518.44
5710.0,2190.0,520.14
5720.0,2190.0,520.36
5730.0,2190.0,520.58
5740.0,2190.0,520.81
5750.0,2190.0,521.04
4950.0,2200.0,518.52
4960.0,2200.0,518.46
4970.0,2200.0,518.42
4980.0,2200.0,518.39
4990.0,2200.0,518.37
5000.0,2200.0,518.5
5010.0,2200.0,518.5
5020.0,2200.0,518.5
5030.0,2200.0,518.5
5040.0,2200.0,518.5
5050.0,2200.0,518.5
5060.0,2200.0,518.5
5070.0,2200.0,518.5
5080.0,2200.0,518.5
5090.0,2200.0,518.5
5100.0,2200.0,518.5
5110.0,2200.0,518.5
5120.0,2200.0,518.5
5130.0,2200.0,518.5
5140.0,2200.0,518.5
5150.0,2200.0,518.5
5160.0,2200.0,518.5
5170.0,2200.0,518.5
5180.0,2200.0,518.5
5190.0,2200.0,518.5
5200.0,2200.0,518.5
5210.0,2200.0,518.5
5220.0,2200.0,518.5
5230.0,2200.0,518.5
5240.0,2200.0,518.5
5250.0,2200.0,518.5
5260.0,2200.0,518.5
5270.0,2200.0,518.5
5280.0,2200.0,518.5
5290.0,2200.0,518.5
5300.0,2200.0,518.5
5310.0,2200.0,518.5
5320.0,2200.0,518.5
5330.0,2200.0,518.5
5340.0,2200.0,518.5
5350.0,2200.0,518.5
5360.0,2200.0,518.5
5370.0,2200.0,518.5
5380.0,2200.0,518.5
5390.0,2200.0,518.5
5400.0,2200.0,518.5
5410.0,2200.0,518.5
5420.0,2200.0,518.5
5430.0,2200.0,518.5
5440.0,2200.0,518.5
5450.0,2200.0,518.5
5460.0,2200.0,518.5
5470.0,2200.0,518.5
5480.0,2200.0,518.5
5490.0,2200.0,518.5
5500.0,2200.0,518.5
5510.0,2200.0,518.5
5520.0,2200.0,518.5
5530.0,2200.0,518.5
5540.0,2200.0,518.5
5550.0,2200.0,518.5
5560.0,2200.0,518.5
5570.0,2200.0,518.5
5580.0,2200.0,518.5
5590.0,2200.0,518.5
5600.0,2200.0,518.5
5610.0,2200.0,518.5
5620.0,2200.0,518.5
5630.0,2200.0,518.5
5640.0,2200.0,518.5
5650.0,2200.0,518.5
5660.0,2200.0,518.5
5670.0,2200.0,518.5
5680.0,2200.0,518.5
5690.0,2200.0,518.5
5700.0,2200.0,518.5
5710.0,2200.0,520.12
5720.0,2200.0,520.35
5730.0,2200.0,520.58
5740.0,2200.0,520.82
5750.0,2200.0,521.06
4950.0,2210.0,518.45
4960.0,2210.0,518.4
4970.0,2210.0,518.36
4980.0,2210.0,518.34
4990.0,2210.0,518.33
5000.0,2210.0,518.56
5010.0,2210.0,518.56
5020.0,2210.0,518.56
5030.0,2210.0,518.56
5040.0,2210.0,518.56
5050.0,2210.0,518.56
5060.0,2210.0,518.56
5070.0,2210.0,518.56
5080.0,2210.0,518.56
5090.0,2210.0,518.56
5100.0,2210.0,518.56
5110.0,2210.0,518.56
5120.0,2210.0,518.56
5130.0,2210.0,518.56
5140.0,2210.0,518.56
5150.0,2210.0,518.56
5160.0,2210.0,518.56
5170.0,2210.0,518.56
5180.0,2210.0,518.56
5190.0,2210.0,518.56
5200.0,2210.0,518.56
5210.0,2210.0,518.56
5220.0,2210.0,518.56
5230.0,2210.0,518.56
5240.0,2210.0,518.56
5250.0,2210.0,518.56
5260.0,2210.0,518.56
5270.0,2210.0,518.56
5280.0,2210.0,518.56
5290.0,2210.0,518.56
5300.0,2210.0,518.56
5310.0,2210.0,518.56
5320.0,2210.0,518.56
5330.0,2210.0,518.56
5340.0,2210.0,518.56
5350.0,2210.0,518.56
5360.0,2210.0,518.56
5370.0,2210.0,518.56
5380.0,2210.0,518.56
5390.0,2210.0,518.56
5400.0,2210.0,518.56
5410.0,2210.0,518.56
5420.0,2210.0,518.56
5430.0,2210.0,518.56
5440.0,2210.0,518.56
5450.0,2210.0,518.56
5460.0,2210.0,518.56
5470.0,2210.0,518.56
5480.0,2210.0,518.56
5490.0,2210.0,518.56
5500.0,2210.0,518.56
5510.0,2210.0,518.56
5520.0,2210.0,518.56
5530.0,2210.0,518.56
5540.0,2210.0,518.56
5550.0,2210.0,518.56
5560.0,2210.0,518.56
5570.0,2210.0,518.56
5580.0,2210.0,518.56
5590.0,2210.0,518.56
5600.0,2210.0,518.56
5610.0,2210.0,518.56
5620.0,2210.0,518.56
5630.0,2210.0,518.56
5640.0,2210.0,518.56
5650.0,2210.0,518.56
5660.0,2210.0,518.56
5670.0,2210.0,518.56
5680.0,2210.0,518.56
5690.0,2210.0,518.56
5700.0,2210.0,518.56
5710.0,2210.0,520.12
5720.0,2210.0,520.35
5730.0,2210.0,520.59
5740.0,2210.0,520.83
5750.0,2210.0,521.09
4950.0,2220.0,518.41
4960.0,2220.0,518.37
4970.0,2220.0,518.34
4980.0,2220.0,518.32
4990.0,2220.0,518.32
5000.0,2220.0,518.62
5010.0,2220.0,518.62
5020.0,2220.0,518.62
5030.0,2220.0,518.62
5040.0,2220.0,518.62
5050.0,2220.0,518.62
5060.0,2220.0,518.62
5070.0,2220.0,518.62
5080.0,2220.0,518.62
5090.0,2220.0,518.62
5100.0,2220.0,518.62
5110.0,2220.0,518.62
5120.0,2220.0,518.62
5130.0,2220.0,518.62
5140.0,2220.0,518.62
5150.0,2220.0,518.62
5160.0,2220.0,518.62
5170.0,2220.0,518.62
5180.0,2220.0,518.62
5190.0,2220.0,518.62
5200.0,2220.0,518.62
5210.0,2220.0,518.62
5220.0,2220.0,518.62
5230.0,2220.0,518.62
5240.0,2220.0,518.62
5250.0,2220.0,518.62
5260.0,2220.0,518.62
5270.0,2220.0,518.62
5280.0,2220.0,518.62
5290.0,2220.0,518.62
5300.0,2220.0,518.62
5310.0,2220.0,518.62
5320.0,2220.0,518.62
5330.0,2220.0,518.62
5340.0,2220.0,518.62
5350.0,2220.0,518.62
5360.0,2220.0,518.62
5370.0,2220.0,518.62
5380.0,2220.0,518.62
5390.0,2220.0,518.62
5400.0,2220.0,518.62
5410.0,2220.0,518.62
5420.0,2220.0,518.62
5430.0,2220.0,518.62
5440.0,2220.0,518.62
5450.0,2220.0,518.62
5460.0,2220.0,518.62
5470.0,2220.0,518.62
5480.0,2220.0,518.62
5490.0,2220.0,518.62
5500.0,2220.0,518.62
5510.0,2220.0,518.62
5520.0,2220.0,518.62
5530.0,2220.0,518.62
5540.0,2220.0,518.62
5550.0,2220.0,518.62
5560.0,2220.0,518.62
5570.0,2220.0,518.62
5580.0,2220.0,518.62
5590.0,2220.0,518.62
5600.0,2220.0,518.62
5610.0,2220.0,518.62
5620.0,2220.0,518.62
5630.0,2220.0,518.62
5640.0,2220.0,518.62
5650.0,2220.0,518.62
5660.0,2220.0,518.62
5670.0,2220.0,518.62
5680.0,2220.0,518.62
5690.0,2220.0,518.62
5700.0,2220.0,518.62
5710.0,2220.0,520.12
5720.0,2220.0,520.36
5730.0,2220.0,520.61
5740.0,2220.0,520.86
5750.0,2220.0,521.13
4950.0,2230.0,518.41
4960.0,2230.0,518.37
4970.0,2230.0,518.35
4980.0,2230.0,518.34
4990.0,2230.0,518.34
5000.0,2230.0,518.68
5010.0,2230.0,518.68
5020.0,2230.0,518.68
5030.0,2230.0,518.68
5040.0,2230.0,518.68
5050.0,2230.0,518.68
5060.0,2230.0,518.68
5070.0,2230.0,518.68
5080.0,2230.0,518.68
5090.0,2230.0,518.68
5100.0,2230.0,518.68
5110.0,2230.0,518.68
5120.0,2230.0,518.68
5130.0,2230.0,518.68
5140.0,2230.0,518.68
5150.0,2230.0,518.68
5160.0,2230.0,518.68
5170.0,2230.0,518.68
5180.0,2230.0,518.68
5190.0,2230.0,518.68
5200.0,2230.0,518.68
5210.0,2230.0,518.68
5220.0,2230.0,518.68
5230.0,2230.0,518.68
5240.0,2230.0,518.68
5250.0,2230.0,518.68
5260.0,2230.0,518.68
5270.0,2230.0,518.68
5280.0,2230.0,518.68
5290.0,2230.0,518.68
5300.0,2230.0,518.68
5310.0,2230.0,518.68
5320.0,2230.0,518.68
5330.0,2230.0,518.68
5340.0,2230.0,518.68
5350.0,2230.0,518.68
5360.0,2230.0,518.68
5370.0,2230.0,518.68
5380.0,2230.0,518.68
5390.0,2230.0,518.68
5400.0,2230.0,518.68
5410.0,2230.0,518.68
5420.0,2230.0,518.68
5430.0,2230.0,518.68
5440.0,2230.0,518.68
5450.0,2230.0,518.68
5460.0,2230.0,518.68
5470.0,2230.0,518.68
5480.0,2230.0,518.68
5490.0,2230.0,518.68
5500.0,2230.0,518.68
5510.0,2230.0,518.68
5520.0,2230.0,518.68
5530.0,2230.0,518.68
5540.0,2230.0,518.68
5550.0,2230.0,518.68
5560.0,2230.0,518.68
5570.0,2230.0,518.68
5580.0,2230.0,518.68
5590.0,2230.0,518.68
5600.0,2230.0,518.68
5610.0,2230.0,518.68
5620.0,2230.0,518.68
5630.0,2230.0,518.68
5640.0,2230.0,518.68
5650.0,2230.0,518.68
5660.0,2230.0,518.68
5670.0,2230.0,518.68
5680.0,2230.0,518.68
5690.0,2230.0,518.68
5700.0,2230.0,518.68
5710.0,2230.0,520.14
5720.0,2230.0,520.39
5730.0,2230.0,520.64
5740.0,2230.0,520.91
5750.0,2230.0,521.18
4950.0,2240.0,518.45
4960.0,2240.0,518.41
4970.0,2240.0,518.39
4980.0,2240.0,518.38
4990.0,2240.0,518.39
5000.0,2240.0,518.74
5010.0,2240.0,518.74
5020.0,2240.0,518.74
5030.0,2240.0,518.74
5040.0,2240.0,518.74
5050.0,2240.0,518.74
5060.0,2240.0,518.74
5070.0,2240.0,518.74
5080.0,2240.0,518.74
5090.0,2240.0,518.74
5100.0,2240.0,518.74
5110.0,2240.0,518.74
5120.0,2240.0,518.74
5130.0,2240.0,518.74
5140.0,2240.0,518.74
5150.0,2240.0,518.74
5160.0,2240.0,518.74
5170.0,2240.0,518.74
5180.0,2240.0,518.74
5190.0,2240.0,518.74
5200.0,2240.0,518.74
5210.0,2240.0,518.74
5220.0,2240.0,518.74
5230.0,2240.0,518.74
5240.0,2240.0,518.74
5250.0,2240.0,518.74
5260.0,2240.0,518.74
5270.0,2240.0,518.74
5280.0,2240.0,518.74
5290.0,2240.0,518.74
5300.0,2240.0,518.74
5310.0,2240.0,518.74
5320.0,2240.0,518.74
5330.0,2240.0,518.74
5340.0,2240.0,518.74
5350.0,2240.0,518.74
5360.0,2240.0,518.74
5370.0,2240.0,518.74
5380.0,2240.0,518.74
5390.0,2240.0,518.74
5400.0,2240.0,518.74
5410.0,2240.0,518.74
5420.0,2240.0,518.74
5430.0,2240.0,518.74
5440.0,2240.0,518.74
5450.0,2240.0,518.74
5460.0,2240.0,518.74
5470.0,2240.0,518.74
5480.0,2240.0,518.74
5490.0,2240.0,518.74
5500.0,2240.0,518.74
5510.0,2240.0,518.74
5520.0,2240.0,518.74
5530.0,2240.0,518.74
5540.0,2240.0,518.74
5550.0,2240.0,518.74
5560.0,2240.0,518.74
5570.0,2240.0,518.74
5580.0,2240.0,518.74
5590.0,2240.0,518.74
5600.0,2240.0,518.74
5610.0,2240.0,518.74
5620.0,2240.0,518.74
5630.0,2240.0,518.74
5640.0,2240.0,518.74
5650.0,2240.0,518.74
5660.0,2240.0,518.74
5670.0,2240.0,518.74
5680.0,2240.0,518.74
5690.0,2240.0,518.74
5700.0,2240.0,518.74
5710.0,2240.0,520.19
5720.0,2240.0,520.44
5730.0,2240.0,520.7
5740.0,2240.0,520.98
5750.0,2240.0,521.26
4950.0,2250.0,518.52
4960.0,2250.0,518.49
4970.0,2250.0,518.47
4980.0,2250.0,518.46
4990.0,2250.0,518.47
5000.0,2250.0,518.8
5010.0,2250.0,518.8
5020.0,2250.0,518.8
5030.0,2250.0,518.8
5040.0,2250.0,518.8
5050.0,2250.0,518.8
5060.0,2250.0,518.8
5070.0,2250.0,518.8
5080.0,2250.0,518.8
5090.0,2250.0,518.8
5100.0,2250.0,518.8
5110.0,2250.0,518.8
5120.0,2250.0,518.8
5130.0,2250.0,518.8
5140.0,2250.0,518.8
5150.0,2250.0,518.8
5160.0,2250.0,518.8
5170.0,2250.0,518.8
5180.0,2250.0,518.8
5190.0,2250.0,518.8
5200.0,2250.0,518.8
5210.0,2250.0,518.8
5220.0,2250.0,518.8
5230.0,2250.0,518.8
5240.0,2250.0,518.8
5250.0,2250.0,518.8
5260.0,2250.0,518.8
5270.0,2250.0,518.8
5280.0,2250.0,518.8
5290.0,2250.0,518.8
5300.0,2250.0,518.8
5310.0,2250.0,518.8
5320.0,2250.0,518.8
5330.0,2250.0,518.8
5340.0,2250.0,518.8
5350.0,2250.0,518.8
5360.0,2250.0,518.8
5370.0,2250.0,518.8
5380.0,2250.0,518.8
5390.0,2250.0,518.8
5400.0,2250.0,518.8
5410.0,2250.0,518.8
5420.0,2250.0,518.8
5430.0,2250.0,518.8
5440.0,2250.0,518.8
5450.0,2250.0,518.8
5460.0,2250.0,518.8
5470.0,2250.0,518.8
5480.0,2250.0,518.8
5490.0,2250.0,518.8
5500.0,2250.0,518.8
5510.0,2250.0,518.8
5520.0,2250.0,518.8
5530.0,2250.0,518.8
5540.0,2250.0,518.8
5550.0,2250.0,518.8
5560.0,2250.0,518.8
5570.0,2250.0,518.8
5580.0,2250.0,518.8
5590.0,2250.0,518.8
5600.0,2250.0,518.8
5610.0,2250.0,518.8
5620.0,2250.0,518.8
5630.0,2250.0,518.8
5640.0,2250.0,518.8
5650.0,2250.0,518.8
5660.0,2250.0,518.8
5670.0,2250.0,518.8
5680.0,2250.0,518.8
5690.0,2250.0,518.8
5700.0,2250.0,518.8
5710.0,2250.0,520.26
5720.0,2250.0,520.52
5730.0,2250.0,520.79
5740.0,2250.0,521.07
5750.0,2250.0,521.37
4950.0,2260.0,518.63
4960.0,2260.0,518.6
4970.0,2260.0,518.58
4980.0,2260.0,518.57
4990.0,2260.0,518.58
5000.0,2260.0,518.86
5010.0,2260.0,518.86
5020.0,2260.0,518.86
5030.0,2260.0,518.86
5040.0,2260.0,518.86
5050.0,2260.0,518.86
5060.0,2260.0,518.86
5070.0,2260.0,518.86
5080.0,2260.0,518.86
5090.0,2260.0,518.86
5100.0,2260.0,518.86
5110.0,2260.0,518.86
5120.0,2260.0,518.86
5130.0,2260.0,518.86
5140.0,2260.0,518.86
5150.0,2260.0,518.86
5160.0,2260.0,518.86
5170.0,2260.0,518.86
5180.0,2260.0,518.86
5190.0,2260.0,518.86
5200.0,2260.0,518.86
5210.0,2260.0,518.86
5220.0,2260.0,518.86
5230.0,2260.0,518.86
5240.0,2260.0,518.86
5250.0,2260.0,518.86
5260.0,2260.0,518.86
5270.0,2260.0,518.86
5280.0,2260.0,518.86
5290.0,2260.0,518.86
5300.0,2260.0,518.86
5310.0,2260.0,518.86
5320.0,2260.0,518.86
5330.0,2260.0,518.86
5340.0,2260.0,518.86
5350.0,2260.0,518.86
5360.0,2260.0,518.86
5370.0,2260.0,518.86
5380.0,2260.0,518.86
5390.0,2260.0,518.86
5400.0,2260.0,518.86
5410.0,2260.0,518.86
5420.0,2260.0,518.86
5430.0,2260.0,518.86
5440.0,2260.0,518.86
5450.0,2260.0,518.86
5460.0,2260.0,518.86
5470.0,2260.0,518.86
5480.0,2260.0,518.86
5490.0,2260.0,518.86
5500.0,2260.0,518.86
5510.0,2260.0,518.86
5520.0,2260.0,518.86
5530.0,2260.0,518.86
5540.0,2260.0,518.86
5550.0,2260.0,518.86
5560.0,2260.0,518.86
5570.0,2260.0,518.86
5580.0,2260.0,518.86
5590.0,2260.0,518.86
5600.0,2260.0,518.86
5610.0,2260.0,518.86
5620.0,2260.0,518.86
5630.0,2260.0,518.86
5640.0,2260.0,518.86
5650.0,2260.0,518.86
5660.0,2260.0,518.86
5670.0,2260.0,518.86
5680.0,2260.0,518.86
5690.0,2260.0,518.86
5700.0,2260.0,518.86
5710.0,2260.0,520.36
5720.0,2260.0,520.63
5730.0,2260.0,520.91
5740.0,2260.0,521.2
5750.0,2260.0,521.51
4950.0,2270.0,518.77
4960.0,2270.0,518.73
4970.0,2270.0,518.72
4980.0,2270.0,518.71
4990.0,2270.0,518.72
5000.0,2270.0,518.92
5010.0,2270.0,518.92
5020.0,2270.0,518.92
5030.0,2270.0,518.92
5040.0,2270.0,518.92
5050.0,2270.0,518.92
5060.0,2270.0,518.92
5070.0,2270.0,518.92
5080.0,2270.0,518.92
5090.0,2270.0,518.92
5100.0,2270.0,518.92
5110.0,2270.0,518.92
5120.0,2270.0,518.92
5130.0,2270.0,518.92
5140.0,2270.0,518.92
5150.0,2270.0,518.92
5160.0,2270.0,518.92
5170.0,2270.0,518.92
5180.0,2270.0,518.92
5190.0,2270.0,518.92
5200.0,2270.0,518.92
5210.0,2270.0,518.92
5220.0,2270.0,518.92
5230.0,2270.0,518.92
5240.0,2270.0,518.92
5250.0,2270.0,518.92
5260.0,2270.0,518.92
5270.0,2270.0,518.92
5280.0,2270.0,518.92
5290.0,2270.0,518.92
5300.0,2270.0,518.92
5310.0,2270.0,518.92
5320.0,2270.0,518.92
5330.0,2270.0,518.92
5340.0,2270.0,518.92
5350.0,2270.0,518.92
5360.0,2270.0,518.92
5370.0,2270.0,518.92
5380.0,2270.0,518.92
5390.0,2270.0,518.92
5400.0,2270.0,518.92
5410.0,2270.0,518.92
5420.0,2270.0,518.92
5430.0,2270.0,518.92
5440.0,2270.0,518.92
5450.0,2270.0,518.92
5460.0,2270.0,518.92
5470.0,2270.0,518.92
5480.0,2270.0,518.92
5490.0,2270.0,518.92
5500.0,2270.0,518.92
5510.0,2270.0,518.92
5520.0,2270.0,518.92
5530.0,2270.0,518.92
5540.0,2270.0,518.92
5550.0,2270.0,518.92
5560.0,2270.0,518.92
5570.0,2270.0,518.92
5580.0,2270.0,518.92
5590.0,2270.0,518.92
5600.0,2270.0,518.92
5610.0,2270.0,518.92
5620.0,2270.0,518.92
5630.0,2270.0,518.92
5640.0,2270.0,518.92
5650.0,2270.0,518.92
5660.0,2270.0,518.92
5670.0,2270.0,518.92
5680.0,2270.0,518.92
5690.0,2270.0,518.92
5700.0,2270.0,518.92
5710.0,2270.0,520.5
5720.0,2270.0,520.78
5730.0,2270.0,521.07
5740.0,2270.0,521.36
5750.0,2270.0,521.68
4950.0,2280.0,518.93
4960.0,2280.0,518.9
4970.0,2280.0,518.88
4980.0,2280.0,518.88
4990.0,2280.0,518.88
5000.0,2280.0,518.98
5010.0,2280.0,518.98
5020.0,2280.0,518.98
5030.0,2280.0,518.98
5040.0,2280.0,518.98
5050.0,2280.0,518.98
5060.0,2280.0,518.98
5070.0,2280.0,518.98
5080.0,2280.0,518.98
5090.0,2280.0,518.98
5100.0,2280.0,518.98
5110.0,2280.0,518.98
5120.0,2280.0,518.98
5130.0,2280.0,518.98
5140.0,2280.0,518.98
5150.0,2280.0,518.98
5160.0,2280.0,518.98
5170.0,2280.0,518.98
5180.0,2280.0,518.98
5190.0,2280.0,518.98
5200.0,2280.0,518.98
5210.0,2280.0,518.98
5220.0,2280.0,518.98
5230.0,2280.0,518.98
5240.0,2280.0,518.98
5250.0,2280.0,518.98
5260.0,2280.0,518.98
5270.0,2280.0,518.98
5280.0,2280.0,518.98
5290.0,2280.0,518.98
5300.0,2280.0,518.98
5310.0,2280.0,518.98
5320.0,2280.0,518.98
5330.0,2280.0,518.98
5340.0,2280.0,518.98
5350.0,2280.0,518.98
5360.0,2280.0,518.98
5370.0,2280.0,518.98
5380.0,2280.0,518.98
5390.0,2280.0,518.98
5400.0,2280.0,518.98
5410.0,2280.0,518.98
5420.0,2280.0,518.98
5430.0,2280.0,518.98
5440.0,2280.0,518.98
5450.0,2280.0,518.98
5460.0,2280.0,518.98
5470.0,2280.0,518.98
5480.0,2280.0,518.98
5490.0,2280.0,518.98
5500.0,2280.0,518.98
5510.0,2280.0,518.98
5520.0,2280.0,518.98
5530.0,2280.0,518.98
5540.0,2280.0,518.98
5550.0,2280.0,518.98
5560.0,2280.0,518.98
5570.0,2280.0,518.98
5580.0,2280.0,518.98
5590.0,2280.0,518.98
5600.0,2280.0,518.98
5610.0,2280.0,518.98
5620.0,2280.0,518.98
5630.0,2280.0,518.98
5640.0,2280.0,518.98
5650.0,2280.0,518.98
5660.0,2280.0,518.98
5670.0,2280.0,518.98
5680.0,2280.0,518.98
5690.0,2280.0,518.98
5700.0,2280.0,518.98
5710.0,2280.0,520.68
5720.0,2280.0,520.97
5730.0,2280.0,521.26
5740.0,2280.0,521.56
5750.0,2280.0,521.88
4950.0,2290.0,519.12
4960.0,2290.0,519.08
4970.0,2290.0,519.06
4980.0,2290.0,519.06
4990.0,2290.0,519.06
5000.0,2290.0,519.04
5010.0,2290.0,519.04
5020.0,2290.0,519.04
5030.0,2290.0,519.04
5040.0,2290.0,519.04
5050.0,2290.0,519.04
5060.0,2290.0,519.04
5070.0,2290.0,519.04
5080.0,2290.0,519.04
5090.0,2290.0,519.04
5100.0,2290.0,519.04
5110.0,2290.0,519.04
5120.0,2290.0,519.04
5130.0,2290.0,519.04
5140.0,2290.0,519.04
5150.0,2290.0,519.04
5160.0,2290.0,519.04
5170.0,2290.0,519.04
5180.0,2290.0,519.04
5190.0,2290.0,519.04
5200.0,2290.0,519.04
5210.0,2290.0,519.04
5220.0,2290.0,519.04
5230.0,2290.0,519.04
5240.0,2290.0,519.04
5250.0,2290.0,519.04
5260.0,2290.0,519.04
5270.0,2290.0,519.04
5280.0,2290.0,519.04
5290.0,2290.0,519.04
5300.0,2290.0,519.04
5310.0,2290.0,519.04
5320.0,2290.0,519.04
5330.0,2290.0,519.04
5340.0,2290.0,519.04
5350.0,2290.0,519.04
5360.0,2290.0,519.04
5370.0,2290.0,519.04
5380.0,2290.0,519.04
5390.0,2290.0,519.04
5400.0,2290.0,519.04
5410.0,2290.0,519.04
5420.0,2290.0,519.04
5430.0,2290.0,519.04
5440.0,2290.0,519.04
5450.0,2290.0,519.04
5460.0,2290.0,519.04
5470.0,2290.0,519.04
5480.0,2290.0,519.04
5490.0,2290.0,519.04
5500.0,2290.0,519.04
5510.0,2290.0,519.04
5520.0,2290.0,519.04
5530.0,2290.0,519.04
5540.0,2290.0,519.04
5550.0,2290.0,519.04
5560.0,2290.0,519.04
5570.0,2290.0,519.04
5580.0,2290.0,519.04
5590.0,2290.0,519.04
5600.0,2290.0,519.04
5610.0,2290.0,519.04
5620.0,2290.0,519.04
5630.0,2290.0,519.04
5640.0,2290.0,519.04
5650.0,2290.0,519.04
5660.0,2290.0,519.04
5670.0,2290.0,519.04
5680.0,2290.0,519.04
5690.0,2290.0,519.04
5700.0,2290.0,519.04
5710.0,2290.0,520.9
5720.0,2290.0,521.19
5730.0,2290.0,521.49
5740.0,2290.0,521.8
5750.0,2290.0,522.12
4950.0,2300.0,519.32
4960.0,2300.0,519.29
4970.0,2300.0,519.26
4980.0,2300.0,519.25
4990.0,2300.0,519.26
5000.0,2300.0,519.1
5010.0,2300.0,519.1
5020.0,2300.0,519.1
5030.0,2300.0,519.1
5040.0,2300.0,519.1
5050.0,2300.0,519.1
5060.0,2300.0,519.1
5070.0,2300.0,519.1
5080.0,2300.0,519.1
5090.0,2300.0,519.1
5100.0,2300.0,519.1
5110.0,2300.0,519.1
5120.0,2300.0,519.1
5130.0,2300.0,519.1
5140.0,2300.0,519.1
5150.0,2300.0,519.1
5160.0,2300.0,519.1
5170.0,2300.0,519.1
5180.0,2300.0,519.1
5190.0,2300.0,519.1
5200.0,2300.0,519.1
5210.0,2300.0,519.1
5220.0,2300.0,519.1
5230.0,2300.0,519.1
5240.0,2300.0,519.1
5250.0,2300.0,519.1
5260.0,2300.0,519.1
5270.0,2300.0,519.1
5280.0,2300.0,519.1
5290.0,2300.0,519.1
5300.0,2300.0,519.1
5310.0,2300.0,519.1
5320.0,2300.0,519.1
5330.0,2300.0,519.1
5340.0,2300.0,519.1
5350.0,2300.0,519.1
5360.0,2300.0,519.1
5370.0,2300.0,519.1
5380.0,2300.0,519.1
5390.0,2300.0,519.1
5400.0,2300.0,519.1
5410.0,2300.0,519.1
5420.0,2300.0,519.1
5430.0,2300.0,519.1
5440.0,2300.0,519.1
5450.0,2300.0,519.1
5460.0,2300.0,519.1
5470.0,2300.0,519.1
5480.0,2300.0,519.1
5490.0,2300.0,519.1
5500.0,2300.0,519.1
5510.0,2300.0,519.1
5520.0,2300.0,519.1
5530.0,2300.0,519.1
5540.0,2300.0,519.1
5550.0,2300.0,519.1
5560.0,2300.0,519.1
5570.0,2300.0,519.1
5580.0,2300.0,519.1
5590.0,2300.0,519.1
5600.0,2300.0,519.1
5610.0,2300.0,519.1
5620.0,2300.0,519.1
5630.0,2300.0,519.1
5640.0,2300.0,519.1
5650.0,2300.0,519.1
5660.0,2300.0,519.1
5670.0,2300.0,519.1
5680.0,2300.0,519.1
5690.0,2300.0,519.1
5700.0,2300.0,519.1
5710.0,2300.0,521.16
5720.0,2300.0,521.46
5730.0,2300.0,521.76
5740.0,2300.0,522.07
5750.0,2300.0,522.4
4950.0,2310.0,519.54
4960.0,2310.0,519.5
4970.0,2310.0,519.48
4980.0,2310.0,519.46
4990.0,2310.0,519.46
5000.0,2310.0,519.16
5010.0,2310.0,519.16
5020.0,2310.0,519.16
5030.0,2310.0,519.16
5040.0,2310.0,519.16
5050.0,2310.0,519.16
5060.0,2310.0,519.16
5070.0,2310.0,519.16
5080.0,2310.0,519.16
5090.0,2310.0,519.16
5100.0,2310.0,519.16
5110.0,2310.0,519.16
5120.0,2310.0,519.16
5130.0,2310.0,519.16
5140.0,2310.0,519.16
5150.0,2310.0,519.16
5160.0,2310.0,519.16
5170.0,2310.0,519.16
5180.0,2310.0,519.16
5190.0,2310.0,519.16
5200.0,2310.0,519.16
5210.0,2310.0,519.16
5220.0,2310.0,519.16
5230.0,2310.0,519.16
5240.0,2310.0,519.16
5250.0,2310.0,519.16
5260.0,2310.0,519.16
5270.0,2310.0,519.16
5280.0,2310.0,519.16
5290.0,2310.0,519.16
5300.0,2310.0,519.16
5310.0,2310.0,519.16
5320.0,2310.0,519.16
5330.0,2310.0,519.16
5340.0,2310.0,519.16
5350.0,2310.0,519.16
5360.0,2310.0,519.16
5370.0,2310.0,519.16
5380.0,2310.0,519.16
5390.0,2310.0,519.16
5400.0,2310.0,519.16
5410.0,2310.0,519.16
5420.0,2310.0,519.16
5430.0,2310.0,519.16
5440.0,2310.0,519.16
5450.0,2310.0,519.16
5460.0,2310.0,519.16
5470.0,2310.0,519.16
5480.0,2310.0,519.16
5490.0,2310.0,519.16
5500.0,2310.0,519.16
5510.0,2310.0,519.16
5520.0,2310.0,519.16
5530.0,2310.0,519.16
5540.0,2310.0,519.16
5550.0,2310.0,519.16
5560.0,2310.0,519.16
5570.0,2310.0,519.16
5580.0,2310.0,519.16
5590.0,2310.0,519.16
5600.0,2310.0,519.16
5610.0,2310.0,519.16
5620.0,2310.0,519.16
5630.0,2310.0,519.16
5640.0,2310.0,519.16
5650.0,2310.0,519.16
5660.0,2310.0,519.16
5670.0,2310.0,519.16
5680.0,2310.0,519.16
5690.0,2310.0,519.16
5700.0,2310.0,519.16
5710.0,2310.0,521.45
5720.0,2310.0,521.76
5730.0,2310.0,522.07
5740.0,2310.0,522.38
5750.0,2310.0,522.71
4950.0,2320.0,519.77
4960.0,2320.0,519.73
4970.0,2320.0,519.7
4980.0,2320.0,519.68
4990.0,2320.0,519.67
5000.0,2320.0,519.22
5010.0,2320.0,519.22
5020.0,2320.0,519.22
5030.0,2320.0,519.22
5040.0,2320.0,519.22
5050.0,2320.0,519.22
5060.0,2320.0,519.22
5070.0,2320.0,519.22
5080.0,2320.0,519.22
5090.0,2320.0,519.22
5100.0,2320.0,519.22
5110.0,2320.0,519.22
5120.0,2320.0,519.22
5130.0,2320.0,519.22
5140.0,2320.0,519.22
5150.0,2320.0,519.22
5160.0,2320.0,519.22
5170.0,2320.0,519.22
5180.0,2320.0,519.22
5190.0,2320.0,519.22
5200.0,2320.0,519.22
5210.0,2320.0,519.22
5220.0,2320.0,519.22
5230.0,2320.0,519.22
5240.0,2320.0,519.22
5250.0,2320.0,519.22
5260.0,2320.0,519.22
5270.0,2320.0,519.22
5280.0,2320.0,519.22
5290.0,2320.0,519.22
5300.0,2320.0,519.22
5310.0,2320.0,519.22
5320.0,2320.0,519.22
5330.0,2320.0,519.22
5340.0,2320.0,519.22
5350.0,2320.0,519.22
5360.0,2320.0,519.22
5370.0,2320.0,519.22
5380.0,2320.0,519.22
5390.0,2320.0,519.22
5400.0,2320.0,519.22
5410.0,2320.0,519.22
5420.0,2320.0,519.22
5430.0,2320.0,519.22
5440.0,2320.0,519.22
5450.0,2320.0,519.22
5460.0,2320.0,519.22
5470.0,2320.0,519.22
5480.0,2320.0,519.22
5490.0,2320.0,519.22
5500.0,2320.0,519.22
5510.0,2320.0,519.22
5520.0,2320.0,519.22
5530.0,2320.0,519.22
5540.0,2320.0,519.22
5550.0,2320.0,519.22
5560.0,2320.0,519.22
5570.0,2320.0,519.22
5580.0,2320.0,519.22
5590.0,2320.0,519.22
5600.0,2320.0,519.22
5610.0,2320.0,519.22
5620.0,2320.0,519.22
5630.0,2320.0,519.22
5640.0,2320.0,519.22
5650.0,2320.0,519.22
5660.0,2320.0,519.22
5670.0,2320.0,519.22
5680.0,2320.0,519.22
5690.0,2320.0,519.22
5700.0,2320.0,519.22
5710.0,2320.0,521.79
5720.0,2320.0,522.1
5730.0,2320.0,522.41
5740.0,2320.0,522.73
5750.0,2320.0,523.05
4950.0,2330.0,520.01
4960.0,2330.0,519.96
4970.0,2330.0,519.92
4980.0,2330.0,519.89
4990.0,2330.0,519.88
5000.0,2330.0,519.28
5010.0,2330.0,519.28
5020.0,2330.0,519.28
5030.0,2330.0,519.28
5040.0,2330.0,519.28
5050.0,2330.0,519.28
5060.0,2330.0,519.28
5070.0,2330.0,519.28
5080.0,2330.0,519.28
5090.0,2330.0,519.28
5100.0,2330.0,519.28
5110.0,2330.0,519.28
5120.0,2330.0,519.28
5130.0,2330.0,519.28
5140.0,2330.0,519.28
5150.0,2330.0,519.28
5160.0,2330.0,519.28
5170.0,2330.0,519.28
5180.0,2330.0,519.28
5190.0,2330.0,519.28
5200.0,2330.0,519.28
5210.0,2330.0,519.28
5220.0,2330.0,519.28
5230.0,2330.0,519.28
5240.0,2330.0,519.28
5250.0,2330.0,519.28
5260.0,2330.0,519.28
5270.0,2330.0,519.28
5280.0,2330.0,519.28
5290.0,2330.0,519.28
5300.0,2330.0,519.28
5310.0,2330.0,519.28
5320.0,2330.0,519.28
5330.0,2330.0,519.28
5340.0,2330.0,519.28
5350.0,2330.0,519.28
5360.0,2330.0,519.28
5370.0,2330.0,519.28
5380.0,2330.0,519.28
5390.0,2330.0,519.28
5400.0,2330.0,519.28
5410.0,2330.0,519.28
5420.0,2330.0,519.28
5430.0,2330.0,519.28
5440.0,2330.0,519.28
5450.0,2330.0,519.28
5460.0,2330.0,519.28
5470.0,2330.0,519.28
5480.0,2330.0,519.28
5490.0,2330.0,519.28
5500.0,2330.0,519.28
5510.0,2330.0,519.28
5520.0,2330.0,519.28
5530.0,2330.0,519.28
5540.0,2330.0,519.28
5550.0,2330.0,519.28
5560.0,2330.0,519.28
5570.0,2330.0,519.28
5580.0,2330.0,519.28
5590.0,2330.0,519.28
5600.0,2330.0,519.28
5610.0,2330.0,519.28
5620.0,2330.0,519.28
5630.0,2330.0,519.28
5640.0,2330.0,519.28
5650.0,2330.0,519.28
5660.0,2330.0,519.28
5670.0,2330.0,519.28
5680.0,2330.0,519.28
5690.0,2330.0,519.28
5700.0,2330.0,519.28
5710.0,2330.0,522.15
5720.0,2330.0,522.46
5730.0,2330.0,522.78
5740.0,2330.0,523.1
5750.0,2330.0,523.43
4950.0,2340.0,520.24
4960.0,2340.0,520.18
4970.0,2340.0,520.14
4980.0,2340.0,520.11
4990.0,2340.0,520.08
5000.0,2340.0,519.34
5010.0,2340.0,519.34
5020.0,2340.0,519.34
5030.0,2340.0,519.34
5040.0,2340.0,519.34
5050.0,2340.0,519.34
5060.0,2340.0,519.34
5070.0,2340.0,519.34
5080.0,2340.0,519.34
5090.0,2340.0,519.34
5100.0,2340.0,519.34
5110.0,2340.0,519.34
5120.0,2340.0,519.34
5130.0,2340.0,519.34
5140.0,2340.0,519.34
5150.0,2340.0,519.34
5160.0,2340.0,519.34
5170.0,2340.0,519.34
5180.0,2340.0,519.34
5190.0,2340.0,519.34
5200.0,2340.0,519.34
5210.0,2340.0,519.34
5220.0,2340.0,519.34
5230.0,2340.0,519.34
5240.0,2340.0,519.34
5250.0,2340.0,519.34
5260.0,2340.0,519.34
5270.0,2340.0,519.34
5280.0,2340.0,519.34
5290.0,2340.0,519.34
5300.0,2340.0,519.34
5310.0,2340.0,519.34
5320.0,2340.0,519.34
5330.0,2340.0,519.34
5340.0,2340.0,519.34
5350.0,2340.0,519.34
5360.0,2340.0,519.34
5370.0,2340.0,519.34
5380.0,2340.0,519.34
5390.0,2340.0,519.34
5400.0,2340.0,519.34
5410.0,2340.0,519.34
5420.0,2340.0,519.34
5430.0,2340.0,519.34
5440.0,2340.0,519.34
5450.0,2340.0,519.34
5460.0,2340.0,519.34
5470.0,2340.0,519.34
5480.0,2340.0,519.34
5490.0,2340.0,519.34
5500.0,2340.0,519.34
5510.0,2340.0,519.34
5520.0,2340.0,519.34
5530.0,2340.0,519.34
5540.0,2340.0,519.34
5550.0,2340.0,519.34
5560.0,2340.0,519.34
5570.0,2340.0,519.34
5580.0,2340.0,519.34
5590.0,2340.0,519.34
5600.0,2340.0,519.34
5610.0,2340.0,519.34
5620.0,2340.0,519.34
5630.0,2340.0,519.34
5640.0,2340.0,519.34
5650.0,2340.0,519.34
5660.0,2340.0,519.34
5670.0,2340.0,519.34
5680.0,2340.0,519.34
5690.0,2340.0,519.34
5700.0,2340.0,519.34
5710.0,2340.0,522.55
5720.0,2340.0,522.86
5730.0,2340.0,523.18
5740.0,2340.0,523.5
5750.0,2340.0,523.82
4950.0,2350.0,520.47
4960.0,2350.0,520.41
4970.0,2350.0,520.36
4980.0,2350.0,520.32
4990.0,2350.0,520.28
5000.0,2350.0,519.4
5010.0,2350.0,519.4
5020.0,2350.0,519.4
5030.0,2350.0,519.4
5040.0,2350.0,519.4
5050.0,2350.0,519.4
5060.0,2350.0,519.4
5070.0,2350.0,519.4
5080.0,2350.0,519.4
5090.0,2350.0,519.4
5100.0,2350.0,519.4
5110.0,2350.0,519.4
5120.0,2350.0,519.4
5130.0,2350.0,519.4
5140.0,2350.0,519.4
5150.0,2350.0,519.4
5160.0,2350.0,519.4
5170.0,2350.0,519.4
5180.0,2350.0,519.4
5190.0,2350.0,519.4
5200.0,2350.0,519.4
5210.0,2350.0,519.4
5220.0,2350.0,519.4
5230.0,2350.0,519.4
5240.0,2350.0,519.4
5250.0,2350.0,519.4
5260.0,2350.0,519.4
5270.0,2350.0,519.4
5280.0,2350.0,519.4
5290.0,2350.0,519.4
5300.0,2350.0,519.4
5310.0,2350.0,519.4
5320.0,2350.0,519.4
5330.0,2350.0,519.4
5340.0,2350.0,519.4
5350.0,2350.0,519.4
5360.0,2350.0,519.4
5370.0,2350.0,519.4
5380.0,2350.0,519.4
5390.0,2350.0,519.4
5400.0,2350.0,519.4
5410.0,2350.0,519.4
5420.0,2350.0,519.4
5430.0,2350.0,519.4
5440.0,2350.0,519.4
5450.0,2350.0,519.4
5460.0,2350.0,519.4
5470.0,2350.0,519.4
5480.0,2350.0,519.4
5490.0,2350.0,519.4
5500.0,2350.0,519.4
5510.0,2350.0,519.4
5520.0,2350.0,519.4
5530.0,2350.0,519.4
5540.0,2350.0,519.4
5550.0,2350.0,519.4
5560.0,2350.0,519.4
5570.0,2350.0,519.4
5580.0,2350.0,519.4
5590.0,2350.0,519.4
5600.0,2350.0,519.4
5610.0,2350.0,519.4
5620.0,2350.0,519.4
5630.0,2350.0,519.4
5640.0,2350.0,519.4
5650.0,2350.0,519.4
5660.0,2350.0,519.4
5670.0,2350.0,519.4
5680.0,2350.0,519.4
5690.0,2350.0,519.4
5700.0,2350.0,519.4
5710.0,2350.0,522.96
5720.0,2350.0,523.28
5730.0,2350.0,523.6
5740.0,2350.0,523.92
5750.0,2350.0,524.24
4950.0,2360.0,520.69
4960.0,2360.0,520.62
4970.0,2360.0,520.56
4980.0,2360.0,520.51
4990.0,2360.0,520.48
5000.0,2360.0,519.46
5010.0,2360.0,519.46
5020.0,2360.0,519.46
5030.0,2360.0,519.46
5040.0,2360.0,519.46
5050.0,2360.0,519.46
5060.0,2360.0,519.46
5070.0,2360.0,519.46
5080.0,2360.0,519.46
5090.0,2360.0,519.46
5100.0,2360.0,519.46
5110.0,2360.0,519.46
5120.0,2360.0,519.46
5130.0,2360.0,519.46
5140.0,2360.0,519.46
5150.0,2360.0,519.46
5160.0,2360.0,519.46
5170.0,2360.0,519.46
5180.0,2360.0,519.46
5190.0,2360.0,519.46
5200.0,2360.0,519.46
5210.0,2360.0,519.46
5220.0,2360.0,519.46
5230.0,2360.0,519.46
5240.0,2360.0,519.46
5250.0,2360.0,519.46
5260.0,2360.0,519.46
5270.0,2360.0,519.46
5280.0,2360.0,519.46
5290.0,2360.0,519.46
5300.0,2360.0,519.46
5310.0,2360.0,519.46
5320.0,2360.0,519.46
5330.0,2360.0,519.46
5340.0,2360.0,519.46
5350.0,2360.0,519.46
5360.0,2360.0,519.46
5370.0,2360.0,519.46
5380.0,2360.0,519.46
5390.0,2360.0,519.46
5400.0,2360.0,519.46
5410.0,2360.0,519.46
5420.0,2360.0,519.46
5430.0,2360.0,519.46
5440.0,2360.0,519.46
5450.0,2360.0,519.46
5460.0,2360.0,519.46
5470.0,2360.0,519.46
5480.0,2360.0,519.46
5490.0,2360.0,519.46
5500.0,2360.0,519.46
5510.0,2360.0,519.46
5520.0,2360.0,519.46
5530.0,2360.0,519.46
5540.0,2360.0,519.46
5550.0,2360.0,519.46
5560.0,2360.0,519.46
5570.0,2360.0,519.46
5580.0,2360.0,519.46
5590.0,2360.0,519.46
5600.0,2360.0,519.46
5610.0,2360.0,519.46
5620.0,2360.0,519.46
5630.0,2360.0,519.46
5640.0,2360.0,519.46
5650.0,2360.0,519.46
5660.0,2360.0,519.46
5670.0,2360.0,519.46
5680.0,2360.0,519.46
5690.0,2360.0,519.46
5700.0,2360.0,519.46
5710.0,2360.0,523.4
5720.0,2360.0,523.72
5730.0,2360.0,524.04
5740.0,2360.0,524.35
5750.0,2360.0,524.67
4950.0,2370.0,520.9
4960.0,2370.0,520.82
4970.0,2370.0,520.76
4980.0,2370.0,520.7
4990.0,2370.0,520.66
5000.0,2370.0,519.52
5010.0,2370.0,519.52
5020.0,2370.0,519.52
5030.0,2370.0,519.52
5040.0,2370.0,519.52
5050.0,2370.0,519.52
5060.0,2370.0,519.52
5070.0,2370.0,519.52
5080.0,2370.0,519.52
5090.0,2370.0,519.52
5100.0,2370.0,519.52
5110.0,2370.0,519.52
5120.0,2370.0,519.52
5130.0,2370.0,519.52
5140.0,2370.0,519.52
5150.0,2370.0,519.52
5160.0,2370.0,519.52
5170.0,2370.0,519.52
5180.0,2370.0,519.52
5190.0,2370.0,519.52
5200.0,2370.0,519.52
5210.0,2370.0,519.52
5220.0,2370.0,519.52
5230.0,2370.0,519.52
5240.0,2370.0,519.52
5250.0,2370.0,519.52
5260.0,2370.0,519.52
5270.0,2370.0,519.52
5280.0,2370.0,519.52
5290.0,2370.0,519.52
5300.0,2370.0,519.52
5310.0,2370.0,519.52
5320.0,2370.0,519.52
5330.0,2370.0,519.52
5340.0,2370.0,519.52
5350.0,2370.0,519.52
5360.0,2370.0,519.52
5370.0,2370.0,519.52
5380.0,2370.0,519.52
5390.0,2370.0,519.52
5400.0,2370.0,519.52
5410.0,2370.0,519.52
5420.0,2370.0,519.52
5430.0,2370.0,519.52
5440.0,2370.0,519.52
5450.0,2370.0,519.52
5460.0,2370.0,519.52
5470.0,2370.0,519.52
5480.0,2370.0,519.52
5490.0,2370.0,519.52
5500.0,2370.0,519.52
5510.0,2370.0,519.52
5520.0,2370.0,519.52
5530.0,2370.0,519.52
5540.0,2370.0,519.52
5550.0,2370.0,519.52
5560.0,2370.0,519.52
5570.0,2370.0,519.52
5580.0,2370.0,519.52
5590.0,2370.0,519.52
5600.0,2370.0,519.52
5610.0,2370.0,519.52
5620.0,2370.0,519.52
5630.0,2370.0,519.52
5640.0,2370.0,519.52
5650.0,2370.0,519.52
5660.0,2370.0,519.52
5670.0,2370.0,519.52
5680.0,2370.0,519.52
5690.0,2370.0,519.52
5700.0,2370.0,519.52
5710.0,2370.0,523.85
5720.0,2370.0,524.17
5730.0,2370.0,524.49
5740.0,2370.0,524.8
5750.0,2370.0,525.11
4950.0,2380.0,521.1
4960.0,2380.0,521.02
4970.0,2380.0,520.94
4980.0,2380.0,520.88
4990.0,2380.0,520.82
5000.0,2380.0,519.58
5010.0,2380.0,519.58
5020.0,2380.0,519.58
5030.0,2380.0,519.58
5040.0,2380.0,519.58
5050.0,2380.0,519.58
5060.0,2380.0,519.58
5070.0,2380.0,519.58
5080.0,2380.0,519.58
5090.0,2380.0,519.58
5100.0,2380.0,519.58
5110.0,2380.0,519.58
5120.0,2380.0,519.58
5130.0,2380.0,519.58
5140.0,2380.0,519.58
5150.0,2380.0,519.58
5160.0,2380.0,519.58
5170.0,2380.0,519.58
5180.0,2380.0,519.58
5190.0,2380.0,519.58
5200.0,2380.0,519.58
5210.0,2380.0,519.58
5220.0,2380.0,519.58
5230.0,2380.0,519.58
5240.0,2380.0,519.58
5250.0,2380.0,519.58
5260.0,2380.0,519.58
5270.0,2380.0,519.58
5280.0,2380.0,519.58
5290.0,2380.0,519.58
5300.0,2380.0,519.58
5310.0,2380.0,519.58
5320.0,2380.0,519.58
5330.0,2380.0,519.58
5340.0,2380.0,519.58
5350.0,2380.0,519.58
5360.0,2380.0,519.58
5370.0,2380.0,519.58
5380.0,2380.0,519.58
5390.0,2380.0,519.58
5400.0,2380.0,519.58
5410.0,2380.0,519.58
5420.0,2380.0,519.58
5430.0,2380.0,519.58
5440.0,2380.0,519.58
5450.0,2380.0,519.58
5460.0,2380.0,519.58
5470.0,2380.0,519.58
5480.0,2380.0,519.58
5490.0,2380.0,519.58
5500.0,2380.0,519.58
5510.0,2380.0,519.58
5520.0,2380.0,519.58
5530.0,2380.0,519.58
5540.0,2380.0,519.58
5550.0,2380.0,519.58
5560.0,2380.0,519.58
5570.0,2380.0,519.58
5580.0,2380.0,519.58
5590.0,2380.0,519.58
5600.0,2380.0,519.58
5610.0,2380.0,519.58
5620.0,2380.0,519.58
5630.0,2380.0,519.58
5640.0,2380.0,519.58
5650.0,2380.0,519.58
5660.0,2380.0,519.58
5670.0,2380.0,519.58
5680.0,2380.0,519.58
5690.0,2380.0,519.58
5700.0,2380.0,519.58
5710.0,2380.0,524.31
5720.0,2380.0,524.63
5730.0,2380.0,524.94
5740.0,2380.0,525.25
5750.0,2380.0,525.55
4950.0,2390.0,521.29
4960.0,2390.0,521.19
4970.0,2390.0,521.11
4980.0,2390.0,521.04
4990.0,2390.0,520.98
5000.0,2390.0,519.64
5010.0,2390.0,519.64
5020.0,2390.0,519.64
5030.0,2390.0,519.64
5040.0,2390.0,519.64
5050.0,2390.0,519.64
5060.0,2390.0,519.64
5070.0,2390.0,519.64
5080.0,2390.0,519.64
5090.0,2390.0,519.64
5100.0,2390.0,519.64
5110.0,2390.0,519.64
5120.0,2390.0,519.64
5130.0,2390.0,519.64
5140.0,2390.0,519.64
5150.0,2390.0,519.64
5160.0,2390.0,519.64
5170.0,2390.0,519.64
5180.0,2390.0,519.64
5190.0,2390.0,519.64
5200.0,2390.0,519.64
5210.0,2390.0,519.64
5220.0,2390.0,519.64
5230.0,2390.0,519.64
5240.0,2390.0,519.64
5250.0,2390.0,519.64
5260.0,2390.0,519.64
5270.0,2390.0,519.64
5280.0,2390.0,519.64
5290.0,2390.0,519.64
5300.0,2390.0,519.64
5310.0,2390.0,519.64
5320.0,2390.0,519.64
5330.0,2390.0,519.64
5340.0,2390.0,519.64
5350.0,2390.0,519.64
5360.0,2390.0,519.64
5370.0,2390.0,519.64
5380.0,2390.0,519.64
5390.0,2390.0,519.64
5400.0,2390.0,519.64
5410.0,2390.0,519.64
5420.0,2390.0,519.64
5430.0,2390.0,519.64
5440.0,2390.0,519.64
5450.0,2390.0,519.64
5460.0,2390.0,519.64
5470.0,2390.0,519.64
5480.0,2390.0,519.64
5490.0,2390.0,519.64
5500.0,2390.0,519.64
5510.0,2390.0,519.64
5520.0,2390.0,519.64
5530.0,2390.0,519.64
5540.0,2390.0,519.64
5550.0,2390.0,519.64
5560.0,2390.0,519.64
5570.0,2390.0,519.64
5580.0,2390.0,519.64
5590.0,2390.0,519.64
5600.0,2390.0,519.64
5610.0,2390.0,519.64
5620.0,2390.0,519.64
5630.0,2390.0,519.64
5640.0,2390.0,519.64
5650.0,2390.0,519.64
5660.0,2390.0,519.64
5670.0,2390.0,519.64
5680.0,2390.0,519.64
5690.0,2390.0,519.64
5700.0,2390.0,519.64
5710.0,2390.0,524.77
5720.0,2390.0,525.09
5730.0,2390.0,525.4
5740.0,2390.0,525.7
5750.0,2390.0,525.98
4950.0,2400.0,521.45
4960.0,2400.0,521.35
4970.0,2400.0,521.27
4980.0,2400.0,521.19
4990.0,2400.0,521.12
5000.0,2400.0,519.7
5010.0,2400.0,519.7
5020.0,2400.0,519.7
5030.0,2400.0,519.7
5040.0,2400.0,519.7
5050.0,2400.0,519.7
5060.0,2400.0,519.7
5070.0,2400.0,519.7
5080.0,2400.0,519.7
5090.0,2400.0,519.7
5100.0,2400.0,519.7
5110.0,2400.0,519.7
5120.0,2400.0,519.7
5130.0,2400.0,519.7
5140.0,2400.0,519.7
5150.0,2400.0,519.7
5160.0,2400.0,519.7
5170.0,2400.0,519.7
5180.0,2400.0,519.7
5190.0,2400.0,519.7
5200.0,2400.0,519.7
5210.0,2400.0,519.7
5220.0,2400.0,519.7
5230.0,2400.0,519.7
5240.0,2400.0,519.7
5250.0,2400.0,519.7
5260.0,2400.0,519.7
5270.0,2400.0,519.7
5280.0,2400.0,519.7
5290.0,2400.0,519.7
5300.0,2400.0,519.7
5310.0,2400.0,519.7
5320.0,2400.0,519.7
5330.0,2400.0,519.7
5340.0,2400.0,519.7
5350.0,2400.0,519.7
5360.0,2400.0,519.7
5370.0,2400.0,519.7
5380.0,2400.0,519.7
5390.0,2400.0,519.7
5400.0,2400.0,519.7
5410.0,2400.0,519.7
5420.0,2400.0,519.7
5430.0,2400.0,519.7
5440.0,2400.0,519.7
5450.0,2400.0,519.7
5460.0,2400.0,519.7
5470.0,2400.0,519.7
5480.0,2400.0,519.7
5490.0,2400.0,519.7
5500.0,2400.0,519.7
5510.0,2400.0,519.7
5520.0,2400.0,519.7
5530.0,2400.0,519.7
5540.0,2400.0,519.7
5550.0,2400.0,519.7
5560.0,2400.0,519.7
5570.0,2400.0,519.7
5580.0,2400.0,519.7
5590.0,2400.0,519.7
5600.0,2400.0,519.7
5610.0,2400.0,519.7
5620.0,2400.0,519.7
5630.0,2400.0,519.7
5640.0,2400.0,519.7
5650.0,2400.0,519.7
5660.0,2400.0,519.7
5670.0,2400.0,519.7
5680.0,2400.0,519.7
5690.0,2400.0,519.7
5700.0,2400.0,519.7
5710.0,2400.0,525.23
5720.0,2400.0,525.54
5730.0,2400.0,525.85
5740.0,2400.0,526.14
5750.0,2400.0,526.41
4950.0,2410.0,521.61
4960.0,2410.0,521.5
4970.0,2410.0,521.41
4980.0,2410.0,521.32
4990.0,2410.0,521.25
5000.0,2410.0,519.76
5010.0,2410.0,519.76
5020.0,2410.0,519.76
5030.0,2410.0,519.76
5040.0,2410.0,519.76
5050.0,2410.0,519.76
5060.0,2410.0,519.76
5070.0,2410.0,519.76
5080.0,2410.0,519.76
5090.0,2410.0,519.76
5100.0,2410.0,519.76
5110.0,2410.0,519.76
5120.0,2410.0,519.76
5130.0,2410.0,519.76
5140.0,2410.0,519.76
5150.0,2410.0,519.76
5160.0,2410.0,519.76
5170.0,2410.0,519.76
5180.0,2410.0,519.76
5190.0,2410.0,519.76
5200.0,2410.0,519.76
5210.0,2410.0,519.76
5220.0,2410.0,519.76
5230.0,2410.0,519.76
5240.0,2410.0,519.76
5250.0,2410.0,519.76
5260.0,2410.0,519.76
5270.0,2410.0,519.76
5280.0,2410.0,519.76
5290.0,2410.0,519.76
5300.0,2410.0,519.76
5310.0,2410.0,519.76
5320.0,2410.0,519.76
5330.0,2410.0,519.76
5340.0,2410.0,519.76
5350.0,2410.0,519.76
5360.0,2410.0,519.76
5370.0,2410.0,519.76
5380.0,2410.0,519.76
5390.0,2410.0,519.76
5400.0,2410.0,519.76
5410.0,2410.0,519.76
5420.0,2410.0,519.76
5430.0,2410.0,519.76
5440.0,2410.0,519.76
5450.0,2410.0,519.76
5460.0,2410.0,519.76
5470.0,2410.0,519.76
5480.0,2410.0,519.76
5490.0,2410.0,519.76
5500.0,2410.0,519.76
5510.0,2410.0,519.76
5520.0,2410.0,519.76
5530.0,2410.0,519.76
5540.0,2410.0,519.76
5550.0,2410.0,519.76
5560.0,2410.0,519.76
5570.0,2410.0,519.76
5580.0,2410.0,519.76
5590.0,2410.0,519.76
5600.0,2410.0,519.76
5610.0,2410.0,519.76
5620.0,2410.0,519.76
5630.0,2410.0,519.76
5640.0,2410.0,519.76
5650.0,2410.0,519.76
5660.0,2410.0,519.76
5670.0,2410.0,519.76
5680.0,2410.0,519.76
5690.0,2410.0,519.76
5700.0,2410.0,519.76
5710.0,2410.0,525.67
5720.0,2410.0,525.99
5730.0,2410.0,526.28
5740.0,2410.0,526.56
5750.0,2410.0,526.83
4950.0,2420.0,521.74
4960.0,2420.0,521.63
4970.0,2420.0,521.53
4980.0,2420.0,521.45
4990.0,2420.0,521.37
5000.0,2420.0,519.82
5010.0,2420.0,519.82
5020.0,2420.0,519.82
5030.0,2420.0,519.82
5040.0,2420.0,519.82
5050.0,2420.0,519.82
5060.0,2420.0,519.82
5070.0,2420.0,519.82
5080.0,2420.0,519.82
5090.0,2420.0,519.82
5100.0,2420.0,519.82
5110.0,2420.0,519.82
5120.0,2420.0,519.82
5130.0,2420.0,519.82
5140.0,2420.0,519.82
5150.0,2420.0,519.82
5160.0,2420.0,519.82
5170.0,2420.0,519.82
5180.0,2420.0,519.82
5190.0,2420.0,519.82
5200.0,2420.0,519.82
5210.0,2420.0,519.82
5220.0,2420.0,519.82
5230.0,2420.0,519.82
5240.0,2420.0,519.82
5250.0,2420.0,519.82
5260.0,2420.0,519.82
5270.0,2420.0,519.82
5280.0,2420.0,519.82
5290.0,2420.0,519.82
5300.0,2420.0,519.82
5310.0,2420.0,519.82
5320.0,2420.0,519.82
5330.0,2420.0,519.82
5340.0,2420.0,519.82
5350.0,2420.0,519.82
5360.0,2420.0,519.82
5370.0,2420.0,519.82
5380.0,2420.0,519.82
5390.0,2420.0,519.82
5400.0,2420.0,519.82
5410.0,2420.0,519.82
5420.0,2420.0,519.82
5430.0,2420.0,519.82
5440.0,2420.0,519.82
5450.0,2420.0,519.82
5460.0,2420.0,519.82
5470.0,2420.0,519.82
5480.0,2420.0,519.82
5490.0,2420.0,519.82
5500.0,2420.0,519.82
5510.0,2420.0,519.82
5520.0,2420.0,519.82
5530.0,2420.0,519.82
5540.0,2420.0,519.82
5550.0,2420.0,519.82
5560.0,2420.0,519.82
5570.0,2420.0,519.82
5580.0,2420.0,519.82
5590.0,2420.0,519.82
5600.0,2420.0,519.82
5610.0,2420.0,519.82
5620.0,2420.0,519.82
5630.0,2420.0,519.82
5640.0,2420.0,519.82
5650.0,2420.0,519.82
5660.0,2420.0,519.82
5670.0,2420.0,519.82
5680.0,2420.0,519.82
5690.0,2420.0,519.82
5700.0,2420.0,519.82
5710.0,2420.0,526.1
5720.0,2420.0,526.42
5730.0,2420.0,526.71
5740.0,2420.0,526.98
5750.0,2420.0,527.23
4950.0,2430.0,521.87
4960.0,2430.0,521.75
4970.0,2430.0,521.65
4980.0,2430.0,521.56
4990.0,2430.0,521.48
5000.0,2430.0,519.88
5010.0,2430.0,519.88
5020.0,2430.0,519.88
5030.0,2430.0,519.88
5040.0,2430.0,519.88
5050.0,2430.0,519.88
5060.0,2430.0,519.88
5070.0,2430.0,519.88
5080.0,2430.0,519.88
5090.0,2430.0,519.88
5100.0,2430.0,519.88
5110.0,2430.0,519.88
5120.0,2430.0,519.88
5130.0,2430.0,519.88
5140.0,2430.0,519.88
5150.0,2430.0,519.88
5160.0,2430.0,519.88
5170.0,2430.0,519.88
5180.0,2430.0,519.88
5190.0,2430.0,519.88
5200.0,2430.0,519.88
5210.0,2430.0,519.88
5220.0,2430.0,519.88
5230.0,2430.0,519.88
5240.0,2430.0,519.88
5250.0,2430.0,519.88
5260.0,2430.0,519.88
5270.0,2430.0,519.88
5280.0,2430.0,519.88
5290.0,2430.0,519.88
5300.0,2430.0,519.88
5310.0,2430.0,519.88
5320.0,2430.0,519.88
5330.0,2430.0,519.88
5340.0,2430.0,519.88
5350.0,2430.0,519.88
5360.0,2430.0,519.88
5370.0,2430.0,519.88
5380.0,2430.0,519.88
5390.0,2430.0,519.88
5400.0,2430.0,519.88
5410.0,2430.0,519.88
5420.0,2430.0,519.88
5430.0,2430.0,519.88
5440.0,2430.0,519.88
5450.0,2430.0,519.88
5460.0,2430.0,519.88
5470.0,2430.0,519.88
5480.0,2430.0,519.88
5490.0,2430.0,519.88
5500.0,2430.0,519.88
5510.0,2430.0,519.88
5520.0,2430.0,519.88
5530.0,2430.0,519.88
5540.0,2430.0,519.88
5550.0,2430.0,519.88
5560.0,2430.0,519.88
5570.0,2430.0,519.88
5580.0,2430.0,519.88
5590.0,2430.0,519.88
5600.0,2430.0,519.88
5610.0,2430.0,519.88
5620.0,2430.0,519.88
5630.0,2430.0,519.88
5640.0,2430.0,519.88
5650.0,2430.0,519.88
5660.0,2430.0,519.88
5670.0,2430.0,519.88
5680.0,2430.0,519.88
5690.0,2430.0,519.88
5700.0,2430.0,519.88
5710.0,2430.0,526.52
5720.0,2430.0,526.83
5730.0,2430.0,527.11
5740.0,2430.0,527.37
5750.0,2430.0,527.61
4950.0,2440.0,521.97
4960.0,2440.0,521.86
4970.0,2440.0,521.75
4980.0,2440.0,521.66
4990.0,2440.0,521.58
5000.0,2440.0,519.94
5010.0,2440.0,519.94
5020.0,2440.0,519.94
5030.0,2440.0,519.94
5040.0,2440.0,519.94
5050.0,2440.0,519.94
5060.0,2440.0,519.94
5070.0,2440.0,519.94
5080.0,2440.0,519.94
5090.0,2440.0,519.94
5100.0,2440.0,519.94
5110.0,2440.0,519.94
5120.0,2440.0,519.94
5130.0,2440.0,519.94
5140.0,2440.0,519.94
5150.0,2440.0,519.94
5160.0,2440.0,519.94
5170.0,2440.0,519.94
5180.0,2440.0,519.94
5190.0,2440.0,519.94
5200.0,2440.0,519.94
5210.0,2440.0,519.94
5220.0,2440.0,519.94
5230.0,2440.0,519.94
5240.0,2440.0,519.94
5250.0,2440.0,519.94
5260.0,2440.0,519.94
5270.0,2440.0,519.94
5280.0,2440.0,519.94
5290.0,2440.0,519.94
5300.0,2440.0,519.94
5310.0,2440.0,519.94
5320.0,2440.0,519.94
5330.0,2440.0,519.94
5340.0,2440.0,519.94
5350.0,2440.0,519.94
5360.0,2440.0,519.94
5370.0,2440.0,519.94
5380.0,2440.0,519.94
5390.0,2440.0,519.94
5400.0,2440.0,519.94
5410.0,2440.0,519.94
5420.0,2440.0,519.94
5430.0,2440.0,519.94
5440.0,2440.0,519.94
5450.0,2440.0,519.94
5460.0,2440.0,519.94
5470.0,2440.0,519.94
5480.0,2440.0,519.94
5490.0,2440.0,519.94
5500.0,2440.0,519.94
5510.0,2440.0,519.94
5520.0,2440.0,519.94
5530.0,2440.0,519.94
5540.0,2440.0,519.94
5550.0,2440.0,519.94
5560.0,2440.0,519.94
5570.0,2440.0,519.94
5580.0,2440.0,519.94
5590.0,2440.0,519.94
5600.0,2440.0,519.94
5610.0,2440.0,519.94
5620.0,2440.0,519.94
5630.0,2440.0,519.94
5640.0,2440.0,519.94
5650.0,2440.0,519.94
5660.0,2440.0,519.94
5670.0,2440.0,519.94
5680.0,2440.0,519.94
5690.0,2440.0,519.94
5700.0,2440.0,519.94
5710.0,2440.0,526.91
5720.0,2440.0,527.21
5730.0,2440.0,527.49
5740.0,2440.0,527.74
5750.0,2440.0,527.97
4950.0,2450.0,522.07
4960.0,2450.0,521.95
4970.0,2450.0,521.85
4980.0,2450.0,521.75
4990.0,2450.0,521.67
5000.0,2450.0,520.0
5010.0,2450.0,520.0
5020.0,2450.0,520.0
5030.0,2450.0,520.0
5040.0,2450.0,520.0
5050.0,2450.0,520.0
5060.0,2450.0,520.0
5070.0,2450.0,520.0
5080.0,2450.0,520.0
5090.0,2450.0,520.0
5100.0,2450.0,520.0
5110.0,2450.0,520.0
5120.0,2450.0,520.0
5130.0,2450.0,520.0
5140.0,2450.0,520.0
5150.0,2450.0,520.0
5160.0,2450.0,520.0
5170.0,2450.0,520.0
5180.0,2450.0,520.0
5190.0,2450.0,520.0
5200.0,2450.0,520.0
5210.0,2450.0,520.0
5220.0,2450.0,520.0
5230.0,2450.0,520.0
5240.0,2450.0,520.0
5250.0,2450.0,520.0
5260.0,2450.0,520.0
5270.0,2450.0,520.0
5280.0,2450.0,520.0
5290.0,2450.0,520.0
5300.0,2450.0,520.0
5310.0,2450.0,520.0
5320.0,2450.0,520.0
5330.0,2450.0,520.0
5340.0,2450.0,520.0
5350.0,2450.0,520.0
5360.0,2450.0,520.0
5370.0,2450.0,520.0
5380.0,2450.0,520.0
5390.0,2450.0,520.0
5400.0,2450.0,520.0
5410.0,2450.0,520.0
5420.0,2450.0,520.0
5430.0,2450.0,520.0
5440.0,2450.0,520.0
5450.0,2450.0,520.0
5460.0,2450.0,520.0
5470.0,2450.0,520.0
5480.0,2450.0,520.0
5490.0,2450.0,520.0
5500.0,2450.0,520.0
5510.0,2450.0,520.0
5520.0,2450.0,520.0
5530.0,2450.0,520.0
5540.0,2450.0,520.0
5550.0,2450.0,520.0
5560.0,2450.0,520.0
5570.0,2450.0,520.0
5580.0,2450.0,520.0
5590.0,2450.0,520.0
5600.0,2450.0,520.0
5610.0,2450.0,520.0
5620.0,2450.0,520.0
5630.0,2450.0,520.0
5640.0,2450.0,520.0
5650.0,2450.0,520.0
5660.0,2450.0,520.0
5670.0,2450.0,520.0
5680.0,2450.0,520.0
5690.0,2450.0,520.0
5700.0,2450.0,520.0
5710.0,2450.0,527.28
5720.0,2450.0,527.58
5730.0,2450.0,527.85
5740.0,2450.0,528.08
5750.0,2450.0,528.3
4950.0,2460.0,522.15
4960.0,2460.0,522.04
4970.0,2460.0,521.93
4980.0,2460.0,521.84
4990.0,2460.0,521.75
5000.0,2460.0,521.68
5010.0,2460.0,521.62
5020.0,2460.0,521.56
5030.0,2460.0,521.5
5040.0,2460.0,521.44
5050.0,2460.0,521.38
5060.0,2460.0,521.31
5070.0,2460.0,521.23
5080.0,2460.0,521.12
5090.0,2460.0,521.0
5100.0,2460.0,520.84
5110.0,2460.0,520.65
5120.0,2460.0,520.42
5130.0,2460.0,520.15
5140.0,2460.0,519.82
5150.0,2460.0,519.45
5160.0,2460.0,519.02
5170.0,2460.0,518.53
5180.0,2460.0,517.98
5190.0,2460.0,517.37
5200.0,2460.0,516.71
5210.0,2460.0,515.99
5220.0,2460.0,515.22
5230.0,2460.0,514.4
5240.0,2460.0,513.54
5250.0,2460.0,512.66
5260.0,2460.0,511.76
5270.0,2460.0,510.85
5280.0,2460.0,509.95
5290.0,2460.0,509.06
5300.0,2460.0,508.22
5310.0,2460.0,507.42
5320.0,2460.0,506.68
5330.0,2460.0,506.02
5340.0,2460.0,505.45
5350.0,2460.0,504.98
5360.0,2460.0,504.62
5370.0,2460.0,504.37
5380.0,2460.0,504.25
5390.0,2460.0,504.26
5400.0,2460.0,504.4
5410.0,2460.0,504.66
5420.0,2460.0,505.05
5430.0,2460.0,505.55
5440.0,2460.0,506.16
5450.0,2460.0,506.87
5460.0,2460.0,507.67
5470.0,2460.0,508.54
5480.0,2460.0,509.48
5490.0,2460.0,510.47
5500.0,2460.0,511.5
5510.0,2460.0,512.55
5520.0,2460.0,513.62
5530.0,2460.0,514.69
5540.0,2460.0,515.75
5550.0,2460.0,516.8
5560.0,2460.0,517.81
5570.0,2460.0,518.8
5580.0,2460.0,519.75
5590.0,2460.0,520.65
5600.0,2460.0,521.51
5610.0,2460.0,522.31
5620.0,2460.0,523.07
5630.0,2460.0,523.77
5640.0,2460.0,524.42
5650.0,2460.0,525.02
5660.0,2460.0,525.57
5670.0,2460.0,526.07
5680.0,2460.0,526.52
5690.0,2460.0,526.93
5700.0,2460.0,527.3
5710.0,2460.0,527.63
5720.0,2460.0,527.92
5730.0,2460.0,528.18
5740.0,2460.0,528.4
5750.0,2460.0,528.61
4950.0,2470.0,522.23
4960.0,2470.0,522.11
4970.0,2470.0,522.01
4980.0,2470.0,521.92
4990.0,2470.0,521.84
5000.0,2470.0,521.77
5010.0,2470.0,521.7
5020.0,2470.0,521.65
5030.0,2470.0,521.6
5040.0,2470.0,521.54
5050.0,2470.0,521.49
5060.0,2470.0,521.42
5070.0,2470.0,521.34
5080.0,2470.0,521.25
5090.0,2470.0,521.13
5100.0,2470.0,520.98
5110.0,2470.0,520.8
5120.0,2470.0,520.58
5130.0,2470.0,520.31
5140.0,2470.0,520.0
5150.0,2470.0,519.63
5160.0,2470.0,519.21
5170.0,2470.0,518.73
5180.0,2470.0,518.19
5190.0,2470.0,517.59
5200.0,2470.0,516.93
5210.0,2470.0,516.22
5220.0,2470.0,515.45
5230.0,2470.0,514.64
5240.0,2470.0,513.79
5250.0,2470.0,512.91
5260.0,2470.0,512.01
5270.0,2470.0,511.11
5280.0,2470.0,510.21
5290.0,2470.0,509.33
5300.0,2470.0,508.48
5310.0,2470.0,507.68
5320.0,2470.0,506.95
5330.0,2470.0,506.29
5340.0,2470.0,505.71
5350.0,2470.0,505.24
5360.0,2470.0,504.88
5370.0,2470.0,504.64
5380.0,2470.0,504.52
5390.0,2470.0,504.52
5400.0,2470.0,504.66
5410.0,2470.0,504.92
5420.0,2470.0,505.3
5430.0,2470.0,505.8
5440.0,2470.0,506.41
5450.0,2470.0,507.12
5460.0,2470.0,507.91
5470.0,2470.0,508.79
5480.0,2470.0,509.73
5490.0,2470.0,510.72
5500.0,2470.0,511.75
5510.0,2470.0,512.8
5520.0,2470.0,513.87
5530.0,2470.0,514.94
5540.0,2470.0,516.01
5550.0,2470.0,517.06
5560.0,2470.0,518.08
5570.0,2470.0,519.07
5580.0,2470.0,520.02
5590.0,2470.0,520.93
5600.0,2470.0,521.79
5610.0,2470.0,522.6
5620.0,2470.0,523.36
5630.0,2470.0,524.07
5640.0,2470.0,524.73
5650.0,2470.0,525.33
5660.0,2470.0,525.89
5670.0,2470.0,526.39
5680.0,2470.0,526.85
5690.0,2470.0,527.26
5700.0,2470.0,527.62
5710.0,2470.0,527.94
5720.0,2470.0,528.23
5730.0,2470.0,528.48
5740.0,2470.0,528.7
5750.0,2470.0,528.89
4950.0,2480.0,522.29
4960.0,2480.0,522.18
4970.0,2480.0,522.08
4980.0,2480.0,521.99
4990.0,2480.0,521.92
5000.0,2480.0,521.85
5010.0,2480.0,521.79
5020.0,2480.0,521.74
5030.0,2480.0,521.7
5040.0,2480.0,521.65
5050.0,2480.0,521.6
5060.0,2480.0,521.54
5070.0,2480.0,521.47
5080.0,2480.0,521.38
5090.0,2480.0,521.27
5100.0,2480.0,521.13
5110.0,2480.0,520.96
5120.0,2480.0,520.75
5130.0,2480.0,520.49
5140.0,2480.0,520.18
5150.0,2480.0,519.83
5160.0,2480.0,519.41
5170.0,2480.0,518.94
5180.0,2480.0,518.41
5190.0,2480.0,517.82
5200.0,2480.0,517.17
5210.0,2480.0,516.46
5220.0,2480.0,515.7
5230.0,2480.0,514.89
5240.0,2480.0,514.05
5250.0,2480.0,513.17
5260.0,2480.0,512.28
5270.0,2480.0,511.38
5280.0,2480.0,510.48
5290.0,2480.0,509.6
5300.0,2480.0,508.75
5310.0,2480.0,507.95
5320.0,2480.0,507.22
5330.0,2480.0,506.56
5340.0,2480.0,505.99
5350.0,2480.0,505.51
5360.0,2480.0,505.15
5370.0,2480.0,504.91
5380.0,2480.0,504.78
5390.0,2480.0,504.79
5400.0,2480.0,504.92
5410.0,2480.0,505.18
5420.0,2480.0,505.56
5430.0,2480.0,506.06
5440.0,2480.0,506.66
5450.0,2480.0,507.37
5460.0,2480.0,508.16
5470.0,2480.0,509.04
5480.0,2480.0,509.97
5490.0,2480.0,510.96
5500.0,2480.0,511.99
5510.0,2480.0,513.05
5520.0,2480.0,514.12
5530.0,2480.0,515.19
5540.0,2480.0,516.26
5550.0,2480.0,517.3
5560.0,2480.0,518.33
5570.0,2480.0,519.32
5580.0,2480.0,520.28
5590.0,2480.0,521.19
5600.0,2480.0,522.06
5610.0,2480.0,522.88
5620.0,2480.0,523.64
5630.0,2480.0,524.36
5640.0,2480.0,525.02
5650.0,2480.0,525.63
5660.0,2480.0,526.18
5670.0,2480.0,526.69
5680.0,2480.0,527.14
5690.0,2480.0,527.55
5700.0,2480.0,527.92
5710.0,2480.0,528.24
5720.0,2480.0,528.52
5730.0,2480.0,528.76
5740.0,2480.0,528.97
5750.0,2480.0,529.15
4950.0,2490.0,522.34
4960.0,2490.0,522.24
4970.0,2490.0,522.14
4980.0,2490.0,522.06
4990.0,2490.0,521.99
5000.0,2490.0,521.93
5010.0,2490.0,521.88
5020.0,2490.0,521.84
5030.0,2490.0,521.8
5040.0,2490.0,521.76
5050.0,2490.0,521.72
5060.0,2490.0,521.66
5070.0,2490.0,521.6
5080.0,2490.0,521.52
5090.0,2490.0,521.42
5100.0,2490.0,521.29
5110.0,2490.0,521.12
5120.0,2490.0,520.92
5130.0,2490.0,520.67
5140.0,2490.0,520.38
5150.0,2490.0,520.03
5160.0,2490.0,519.63
5170.0,2490.0,519.16
5180.0,2490.0,518.64
5190.0,2490.0,518.05
5200.0,2490.0,517.41
5210.0,2490.0,516.71
5220.0,2490.0,515.95
5230.0,2490.0,515.15
5240.0,2490.0,514.31
5250.0,2490.0,513.44
5260.0,2490.0,512.55
5270.0,2490.0,511.65
5280.0,2490.0,510.75
5290.0,2490.0,509.87
5300.0,2490.0,509.03
5310.0,2490.0,508.23
5320.0,2490.0,507.5
5330.0,2490.0,506.83
5340.0,2490.0,506.26
5350.0,2490.0,505.79
5360.0,2490.0,505.42
5370.0,2490.0,505.18
5380.0,2490.0,505.05
5390.0,2490.0,505.06
5400.0,2490.0,505.19
5410.0,2490.0,505.44
5420.0,2490.0,505.82
5430.0,2490.0,506.31
5440.0,2490.0,506.92
5450.0,2490.0,507.62
5460.0,2490.0,508.42
5470.0,2490.0,509.29
5480.0,2490.0,510.22
5490.0,2490.0,511.21
5500.0,2490.0,512.23
5510.0,2490.0,513.29
5520.0,2490.0,514.36
5530.0,2490.0,515.43
5540.0,2490.0,516.49
5550.0,2490.0,517.54
5560.0,2490.0,518.57
5570.0,2490.0,519.56
5580.0,2490.0,520.52
5590.0,2490.0,521.44
5600.0,2490.0,522.31
5610.0,2490.0,523.13
5620.0,2490.0,523.9
5630.0,2490.0,524.62
5640.0,2490.0,525.28
5650.0,2490.0,525.89
5660.0,2490.0,526.45
5670.0,2490.0,526.96
5680.0,2490.0,527.42
5690.0,2490.0,527.83
5700.0,2490.0,528.19
5710.0,2490.0,528.51
5720.0,2490.0,528.78
5730.0,2490.0,529.02
5740.0,2490.0,529.22
5750.0,2490.0,529.38
4950.0,2500.0,522.39
4960.0,2500.0,522.29
4970.0,2500.0,522.21
4980.0,2500.0,522.13
4990.0,2500.0,522.07
5000.0,2500.0,522.02
5010.0,2500.0,521.97
5020.0,2500.0,521.94
5030.0,2500.0,521.9
5040.0,2500.0,521.87
5050.0,2500.0,521.84
5060.0,2500.0,521.8
5070.0,2500.0,521.74
5080.0,2500.0,521.67
5090.0,2500.0,521.58
5100.0,2500.0,521.46
5110.0,2500.0,521.3
5120.0,2500.0,521.11
5130.0,2500.0,520.87
5140.0,2500.0,520.58
5150.0,2500.0,520.24
5160.0,2500.0,519.84
5170.0,2500.0,519.39
5180.0,2500.0,518.87
5190.0,2500.0,518.29
5200.0,2500.0,517.65
5210.0,2500.0,516.96
5220.0,2500.0,516.21
5230.0,2500.0,515.41
5240.0,2500.0,514.58
5250.0,2500.0,513.71
5260.0,2500.0,512.82
5270.0,2500.0,511.92
5280.0,2500.0,511.03
5290.0,2500.0,510.15
5300.0,2500.0,509.31
5310.0,2500.0,508.51
5320.0,2500.0,507.77
5330.0,2500.0,507.11
5340.0,2500.0,506.54
5350.0,2500.0,506.06
5360.0,2500.0,505.7
5370.0,2500.0,505.45
5380.0,2500.0,505.32
5390.0,2500.0,505.32
5400.0,2500.0,505.45
5410.0,2500.0,505.71
5420.0,2500.0,506.08
5430.0,2500.0,506.57
5440.0,2500.0,507.17
5450.0,2500.0,507.87
5460.0,2500.0,508.66
5470.0,2500.0,509.53
5480.0,2500.0,510.46
5490.0,2500.0,511.45
5500.0,2500.0,512.47
5510.0,2500.0,513.52
5520.0,2500.0,514.59
5530.0,2500.0,515.66
5540.0,2500.0,516.72
5550.0,2500.0,517.77
5560.0,2500.0,518.8
5570.0,2500.0,519.79
5580.0,2500.0,520.75
5590.0,2500.0,521.67
5600.0,2500.0,522.54
5610.0,2500.0,523.36
5620.0,2500.0,524.13
5630.0,2500.0,524.85
5640.0,2500.0,525.52
5650.0,2500.0,526.14
5660.0,2500.0,526.7
5670.0,2500.0,527.21
5680.0,2500.0,527.67
5690.0,2500.0,528.07
5700.0,2500.0,528.43
5710.0,2500.0,528.75
5720.0,2500.0,529.02
5730.0,2500.0,529.25
5740.0,2500.0,529.44
5750.0,2500.0,529.6
